{
  "Full (all components)": {
    "feature_dim": 317,
    "mae": 0.307918030210439,
    "rmse": 0.3829618675747565,
    "r2": 0.8530531313338784,
    "train_time": 1.7488255500793457,
    "n_train": 240,
    "n_test": 60
  },
  "- Mamba summary": {
    "feature_dim": 221,
    "mae": 0.34306020731861314,
    "rmse": 0.4255568429505285,
    "r2": 0.8185468850726497,
    "train_time": 0.37540125846862793,
    "n_train": 240,
    "n_test": 60
  },
  "- Mamba local pool": {
    "feature_dim": 293,
    "mae": 0.3107436084795653,
    "rmse": 0.3958590862091878,
    "r2": 0.8429888455417105,
    "train_time": 0.44098901748657227,
    "n_train": 240,
    "n_test": 60
  },
  "- Mamba meso pool": {
    "feature_dim": 293,
    "mae": 0.3076495845304393,
    "rmse": 0.3829412680657174,
    "r2": 0.8530689394453047,
    "train_time": 0.44063591957092285,
    "n_train": 240,
    "n_test": 60
  },
  "- Mamba global pool": {
    "feature_dim": 293,
    "mae": 0.307918030210439,
    "rmse": 0.3829618675747565,
    "r2": 0.8530531313338784,
    "train_time": 0.44722819328308105,
    "n_train": 240,
    "n_test": 60
  },
  "- k-mer (2)": {
    "feature_dim": 253,
    "mae": 0.3046326147274028,
    "rmse": 0.37644629266460805,
    "r2": 0.8580107974278532,
    "train_time": 0.43114709854125977,
    "n_train": 240,
    "n_test": 60
  },
  "- k-mer (3)": {
    "feature_dim": 253,
    "mae": 0.3067606578281748,
    "rmse": 0.38001900938898814,
    "r2": 0.8553028709636703,
    "train_time": 0.4397850036621094,
    "n_train": 240,
    "n_test": 60
  },
  "- Biochem stats": {
    "feature_dim": 301,
    "mae": 0.5108601818652609,
    "rmse": 0.676324476131455,
    "r2": 0.5416898443757696,
    "train_time": 0.44699692726135254,
    "n_train": 240,
    "n_test": 60
  },
  "- Environment": {
    "feature_dim": 312,
    "mae": 0.5572558750258229,
    "rmse": 0.6953940802142383,
    "r2": 0.5154805118187258,
    "train_time": 0.45360827445983887,
    "n_train": 240,
    "n_test": 60
  },
  "Only Mamba+env (no kmer/bio)": {
    "feature_dim": 173,
    "mae": 0.5461985528762263,
    "rmse": 0.692502459472222,
    "r2": 0.5195016379467874,
    "train_time": 0.13287019729614258,
    "n_train": 240,
    "n_test": 60
  },
  "Only kmer+bio+env (no Mamba)": {
    "feature_dim": 149,
    "mae": 0.33327315760436144,
    "rmse": 0.43403729094649496,
    "r2": 0.8112428725416277,
    "train_time": 0.11491250991821289,
    "n_train": 240,
    "n_test": 60
  },
  "Only env (baseline)": {
    "feature_dim": 5,
    "mae": 0.7992072651924591,
    "rmse": 1.0070029071469129,
    "r2": -0.016039798976828168,
    "train_time": 0.09552574157714844,
    "n_train": 240,
    "n_test": 60
  }
}