{
  "Full (all components)": {
    "feature_dim": 2083,
    "mae": 0.20116802845335952,
    "rmse": 0.25139702340748526,
    "r2": 0.6681585652197453,
    "train_time": 2.601060152053833,
    "n_train": 164,
    "n_test": 36
  },
  "- Morgan FP": {
    "feature_dim": 35,
    "mae": 0.07583883005049809,
    "rmse": 0.08701631273121652,
    "r2": 0.960243174216846,
    "train_time": 0.04315829277038574,
    "n_train": 164,
    "n_test": 36
  },
  "- Descriptors": {
    "feature_dim": 2075,
    "mae": 0.6481991354157163,
    "rmse": 0.7629757921510746,
    "r2": -2.056552555159365,
    "train_time": 1.134484052658081,
    "n_train": 164,
    "n_test": 36
  },
  "- Context (dose/freq/time)": {
    "feature_dim": 2083,
    "mae": 0.20116802845335952,
    "rmse": 0.25139702340748526,
    "r2": 0.6681585652197453,
    "train_time": 1.1472101211547852,
    "n_train": 164,
    "n_test": 36
  },
  "- Epitope features": {
    "feature_dim": 2059,
    "mae": 0.20116802845335952,
    "rmse": 0.25139702340748526,
    "r2": 0.6681585652197453,
    "train_time": 1.1240718364715576,
    "n_train": 164,
    "n_test": 36
  },
  "Only FP + context": {
    "feature_dim": 2051,
    "mae": 0.6481991354157163,
    "rmse": 0.7629757921510746,
    "r2": -2.056552555159365,
    "train_time": 1.142406940460205,
    "n_train": 164,
    "n_test": 36
  },
  "Only context (baseline)": {
    "feature_dim": 3,
    "mae": 0.4627146607920335,
    "rmse": 0.5742008994275348,
    "r2": -0.7311635001512014,
    "train_time": 0.04150700569152832,
    "n_train": 164,
    "n_test": 36
  }
}