{
  "LogisticRegression": {
    "auc": 0.6852384650897358,
    "accuracy": 0.6607030209574543,
    "f1": 0.4900850604376794,
    "mcc": 0.2633530234462895,
    "precision": 0.6153286602301283,
    "recall": 0.40720318585619886,
    "train_time": 103.62175941467285
  },
  "HGB": {
    "auc": 0.7359356735084971,
    "accuracy": 0.6924370925912946,
    "f1": 0.5782796732340221,
    "mcc": 0.3439585020206826,
    "precision": 0.641163620864191,
    "recall": 0.5266290315522296,
    "train_time": 48.094661712646484
  },
  "RF": {
    "auc": 0.7279332452161238,
    "accuracy": 0.6451952057194925,
    "f1": 0.29044014578076816,
    "mcc": 0.22301534663362757,
    "precision": 0.7289357959542656,
    "recall": 0.1813487374731959,
    "train_time": 119.55844593048096
  },
  "MLP": {
    "auc": 0.6675757166296585,
    "accuracy": 0.6450374991238522,
    "f1": 0.4937395346512383,
    "mcc": 0.23442891245865702,
    "precision": 0.5755739424309521,
    "recall": 0.4322786748938777,
    "train_time": 118.55235505104065
  },
  "MOE": {
    "auc": 0.7257562744222539,
    "accuracy": 0.5997757061750894,
    "f1": 0.0009622955122036567,
    "mcc": 0.01699065946925916,
    "train_time": 106.69424366950989,
    "weights": {
      "ridge": 0.48568071254061146,
      "hgb_reg": 0.5143192874593885
    }
  }
}