{
  "Ridge": {
    "MAE": 0.8471077799797058,
    "MAE_std": 0.008764879669571183,
    "RMSE": 1.0147776474487484,
    "R2": 0.27543439865112307,
    "R2_std": 0.014907049953865175,
    "time": 0.12833142280578613
  },
  "HGB": {
    "MAE": 0.66331711344587,
    "MAE_std": 0.010867855274020061,
    "RMSE": 0.8739786578412858,
    "R2": 0.46230541018182825,
    "R2_std": 0.023440424055447835,
    "time": 14.624248266220093
  },
  "RF": {
    "MAE": 0.584812807218479,
    "MAE_std": 0.013741398135029111,
    "RMSE": 0.8354836264323533,
    "R2": 0.5083725581963463,
    "R2_std": 0.028620293375732204,
    "time": 85.23558974266052
  },
  "GBR": {
    "MAE": 0.740939443165993,
    "MAE_std": 0.008452924455571754,
    "RMSE": 0.9302464926215814,
    "R2": 0.3909063643595749,
    "R2_std": 0.022966632315313037,
    "time": 186.31316447257996
  },
  "MLP": {
    "MAE": 0.7392852663993835,
    "MAE_std": 0.016406803884054147,
    "RMSE": 0.9934763112706305,
    "R2": 0.3054201602935791,
    "R2_std": 0.019369852499697734,
    "time": 23.589653253555298
  },
  "MOE": {
    "MAE": 0.6946544856786104,
    "MAE_std": 0.01044093080345309,
    "R2": 0.4447403283823109,
    "R2_std": 0.01727630012635181,
    "time": 309.9197356700897
  }
}