{
  "ridge": {
    "mae": {
      "mean": 0.036539945751428604,
      "std": 0.0032799190955807305
    },
    "rmse": {
      "mean": 0.04580397098743423,
      "std": 0.004551998948196908
    },
    "r2": {
      "mean": 0.984105388323466,
      "std": 0.005195999915238201
    },
    "train_time": {
      "mean": 0.00241548220316569,
      "std": 0.0030640913484679287
    },
    "n_features": 154
  },
  "rf": {
    "mae": {
      "mean": 0.04210475151716063,
      "std": 0.004914751306952091
    },
    "rmse": {
      "mean": 0.05308285566116582,
      "std": 0.005996853593223028
    },
    "r2": {
      "mean": 0.9787211706584924,
      "std": 0.006712203203736344
    },
    "train_time": {
      "mean": 0.2983863353729248,
      "std": 0.019134881121035622
    },
    "n_features": 154
  },
  "hgb": {
    "mae": {
      "mean": 0.04730878890919637,
      "std": 0.007837094608664049
    },
    "rmse": {
      "mean": 0.06606961840845517,
      "std": 0.019292934669425534
    },
    "r2": {
      "mean": 0.9664861082457824,
      "std": 0.018996326905425645
    },
    "train_time": {
      "mean": 0.21673556963602703,
      "std": 0.4081900840177048
    },
    "n_features": 154
  },
  "gbr": {
    "mae": {
      "mean": 0.046201557192668524,
      "std": 0.005838953507170203
    },
    "rmse": {
      "mean": 0.05865554088413324,
      "std": 0.006640355716199348
    },
    "r2": {
      "mean": 0.9739921279022563,
      "std": 0.008278632383565044
    },
    "train_time": {
      "mean": 0.15218218167622885,
      "std": 0.01966752360701339
    },
    "n_features": 154
  },
  "mlp": {
    "mae": {
      "mean": 0.08238443881273269,
      "std": 0.0407728508872531
    },
    "rmse": {
      "mean": 0.10508712619780868,
      "std": 0.05070925328928505
    },
    "r2": {
      "mean": 0.8999149401982626,
      "std": 0.08750396298708706
    },
    "train_time": {
      "mean": 0.10665329297383626,
      "std": 0.03361037116992552
    },
    "n_features": 154
  },
  "moe": {
    "mae": {
      "mean": 0.03893032098809878,
      "std": 0.003759889557822873
    },
    "rmse": {
      "mean": 0.04881151539863483,
      "std": 0.005071237831471612
    },
    "r2": {
      "mean": 0.9820947527885437,
      "std": 0.005260038923184512
    },
    "train_time": {
      "mean": 2.0111779530843097,
      "std": 0.047548016758007954
    },
    "n_features": 154
  },
  "_moe_vs_baselines": {
    "ridge": {
      "baseline": "ridge",
      "moe_mae": 0.03893032098809878,
      "baseline_mae": 0.036539945751428604,
      "mae_improvement_pct": -6.541813862919378,
      "moe_r2": 0.9820947527885437,
      "baseline_r2": 0.984105388323466
    },
    "rf": {
      "baseline": "rf",
      "moe_mae": 0.03893032098809878,
      "baseline_mae": 0.04210475151716063,
      "mae_improvement_pct": 7.539364120859486,
      "moe_r2": 0.9820947527885437,
      "baseline_r2": 0.9787211706584924
    },
    "hgb": {
      "baseline": "hgb",
      "moe_mae": 0.03893032098809878,
      "baseline_mae": 0.04730878890919637,
      "mae_improvement_pct": 17.710172072210657,
      "moe_r2": 0.9820947527885437,
      "baseline_r2": 0.9664861082457824
    },
    "gbr": {
      "baseline": "gbr",
      "moe_mae": 0.03893032098809878,
      "baseline_mae": 0.046201557192668524,
      "mae_improvement_pct": 15.73807604416324,
      "moe_r2": 0.9820947527885437,
      "baseline_r2": 0.9739921279022563
    },
    "mlp": {
      "baseline": "mlp",
      "moe_mae": 0.03893032098809878,
      "baseline_mae": 0.08238443881273269,
      "mae_improvement_pct": 52.74554084589818,
      "moe_r2": 0.9820947527885437,
      "baseline_r2": 0.8999149401982626
    }
  }
}