{
  "ridge": {
    "mae": {
      "mean": 0.6392503062884013,
      "std": 0.054242637345352035
    },
    "rmse": {
      "mean": 0.7924854353466965,
      "std": 0.07140063538287635
    },
    "r2": {
      "mean": 0.5329576849937439,
      "std": 0.11731403344987727
    },
    "train_time": {
      "mean": 0.002596743901570638,
      "std": 0.0024986858501464333
    },
    "n_features": 317
  },
  "rf": {
    "mae": {
      "mean": 0.4980744674913738,
      "std": 0.06792500119590063
    },
    "rmse": {
      "mean": 0.6363808506583158,
      "std": 0.09278205092255179
    },
    "r2": {
      "mean": 0.7037878565305281,
      "std": 0.06655409159309654
    },
    "train_time": {
      "mean": 3.0081585884094237,
      "std": 0.021980365300653476
    },
    "n_features": 317
  },
  "hgb": {
    "mae": {
      "mean": 0.4088461103462583,
      "std": 0.050846109731705905
    },
    "rmse": {
      "mean": 0.5325807755771756,
      "std": 0.07390834110034508
    },
    "r2": {
      "mean": 0.7941034571170794,
      "std": 0.0378052293460985
    },
    "train_time": {
      "mean": 0.39086831410725914,
      "std": 0.00735622196702036
    },
    "n_features": 317
  },
  "gbr": {
    "mae": {
      "mean": 0.5270812902449605,
      "std": 0.06058836700484396
    },
    "rmse": {
      "mean": 0.6766674635176251,
      "std": 0.08488994067107317
    },
    "r2": {
      "mean": 0.6642095016961462,
      "std": 0.07032583908412143
    },
    "train_time": {
      "mean": 2.6530202865600585,
      "std": 0.1128223123415629
    },
    "n_features": 317
  },
  "mlp": {
    "mae": {
      "mean": 0.7709833065668742,
      "std": 0.06687505073467043
    },
    "rmse": {
      "mean": 0.9472858315729992,
      "std": 0.0668484767869866
    },
    "r2": {
      "mean": 0.33811838229497276,
      "std": 0.12307977102039376
    },
    "train_time": {
      "mean": 0.09289517402648925,
      "std": 0.026319944267241623
    },
    "n_features": 317
  },
  "moe": {
    "mae": {
      "mean": 0.38869473536809285,
      "std": 0.04523422688234776
    },
    "rmse": {
      "mean": 0.500203327993943,
      "std": 0.063117707803169
    },
    "r2": {
      "mean": 0.8186794559160868,
      "std": 0.02722062902803225
    },
    "train_time": {
      "mean": 15.7702658812205,
      "std": 1.0436145502278704
    },
    "n_features": 317
  },
  "_moe_vs_baselines": {
    "ridge": {
      "baseline": "ridge",
      "moe_mae": 0.38869473536809285,
      "baseline_mae": 0.6392503062884013,
      "mae_improvement_pct": 39.19522109814507,
      "moe_r2": 0.8186794559160868,
      "baseline_r2": 0.5329576849937439
    },
    "rf": {
      "baseline": "rf",
      "moe_mae": 0.38869473536809285,
      "baseline_mae": 0.4980744674913738,
      "mae_improvement_pct": 21.96051780654171,
      "moe_r2": 0.8186794559160868,
      "baseline_r2": 0.7037878565305281
    },
    "hgb": {
      "baseline": "hgb",
      "moe_mae": 0.38869473536809285,
      "baseline_mae": 0.4088461103462583,
      "mae_improvement_pct": 4.9288410646976475,
      "moe_r2": 0.8186794559160868,
      "baseline_r2": 0.7941034571170794
    },
    "gbr": {
      "baseline": "gbr",
      "moe_mae": 0.38869473536809285,
      "baseline_mae": 0.5270812902449605,
      "mae_improvement_pct": 26.255258427509855,
      "moe_r2": 0.8186794559160868,
      "baseline_r2": 0.6642095016961462
    },
    "mlp": {
      "baseline": "mlp",
      "moe_mae": 0.38869473536809285,
      "baseline_mae": 0.7709833065668742,
      "mae_improvement_pct": 49.58454585755964,
      "moe_r2": 0.8186794559160868,
      "baseline_r2": 0.33811838229497276
    }
  }
}