{
  "train_size": 55913,
  "test_size": 13979,
  "internal": {
    "baseline": 0.7844574081090383,
    "mhc": 0.8305449196549959
  },
  "external_heldout": {
    "baseline": 0.8796562521329603,
    "mhc": 0.8987590437512798
  }
}