{
  "moe": {
    "mae": {
      "mean": 0.38161569833755493,
      "std": 0.04508355067218148
    },
    "rmse": {
      "mean": 0.4926907539367676,
      "std": 0.06438857752936235
    },
    "r2": {
      "mean": 0.82020583152771,
      "std": 0.023717925365574388
    },
    "pearson_r": {
      "mean": 0.9216037869453431,
      "std": 0.017579933022073127
    },
    "type": "classical_ml",
    "n_features": 317
  },
  "mlp_128_64": {
    "mae": {
      "mean": 0.7316648840904236,
      "std": 0.07861024358589991
    },
    "rmse": {
      "mean": 0.908661711215973,
      "std": 0.06910177011367792
    },
    "r2": {
      "mean": 0.37294715642929077,
      "std": 0.1287896431950461
    },
    "pearson_r": {
      "mean": 0.6538518905639649,
      "std": 0.08060020011089408
    },
    "train_time": {
      "mean": 0.13240184783935546,
      "std": 0.028305283854861835
    },
    "type": "deep_learning",
    "n_features": 317
  },
  "mlp_256_128_64": {
    "mae": {
      "mean": 0.6709739565849304,
      "std": 0.06318381732839454
    },
    "rmse": {
      "mean": 0.8497772693634034,
      "std": 0.07297456945444136
    },
    "r2": {
      "mean": 0.4573821544647217,
      "std": 0.08817895860654718
    },
    "pearson_r": {
      "mean": 0.7032632231712341,
      "std": 0.053633716295699324
    },
    "train_time": {
      "mean": 0.16245927810668945,
      "std": 0.025675976320583896
    },
    "type": "deep_learning",
    "n_features": 317
  },
  "mlp_deep_512_256": {
    "mae": {
      "mean": 0.6921919345855713,
      "std": 0.07334721427906374
    },
    "rmse": {
      "mean": 0.8628728985786438,
      "std": 0.06897609712604932
    },
    "r2": {
      "mean": 0.44211649894714355,
      "std": 0.08349335143341473
    },
    "pearson_r": {
      "mean": 0.7000572800636291,
      "std": 0.060401094145008424
    },
    "train_time": {
      "mean": 0.4472777843475342,
      "std": 0.05674632136631245
    },
    "type": "deep_learning",
    "n_features": 317
  },
  "_comparisons": {
    "mlp_128_64": {
      "moe_mae": 0.38161569833755493,
      "dl_mae": 0.7316648840904236,
      "moe_r2": 0.82020583152771,
      "dl_r2": 0.37294715642929077,
      "mae_improvement_pct": 47.84282987532411,
      "dl_type": "deep_learning"
    },
    "mlp_256_128_64": {
      "moe_mae": 0.38161569833755493,
      "dl_mae": 0.6709739565849304,
      "moe_r2": 0.82020583152771,
      "dl_r2": 0.4573821544647217,
      "mae_improvement_pct": 43.1251102084689,
      "dl_type": "deep_learning"
    },
    "mlp_deep_512_256": {
      "moe_mae": 0.38161569833755493,
      "dl_mae": 0.6921919345855713,
      "moe_r2": 0.82020583152771,
      "dl_r2": 0.44211649894714355,
      "mae_improvement_pct": 44.86851416926208,
      "dl_type": "deep_learning"
    }
  }
}