{
  "model": "ESM-2 35M",
  "results": {
    "A_baseline": {
      "auc": 0.5091185410334347,
      "accuracy": 0.8032786885245902,
      "f1": 0.8867924528301887,
      "mcc": 0.3373447091396331,
      "optimal_threshold": 0.2014911462292827,
      "train_time": 23.724273204803467,
      "feature_dim": 317,
      "ic50_corr": -0.17301462999593742
    },
    "B_esm2_32d": {
      "auc": 0.5258358662613981,
      "accuracy": 0.7377049180327869,
      "f1": 0.8333333333333334,
      "mcc": 0.22025154183953247,
      "optimal_threshold": 0.36882618519821553,
      "train_time": 145.3887164592743,
      "feature_dim": 349,
      "ic50_corr": -0.19766263874447879
    },
    "C_esm2_64d": {
      "auc": 0.5577507598784195,
      "accuracy": 0.45901639344262296,
      "f1": 0.49230769230769234,
      "mcc": 0.18216289731877494,
      "optimal_threshold": 0.5941792207535344,
      "train_time": 121.781409740448,
      "feature_dim": 381,
      "ic50_corr": -0.243037041846927
    },
    "D_esm2_128d": {
      "auc": 0.594224924012158,
      "accuracy": 0.5245901639344263,
      "f1": 0.5797101449275363,
      "mcc": 0.24754625100277594,
      "optimal_threshold": 0.5747838600194785,
      "train_time": 34.554333209991455,
      "feature_dim": 445,
      "ic50_corr": -0.18040007088572535
    }
  },
  "baseline_ref": {
    "auc": 0.92,
    "model": "NetMHCpan-4.1"
  }
}