{
  "gdsc": {
    "n_samples": 50,
    "n_unique_drugs": 10,
    "n_train_drugs": 7,
    "n_test_drugs": 3,
    "n_train_samples": 35,
    "n_test_samples": 15,
    "feature_dim": 2056,
    "models": {
      "ridge": {
        "mae": 0.8765079975128174,
        "rmse": 0.9843923449516296,
        "r2": -0.6153128147125244,
        "pearson_r": 0.8227102160453796,
        "p_value": 0.00016577106865126465,
        "sensitivity_accuracy": 0.9333333333333333,
        "train_time_s": 0.002264738082885742
      },
      "hgb": {
        "mae": 0.7361261707686244,
        "rmse": 0.7922249261936279,
        "r2": -0.04620594414575585,
        "pearson_r": NaN,
        "p_value": NaN,
        "sensitivity_accuracy": 0.9333333333333333,
        "train_time_s": 1.607466459274292
      },
      "rf": {
        "mae": 1.2667718090876752,
        "rmse": 1.529843285803419,
        "r2": -2.90134239706163,
        "pearson_r": 0.3384002691308774,
        "p_value": 0.21730659387761078,
        "sensitivity_accuracy": 0.9333333333333333,
        "train_time_s": 0.13620758056640625
      }
    },
    "best_model": "ridge",
    "best_pearson_r": 0.8227102160453796,
    "note": "Validates Confluencia's RDKit feature pipeline for drug sensitivity prediction. Train/test split by drug tests generalization to unseen molecules."
  },
  "tccia": {
    "n_samples": 75,
    "responders": 39,
    "non_responders": 36,
    "ifn_response_correlation": 0.8883215708320454,
    "ifn_response_p_value": 2.219925843338103e-26,
    "tcell_response_correlation": 0.8744954841573896,
    "tcell_response_p_value": 1.2207218632747793e-24,
    "ifn_signature_auc": 0.995014245014245,
    "validation_type": "biological_premise",
    "note": "This validates the biological premise that IFN-related features predict immunotherapy response. It does NOT validate Confluencia's model predictions (TCCIA data lacks epitope_seq or SMILES required for Confluencia inputs). The r=0.888 correlation confirms that including ifn_score as a Confluencia input feature is biologically grounded."
  }
}