{
  "Mamba3Lite+Attn(d=64)": {
    "mae": 0.4394938933860205,
    "mae_std": 0.05815392885786309,
    "r2": 0.7551474514348024,
    "r2_std": 0.06647742638107956,
    "pearson_r": 0.8841388203773274,
    "n_mamba_feats": 448,
    "total_features": 597,
    "elapsed_s": 4.83
  },
  "Mamba3Lite+Attn(d=32)": {
    "mae": 0.4249902604757171,
    "mae_std": 0.046212138954107855,
    "r2": 0.7756402905400643,
    "r2_std": 0.05662780673668951,
    "pearson_r": 0.9022272036336165,
    "n_mamba_feats": 224,
    "total_features": 373,
    "elapsed_s": 2.65
  },
  "Mamba3Lite(d=24)": {
    "mae": 0.4153165560506361,
    "mae_std": 0.03216037081206081,
    "r2": 0.7804146452926307,
    "r2_std": 0.02643195362138261,
    "pearson_r": 0.900164773874345,
    "n_mamba_feats": 168,
    "total_features": 317,
    "elapsed_s": 2.41
  },
  "Ridge-baseline": {
    "mae": 0.6412700891494751,
    "mae_std": 0.048562719936192086,
    "r2": 0.5392305254936218,
    "r2_std": 0.07918070256710052,
    "pearson_r": 0.8066700100898743,
    "total_features": 317
  }
}