{
  "Mamba3Lite+Attn (d=64) + Ridge": {
    "mae": 0.6412700891494751,
    "mae_std": 0.048562719936192086,
    "r2": 0.5392305254936218,
    "r2_std": 0.07918070256710052,
    "pearson_r": 0.8066700100898743,
    "n_features": 317,
    "config": {
      "d_model": 64,
      "seed": 42
    }
  },
  "Mamba3Lite+Attn (d=64) + HGB": {
    "mae": 0.4153165560506361,
    "mae_std": 0.03216037081206081,
    "r2": 0.7804146452926307,
    "r2_std": 0.02643195362138261,
    "pearson_r": 0.900164773874345,
    "n_features": 317,
    "config": {
      "d_model": 64,
      "seed": 42
    }
  },
  "Mamba3Lite+Attn (d=32) + Ridge": {
    "mae": 0.6412700891494751,
    "mae_std": 0.048562719936192086,
    "r2": 0.5392305254936218,
    "r2_std": 0.07918070256710052,
    "pearson_r": 0.8066700100898743,
    "n_features": 317,
    "config": {
      "d_model": 32,
      "seed": 42
    }
  },
  "Mamba3Lite+Attn (d=32) + HGB": {
    "mae": 0.4153165560506361,
    "mae_std": 0.03216037081206081,
    "r2": 0.7804146452926307,
    "r2_std": 0.02643195362138261,
    "pearson_r": 0.900164773874345,
    "n_features": 317,
    "config": {
      "d_model": 32,
      "seed": 42
    }
  },
  "Mamba3Lite+Attn (d=48) + Ridge": {
    "mae": 0.6412700891494751,
    "mae_std": 0.048562719936192086,
    "r2": 0.5392305254936218,
    "r2_std": 0.07918070256710052,
    "pearson_r": 0.8066700100898743,
    "n_features": 317,
    "config": {
      "d_model": 48,
      "seed": 42
    }
  },
  "Mamba3Lite+Attn (d=48) + HGB": {
    "mae": 0.4153165560506361,
    "mae_std": 0.03216037081206081,
    "r2": 0.7804146452926307,
    "r2_std": 0.02643195362138261,
    "pearson_r": 0.900164773874345,
    "n_features": 317,
    "config": {
      "d_model": 48,
      "seed": 42
    }
  },
  "Mamba3Lite-NoAttn (d=24) + Ridge": {
    "mae": 0.6412700891494751,
    "mae_std": 0.048562719936192086,
    "r2": 0.5392305254936218,
    "r2_std": 0.07918070256710052,
    "pearson_r": 0.8066700100898743,
    "n_features": 317,
    "config": {
      "d_model": 24,
      "seed": 42
    }
  },
  "Mamba3Lite-NoAttn (d=24) + HGB": {
    "mae": 0.4153165560506361,
    "mae_std": 0.03216037081206081,
    "r2": 0.7804146452926307,
    "r2_std": 0.02643195362138261,
    "pearson_r": 0.900164773874345,
    "n_features": 317,
    "config": {
      "d_model": 24,
      "seed": 42
    }
  }
}