{
  "SSM+Attn(d=16)": {
    "mae": 0.3954010968968663,
    "mae_std": 0.03397932864987982,
    "r2": 0.8021089747371619,
    "r2_std": 0.03849821772715209,
    "pearson_r": 0.9103720355633567,
    "features": 261,
    "mamba_dims": 64
  },
  "SSM-only(d=16)": {
    "mae": 0.3970998606593538,
    "mae_std": 0.034983122174052375,
    "r2": 0.7997038922801802,
    "r2_std": 0.04502454083662192,
    "pearson_r": 0.9085995335048626,
    "features": 261,
    "mamba_dims": 64
  },
  "SSM+Attn(d=24)": {
    "mae": 0.4153165560506361,
    "mae_std": 0.03216037081206081,
    "r2": 0.7804146452926307,
    "r2_std": 0.02643195362138261,
    "pearson_r": 0.900164773874345,
    "features": 317,
    "mamba_dims": 96
  },
  "SSM-only(d=24)": {
    "mae": 0.4090314541132833,
    "mae_std": 0.03015036565292544,
    "r2": 0.7844858119731036,
    "r2_std": 0.032537200128576985,
    "pearson_r": 0.9028884873568229,
    "features": 317,
    "mamba_dims": 96
  },
  "SSM+Attn(d=32)": {
    "mae": 0.4249902604757171,
    "mae_std": 0.046212138954107855,
    "r2": 0.7756402905400643,
    "r2_std": 0.05662780673668951,
    "pearson_r": 0.9022272036336165,
    "features": 373,
    "mamba_dims": 128
  },
  "SSM-only(d=32)": {
    "mae": 0.4277593143125212,
    "mae_std": 0.045463039412088325,
    "r2": 0.7687403169515266,
    "r2_std": 0.06324900936819103,
    "pearson_r": 0.8983221644607277,
    "features": 373,
    "mamba_dims": 128
  },
  "SSM+Attn(d=48)": {
    "mae": 0.40964277727825643,
    "mae_std": 0.017791164890206036,
    "r2": 0.7906310934100247,
    "r2_std": 0.04193489486974967,
    "pearson_r": 0.9082650154632173,
    "features": 485,
    "mamba_dims": 192
  },
  "SSM-only(d=48)": {
    "mae": 0.4211085189816474,
    "mae_std": 0.026863465545326808,
    "r2": 0.7840901486722951,
    "r2_std": 0.041672426198923654,
    "pearson_r": 0.9066417302938226,
    "features": 485,
    "mamba_dims": 192
  },
  "SSM+Attn(d=64)": {
    "mae": 0.4394938933860205,
    "mae_std": 0.05815392885786309,
    "r2": 0.7551474514348024,
    "r2_std": 0.06647742638107956,
    "pearson_r": 0.8841388203773274,
    "features": 597,
    "mamba_dims": 256
  },
  "SSM-only(d=64)": {
    "mae": 0.4255425723103613,
    "mae_std": 0.04870551283205233,
    "r2": 0.770809978603007,
    "r2_std": 0.04125026789695714,
    "pearson_r": 0.8932410181650635,
    "features": 597,
    "mamba_dims": 256
  }
}