{
  "results": {
    "baseline": {
      "auc": 0.738380470065209,
      "n_features": 317,
      "time": 70.96953058242798
    },
    "mhc_real": {
      "auc": 0.7780797674369287,
      "n_features": 1335,
      "time": 260.2472107410431
    }
  }
}