{
  "results": {
    "baseline": {
      "auc": 0.7392057674841962,
      "accuracy": 0.6948377374360413,
      "f1": 0.5601050796938544,
      "mcc": 0.3444331218966132,
      "n_features": 317,
      "feat_time": 149.7102506160736,
      "train_time": 71.88225245475769
    },
    "mhc": {
      "auc": 0.7506774123512786,
      "accuracy": 0.7034765542861148,
      "f1": 0.5878111755249184,
      "mcc": 0.3665577945281866,
      "n_features": 1335,
      "feat_time": 199.36326599121094,
      "train_time": 267.8148431777954
    }
  },
  "delta_mhc": 0.011471644867082409
}