{
  "config": {
    "data": "iedb_heldout_mhc.csv",
    "n_train": 1732,
    "n_test": 434
  },
  "results": {
    "baseline_hgb": {
      "auc": 0.7598460721868366,
      "acc": 0.7788018433179723,
      "f1": 0.4838709677419355,
      "mcc": 0.3837787248890962,
      "n_features": 317,
      "time": 85.9210798740387
    },
    "mhc_hgb": {
      "auc": 0.8711783439490446,
      "acc": 0.8433179723502304,
      "f1": 0.6909090909090909,
      "mcc": 0.5915066031186677,
      "n_features": 1335,
      "time": 133.2224748134613
    },
    "mhc_esm2_8m_hgb": {
      "auc": 0.8641188959660298,
      "acc": 0.8248847926267281,
      "f1": 0.638095238095238,
      "mcc": 0.5351465746158418,
      "n_features": 1655,
      "time": 155.42200088500977
    }
  },
  "netmhcpan_reference": {
    "auc_range": [
      0.92,
      0.96
    ]
  }
}