{
  "confluencia_metrics": {
    "auc": 0.7283967176245183,
    "accuracy": 0.6816976127320955,
    "f1": 0.6081632653061224,
    "mcc": 0.34829473770090513,
    "optimal_threshold": 0.3999895751476288,
    "pearson_r_ic50": -0.3863199984668497,
    "p_value_ic50": 6.1357237833572784e-214,
    "n_samples": 6032,
    "n_binders": 2222,
    "n_nonbinders": 3810,
    "binder_threshold_nm": 500.0,
    "mean_pred_strong_binders": 1.6852220296859741,
    "mean_pred_weak_binders": 2.3280444145202637,
    "mean_pred_non_binders": 1.3462064266204834,
    "n_strong_binders": 2218,
    "n_weak_binders": 5
  },
  "netmhcpan_reference": {
    "auc_range": [
      0.92,
      0.96
    ],
    "training_size": 180000,
    "specialization": "MHC-I binding affinity only",
    "source": "Jurtz et al. (2017) J Immunol 199:3445-3457"
  },
  "comparison": {
    "auc_gap": 0.19160328237548174,
    "confluencia_training_size": 136270,
    "confluencia_test_size": 3000,
    "training_ratio": 0.03351111111111111
  },
  "analysis": {
    "strong_binder_separation": 0.3390156030654907,
    "interpretation": "On 6,032 held-out peptides, Confluencia achieves AUC=0.728 for binder classification. This is 0.192 below NetMHCpan-4.1's typical performance, expected given the 180x smaller training set. Confluencia provides multi-task prediction (efficacy, PK, immunogenicity) beyond binding alone."
  }
}