{
  "model": "RF",
  "metrics": {
    "auc": 0.7347023897846583,
    "auprc": 0.6380679775891493,
    "accuracy": 0.6554811803462536,
    "f1": 0.3353054531931438,
    "mcc": 0.25118087150343,
    "precision": 0.7370689655172413,
    "recall": 0.2170145726664041,
    "train_time": 138.54824709892273
  },
  "all_results": {
    "HGB": {
      "auc": 0.7335447596671218,
      "auprc": 0.6368857945349417,
      "accuracy": 0.6923494778159389,
      "f1": 0.5766847498493068,
      "mcc": 0.34335106256127323,
      "precision": 0.6421284364261168,
      "recall": 0.5233468994792351,
      "train_time": 44.56139302253723
    },
    "RF": {
      "auc": 0.7347023897846583,
      "auprc": 0.6380679775891493,
      "accuracy": 0.6554811803462536,
      "f1": 0.3353054531931438,
      "mcc": 0.25118087150343,
      "precision": 0.7370689655172413,
      "recall": 0.2170145726664041,
      "train_time": 138.54824709892273
    },
    "LR": {
      "auc": 0.6627792609800751,
      "auprc": 0.5565571037722412,
      "accuracy": 0.6480689703511601,
      "f1": 0.4551866319444444,
      "mcc": 0.23089970830657666,
      "precision": 0.5987297509455506,
      "recall": 0.36716117456566455,
      "train_time": 65.90457320213318
    },
    "MLP": {
      "auc": 0.646070520699742,
      "auprc": 0.5498673956244742,
      "accuracy": 0.6365739118244901,
      "f1": 0.4689948282042091,
      "mcc": 0.21170620448826422,
      "precision": 0.5651261800456593,
      "recall": 0.4008139687541027,
      "train_time": 2237.704612016678
    }
  },
  "data": {
    "total": 288135,
    "train": 231067,
    "test": 57068,
    "features": 317,
    "binder_rate": 0.4064838336932578
  },
  "timing": {
    "feature_extraction_train": 172.11678838729858,
    "feature_extraction_test": 73.38568902015686,
    "total": 2732.2213027477264
  }
}