{
  "targets": [
    "efficacy",
    "target_binding",
    "immune_activation",
    "immune_cell_activation",
    "inflammation_risk",
    "toxicity_risk"
  ],
  "best_models": {
    "efficacy": "MOE",
    "target_binding": "Ridge",
    "immune_activation": "HGB",
    "immune_cell_activation": "HGB",
    "inflammation_risk": "RF",
    "toxicity_risk": "RF"
  },
  "results": {
    "efficacy": {
      "MOE": {
        "mae": 0.034590385221800794,
        "rmse": 0.04332415732370175,
        "r2": 0.6029518143094195,
        "pearson_r": 0.7771794757418041,
        "train_time": 1599.4326887130737,
        "weights": {
          "ridge": 0.3325961028809677,
          "hgb": 0.3371554039583275,
          "rf": 0.33024849316070465
        },
        "oof_rmse": {
          "ridge": 0.0445611595878038,
          "hgb": 0.04395856582679089,
          "rf": 0.04487792775953204
        }
      },
      "HGB": {
        "mae": 0.03529853595827434,
        "rmse": 0.044244233116413005,
        "r2": 0.5859085044789916,
        "pearson_r": 0.766764179459966,
        "train_time": 29.292221546173096
      },
      "RF": {
        "mae": 0.036163267419346466,
        "rmse": 0.04543478158335516,
        "r2": 0.563323463881267,
        "pearson_r": 0.7509829884181723,
        "train_time": 266.7757365703583
      },
      "Ridge": {
        "mae": 0.03530404344201088,
        "rmse": 0.04422937613029387,
        "r2": 0.5861865282058716,
        "pearson_r": 0.7661559052579836,
        "train_time": 63.500168323516846
      }
    },
    "target_binding": {
      "MOE": {
        "mae": 0.034312428976764064,
        "rmse": 0.043958943975972734,
        "r2": 0.9507826494212147,
        "pearson_r": 0.9757057162972126,
        "train_time": 7626.918658733368,
        "weights": {
          "ridge": 0.40478735182665954,
          "hgb": 0.31306749290260993,
          "rf": 0.28214515527073064
        },
        "oof_rmse": {
          "ridge": 0.04108789736575833,
          "hgb": 0.053125481066744897,
          "rf": 0.05894788854641823
        }
      },
      "HGB": {
        "mae": 0.04659988244202454,
        "rmse": 0.05934738038814553,
        "r2": 0.9102928958358562,
        "pearson_r": 0.9552941214040889,
        "train_time": 79.46697854995728
      },
      "RF": {
        "mae": 0.04623818354332448,
        "rmse": 0.06337215834560321,
        "r2": 0.897712932660014,
        "pearson_r": 0.9476005964251863,
        "train_time": 532.2785496711731
      },
      "Ridge": {
        "mae": 0.028515534475445747,
        "rmse": 0.03726610384089646,
        "r2": 0.9646286368370056,
        "pearson_r": 0.9821794177880369,
        "train_time": 66.22682237625122
      }
    },
    "immune_activation": {
      "MOE": {
        "mae": 0.04637987917983527,
        "rmse": 0.05865975157330672,
        "r2": 0.7203770754287689,
        "pearson_r": 0.8565320514411342,
        "train_time": 4180.846577882767,
        "weights": {
          "ridge": 0.2971001071933188,
          "hgb": 0.363727652949525,
          "rf": 0.3391722398571562
        },
        "oof_rmse": {
          "ridge": 0.06685073068533412,
          "hgb": 0.05460502959152419,
          "rf": 0.05855832794844633
        }
      },
      "HGB": {
        "mae": 0.04517951697967012,
        "rmse": 0.056856053595662454,
        "r2": 0.7373086583863604,
        "pearson_r": 0.8634908255325989,
        "train_time": 39.33063554763794
      },
      "RF": {
        "mae": 0.058917774865699116,
        "rmse": 0.07904056190494572,
        "r2": 0.4923172900950519,
        "pearson_r": 0.7380562579492538,
        "train_time": 371.2998585700989
      },
      "Ridge": {
        "mae": 0.05327428877353668,
        "rmse": 0.07222769360355495,
        "r2": 0.5760644674301147,
        "pearson_r": 0.7684093906994799,
        "train_time": 61.53521466255188
      }
    },
    "immune_cell_activation": {
      "MOE": {
        "mae": 0.04844082300082473,
        "rmse": 0.06125692292240237,
        "r2": 0.6981253330153254,
        "pearson_r": 0.8507064302554748,
        "train_time": 2120.5774159431458,
        "weights": {
          "ridge": 0.27052637370358606,
          "hgb": 0.3745067515071279,
          "rf": 0.3549668747892859
        },
        "oof_rmse": {
          "ridge": 0.07773975364412718,
          "hgb": 0.056155606170842545,
          "rf": 0.059246806222242585
        }
      },
      "HGB": {
        "mae": 0.04642097320192496,
        "rmse": 0.0584299811950179,
        "r2": 0.7253448117483032,
        "pearson_r": 0.858871156917222,
        "train_time": 40.40348958969116
      },
      "RF": {
        "mae": 0.05329996357081344,
        "rmse": 0.06810030637191626,
        "r2": 0.6269092809949055,
        "pearson_r": 0.7955259642201225,
        "train_time": 386.15589427948
      },
      "Ridge": {
        "mae": 0.06513705849647522,
        "rmse": 0.0887762379814313,
        "r2": 0.36597001552581787,
        "pearson_r": 0.6329324802483854,
        "train_time": 57.267439126968384
      }
    },
    "inflammation_risk": {
      "MOE": {
        "mae": 0.05705350197125273,
        "rmse": 0.07671385736613306,
        "r2": 0.6326130882232477,
        "pearson_r": 0.823227554796103,
        "train_time": 2951.2814650535583,
        "weights": {
          "ridge": 0.21219575340053695,
          "hgb": 0.3551061117604804,
          "rf": 0.43269813483898256
        },
        "oof_rmse": {
          "ridge": 0.11891400872289566,
          "hgb": 0.07105776790418239,
          "rf": 0.05831559149249094
        }
      },
      "HGB": {
        "mae": 0.05894908065097406,
        "rmse": 0.0775989772859415,
        "r2": 0.6240864035442587,
        "pearson_r": 0.8041205250572494,
        "train_time": 47.448973655700684
      },
      "RF": {
        "mae": 0.04934101665192077,
        "rmse": 0.06960511886540026,
        "r2": 0.6975466508680057,
        "pearson_r": 0.8389083056980182,
        "train_time": 358.5153067111969
      },
      "Ridge": {
        "mae": 0.0822404995560646,
        "rmse": 0.11224588430321068,
        "r2": 0.21346712112426758,
        "pearson_r": 0.4676689025632639,
        "train_time": 294.9735691547394
      }
    },
    "toxicity_risk": {
      "MOE": {
        "mae": 0.04078462816211482,
        "rmse": 0.054478442096646346,
        "r2": 0.6243233001252064,
        "pearson_r": 0.8299367925857917,
        "train_time": 2333.57235789299,
        "weights": {
          "ridge": 0.24766147030292185,
          "hgb": 0.36859402538307734,
          "rf": 0.3837445043140008
        },
        "oof_rmse": {
          "ridge": 0.07599120503230807,
          "hgb": 0.051059138977721116,
          "rf": 0.049043291452566515
        }
      },
      "HGB": {
        "mae": 0.0418596423734566,
        "rmse": 0.055619170733872854,
        "r2": 0.6084259350491942,
        "pearson_r": 0.80826578718496,
        "train_time": 38.64170479774475
      },
      "RF": {
        "mae": 0.03571653579330998,
        "rmse": 0.05104076429655843,
        "r2": 0.6702390399762446,
        "pearson_r": 0.8195880920345141,
        "train_time": 363.3221094608307
      },
      "Ridge": {
        "mae": 0.05677841603755951,
        "rmse": 0.07743344296067997,
        "r2": 0.24103444814682007,
        "pearson_r": 0.4929941037766278,
        "train_time": 62.221893072128296
      }
    }
  },
  "data": {
    "total": 91150,
    "train": 71745,
    "test": 19405,
    "features": 2083,
    "feature_backend": "rdkit"
  },
  "timing": {
    "feature_extraction_train": 67.88499808311462,
    "feature_extraction_test": 21.404698371887207
  }
}