{
  "baseline": {
    "LR": {
      "auc": 0.6629875325330299,
      "accuracy": 0.6482441999018714,
      "f1": 0.456960450143375,
      "mcc": 0.2315932604939781,
      "train_time": 43.10896635055542
    },
    "HGB": {
      "auc": 0.7313591086537201,
      "accuracy": 0.6901415854769748,
      "f1": 0.5714978069644026,
      "mcc": 0.33795062919018193,
      "train_time": 17.900187015533447
    },
    "RF": {
      "auc": 0.7251180001154813,
      "accuracy": 0.6472979603280297,
      "f1": 0.2957312806158153,
      "mcc": 0.22991404671916388,
      "train_time": 48.321895122528076
    },
    "MLP": {
      "auc": 0.643532558542335,
      "accuracy": 0.6288813345482582,
      "f1": 0.466456732585968,
      "mcc": 0.19706576156484534,
      "train_time": 130.63785076141357
    }
  },
  "vae_denoise": {
    "LR": {
      "auc": 0.5878960967413702,
      "accuracy": 0.6187355435620663,
      "f1": 0.2581151118385161,
      "mcc": 0.1343349778385014,
      "train_time": 20.836649417877197
    },
    "HGB": {
      "auc": 0.6939273296701732,
      "accuracy": 0.659318707506834,
      "f1": 0.4706490960575038,
      "mcc": 0.25729340162179454,
      "train_time": 16.524670600891113
    },
    "RF": {
      "auc": 0.6857610687887421,
      "accuracy": 0.6327188617088386,
      "f1": 0.22485207100591717,
      "mcc": 0.18685622039945846,
      "train_time": 94.48402547836304
    },
    "MLP": {
      "auc": 0.6493220488279626,
      "accuracy": 0.63166748440457,
      "f1": 0.48412114072546997,
      "mcc": 0.20793481869506072,
      "train_time": 100.04366898536682
    }
  },
  "vae_latent": {
    "LR": {
      "auc": 0.5671269826603963,
      "accuracy": 0.6021588280647648,
      "f1": 0.19346358792184726,
      "mcc": 0.07407966922131715,
      "train_time": 0.6285924911499023
    },
    "HGB": {
      "auc": 0.5949093502625213,
      "accuracy": 0.6156690264246163,
      "f1": 0.11968693558097532,
      "mcc": 0.12728807374529003,
      "train_time": 3.8809194564819336
    }
  },
  "vae_config": {
    "latent_dim": 64,
    "hidden_dims": [
      256,
      128
    ],
    "beta": 0.05,
    "epochs": 50,
    "train_samples": 50000,
    "reconstruction_mse": 0.230703204870224
  },
  "data": {
    "total": 288135,
    "train": 231067,
    "test": 57068,
    "features": 317,
    "binder_rate": 0.4064838336932578
  }
}