gene_id,expression,tissue_specificity
ENSG00000134324,25.588528785915365,0.02729515133091398
ENSG00000138376,3.957987569203103,0.907659702100274
ENSG00000131808,61.026840869317525,0.3225192945336327
ENSG00000124762,90.50854370969778,0.6738720376157858
ENSG00000141510,78.5632882036548,0.16039047682019858
ENSG00000134324,40.79054523366591,0.6911135887510258
ENSG00000128284,63.47969923445489,0.9310145079631764
ENSG00000141510,83.22260836563234,0.28804676865634604
ENSG00000068971,62.30653099854619,0.6581914928233243
ENSG00000012048,9.726239850117423,0.5449346117721833
ENSG00000138376,90.61773596010177,0.048671969882017274
ENSG00000128284,13.442591345665534,0.18904829157769276
ENSG00000134324,97.34785532699937,0.23890736959098002
ENSG00000134568,40.95951194233708,0.5908900635811303
ENSG00000068971,38.82307534594441,0.2554729396212919
ENSG00000068971,83.17078643290185,0.2071429617022098
ENSG00000012048,98.00922764613391,0.8284395530695231
ENSG00000012048,57.8445723722507,0.8859821425318288
ENSG00000108813,33.274694844594634,0.06531254168178591
ENSG00000134324,95.48001477502022,0.061611738272034255
ENSG00000108813,96.21700286542853,0.9323863100273135
ENSG00000144028,22.52538665820221,0.40598110056996883
ENSG00000125148,82.00992796158258,0.8866901393178352
ENSG00000108813,32.254523366637514,0.6465249554298699
ENSG00000116679,16.142965909995553,0.46430844575066677
ENSG00000073849,79.32449908122905,0.06662192312550441
ENSG00000134568,9.76907037329534,0.28791425666445103
ENSG00000136997,75.57500317435887,0.8687114245907528
ENSG00000131808,15.832510152362921,0.5025664649211258
ENSG00000138231,36.0894911972133,0.39009086023674955
ENSG00000138376,51.401024016553585,0.3256735393162906
ENSG00000073849,3.2081690101101623,0.7468440465914823
ENSG00000141510,42.62263289767998,0.8860037079313406
ENSG00000141510,90.4907047733322,0.799182940486268
ENSG00000133800,3.008799296431286,0.0035013864091129054
ENSG00000141510,74.04232088191283,0.030065441429853568
ENSG00000108813,58.355547274232535,0.7005195760283007
ENSG00000136997,68.9493010419147,0.9397149361716268
ENSG00000068971,52.65079395593916,0.01446046625389319
ENSG00000144028,18.082085502196364,0.11306098529088893
ENSG00000141510,37.540400836572864,0.14802076527450547
ENSG00000109929,77.14198599370768,0.82883105624863
ENSG00000109929,9.710967758256572,0.9679930499735968
ENSG00000134324,90.76594865800462,0.7405272331811795
ENSG00000073849,32.45128251197471,0.6072418207154706
ENSG00000138231,19.361813052079647,0.5685135222247594
ENSG00000196611,97.19158367747059,0.7017027149266741
ENSG00000133800,67.65751772361486,0.4945174094941832
ENSG00000108813,23.615245539501217,0.5858285261117416
ENSG00000125148,15.973845237608097,0.4410483044439182
ENSG00000145241,36.75088561368466,0.6522605940580912
ENSG00000012048,42.50273322202541,0.0738120969811622
ENSG00000012048,7.723036864117693,0.7475329651805521
ENSG00000128284,90.14074518727546,0.050423296584601096
ENSG00000073849,92.83149569249373,0.840892609501387
ENSG00000134568,12.851542155437723,0.9946412309308463
ENSG00000134324,83.34682727818607,0.8923755004114613
ENSG00000116679,22.188209903697242,0.2621094370060276
ENSG00000131808,4.421149257304502,0.6906756787174297
ENSG00000125148,58.91860967247945,0.19150528920968413
ENSG00000108813,73.93309106679986,0.07698592667196524
ENSG00000138231,18.956108190707855,0.8239382048152446
ENSG00000138376,93.22468806872864,0.4796593226106336
ENSG00000144028,14.950269412494855,0.6737747231264143
ENSG00000134568,69.85032619800056,0.7989298495649786
ENSG00000108813,72.04440152679656,0.8257225243798891
ENSG00000134324,59.537549509608986,0.6571215294637694
ENSG00000144028,75.99323688864888,0.12456647810591859
ENSG00000073849,92.75016064305757,0.05405035393222368
ENSG00000144028,91.83074684638852,0.31572982408000616
ENSG00000133800,16.178342764401332,0.4827001050172921
ENSG00000124762,29.72161239617883,0.7645030915565835
ENSG00000141510,59.67679349469742,0.11005052082699396
ENSG00000124762,29.950570573936176,0.9191176503038904
ENSG00000134568,50.85864501005675,0.6216324311648389
ENSG00000124762,81.58946983586519,0.3902039351377863
ENSG00000124762,15.288350636248571,0.04021149554827175
ENSG00000134568,12.769546545208076,0.8121531964607239
ENSG00000073849,99.81018923988671,0.7055231200500177
ENSG00000109929,82.8437903538677,0.5454735033649485
ENSG00000068971,84.00389017810332,0.04508529341655698
ENSG00000116679,75.21193016135057,0.3881921834523667
ENSG00000138376,4.3758159409503,0.6030771855864417
ENSG00000068971,39.843443514176855,0.6338366017379498
ENSG00000134324,61.29590240248064,0.21897053373384245
ENSG00000073849,4.056205607275887,0.2901074279396654
ENSG00000134324,95.45699874507699,0.8903206004003233
ENSG00000133800,99.17209825843749,0.03199863899271416
ENSG00000124762,78.58772582024756,0.8420982490988758
ENSG00000116679,3.870968417299714,0.9073949467200526
ENSG00000108813,59.482721201669186,0.6634439150431944
ENSG00000073849,85.78476951445843,0.9440492428853574
ENSG00000144028,15.674001257785019,0.6154306691377923
ENSG00000136997,94.8804237006456,0.789169582267567
ENSG00000141510,30.17064717468354,0.15626459176489083
ENSG00000068971,83.61871561484635,0.1382329683414124
ENSG00000108813,55.91123584476696,0.613797166796754
ENSG00000145241,31.859923524269096,0.12574491623549722
ENSG00000131808,2.329890057621753,0.8618600155924004
ENSG00000133800,76.15235194270143,0.6062747831638009
ENSG00000134324,64.07767283160915,0.6813147142420476
ENSG00000136997,35.23339470483955,0.3086919595192298
ENSG00000144028,72.91865092202602,0.7068275781935988
ENSG00000138376,65.75576789483888,0.19966768057824624
ENSG00000136997,26.185154036756188,0.9122379502047585
ENSG00000145241,87.7669134042954,0.2905890525989382
ENSG00000131808,68.8660907852875,0.6886264061544743
ENSG00000134324,87.56144218521132,0.9262232750981161
ENSG00000144028,61.956852525886454,0.9570548405879047
ENSG00000145241,84.71532457851308,0.8073664117372763
ENSG00000134324,56.190747712838544,0.34700726011687055
ENSG00000109929,4.146405274203313,0.555068896142014
ENSG00000134324,34.406320256038704,0.07005701678937337
ENSG00000144028,62.77945721422644,0.8397283760577878
ENSG00000138376,1.3004084533932203,0.9742444326289857
ENSG00000138231,78.73416447403557,0.4224487638102872
ENSG00000144028,68.23315625780238,0.31500159025162244
ENSG00000125148,93.98971119045582,0.6663942516281938
ENSG00000133800,28.962001520883174,0.20699015762542616
ENSG00000138231,60.64326831539947,0.482114485823922
ENSG00000196611,63.350581733897386,0.3673096564548143
ENSG00000134568,75.35771507070483,0.41693091123711024
ENSG00000131808,75.74530157881837,0.02600859715565973
ENSG00000134324,85.29665635696219,0.17663981163602216
ENSG00000012048,22.156735788377446,0.32770296382605324
ENSG00000073849,15.87855614134912,0.2038848004675381
ENSG00000134324,71.98784214441606,0.4200761701643768
ENSG00000145241,12.619154799228516,0.22974500418225297
ENSG00000116679,9.935204241529727,0.052315585379952956
ENSG00000125148,64.10383462304365,0.831699037605148
ENSG00000196611,82.07891675967943,0.8064803530901891
ENSG00000134568,85.28891139126382,0.9865757931239204
ENSG00000144028,97.21070067604744,0.9223495375342257
ENSG00000141510,7.310958018421976,0.8386404663451615
ENSG00000109929,42.122804765501954,0.4740905530139484
ENSG00000138231,42.2929802411007,0.8554163856021153
ENSG00000131808,9.423432868571425,0.23261007280155943
ENSG00000133800,67.64408108746757,0.20506415905445152
ENSG00000138231,41.027865005598954,0.9161222275422488
ENSG00000136997,21.232994974447283,0.7535243648244885
ENSG00000141510,80.93511979966856,0.03575352722348879
ENSG00000128284,70.97280579628149,0.43594524869866336
ENSG00000136997,39.48712522516906,0.657742054856458
ENSG00000116679,78.53157713141005,0.24507166280870785
ENSG00000141510,89.9704961856862,0.5056787836297475
ENSG00000141510,13.355827490234496,0.46616310469044564
ENSG00000109929,4.710598443983383,0.9541634491385171
ENSG00000141510,42.52733555314852,0.11217180174126173
ENSG00000128284,48.31231256235435,0.3517468342378316
ENSG00000108813,34.520642366966634,0.6430102547386582
ENSG00000108813,89.5816022031398,0.03274668860497976
ENSG00000134324,70.71460605550939,0.14085626186400813
ENSG00000109929,0.5144074846541891,0.07495252089855198
ENSG00000145241,71.91739375686649,0.8199315853720174
ENSG00000125148,0.3031775416964644,0.022488263094587402
ENSG00000116679,68.21462397889199,0.020673407258977705
ENSG00000138376,18.557688861519427,0.9214852699060311
ENSG00000196611,56.70588045268907,0.8434052874515815
ENSG00000109929,40.54763476104139,0.09493757714161333
ENSG00000133800,82.92594388271216,0.14318668398919032
ENSG00000134324,62.292930413644285,0.43965879153480747
ENSG00000073849,95.94871898468217,0.2089898797494626
ENSG00000145241,58.2746686993977,0.8967691995119139
ENSG00000134568,30.051043754108207,0.39090473650508983
ENSG00000109929,48.75037565799314,0.1855525808854377
ENSG00000125148,58.10839267882797,0.047351531352420206
ENSG00000145241,50.55686454069942,0.027392021821865953
ENSG00000109929,33.11339711201131,0.8197419125768246
ENSG00000141510,31.37866149334565,0.9880598593956941
ENSG00000138376,44.62861168875527,0.9276092565656644
ENSG00000068971,55.36731779637619,0.9054769565435685
ENSG00000138376,57.17771055451918,0.761590286861306
ENSG00000196611,18.51912993966687,0.17211367804775712
ENSG00000196611,52.449222613702005,0.4329253687395298
ENSG00000134568,71.32743939441801,0.03238599361495087
ENSG00000131808,6.345656210421868,0.21674815555524962
ENSG00000108813,5.713203975267467,0.3469261998381816
ENSG00000134324,45.566080200035955,0.16234938768327478
ENSG00000116679,75.54813828746903,0.31412825035179004
ENSG00000124762,26.692883517861944,0.205887448126152
ENSG00000124762,45.50580938796156,0.10416326429907974
ENSG00000124762,96.68214250282946,0.016419530765377277
ENSG00000144028,22.74287540930495,0.1758577020296519
ENSG00000138376,99.84360533945855,0.32712878815913016
ENSG00000196611,83.46950401529367,0.3616402207369569
ENSG00000133800,38.99844642973318,0.5196549419086302
ENSG00000136997,45.52181095810229,0.6743731326789951
ENSG00000134568,10.310892507298675,0.8157417447696843
ENSG00000068971,36.59462191390636,0.9508235699585313
ENSG00000073849,99.91937737569113,0.9360134048423433
ENSG00000134324,49.70433098557453,0.3229017391352029
ENSG00000145241,77.1378853648319,0.43176594542512214
ENSG00000109929,56.53467804095005,0.5183589253120999
ENSG00000138231,82.3759528604857,0.7958997593333149
ENSG00000145241,15.348399502098864,0.29528027982574034
ENSG00000108813,86.24485185849387,0.8616453003098389
ENSG00000108813,88.38498803284864,0.41193042791308876
ENSG00000133800,72.37642263028286,0.7946127278234013
ENSG00000131808,51.843041008750866,0.21063937724572745
ENSG00000012048,91.77584137046372,0.6177329777906228
ENSG00000134324,72.41971842768281,0.9036313448244321
ENSG00000134568,73.91849222700012,0.5774391900144458
ENSG00000196611,28.710185758743066,0.9592875809415708
ENSG00000073849,95.8655070931468,0.2439426699918481
ENSG00000141510,12.309945676996348,0.8176956013992319
ENSG00000134568,26.234479885150087,0.5677043757555659
ENSG00000125148,18.80646626267929,0.3808624855266205
ENSG00000128284,60.78694213413611,0.969836995845199
ENSG00000131808,44.06196432022176,0.2391315271479686
ENSG00000145241,95.47656174334554,0.8649940631436926
ENSG00000073849,54.45355904632739,0.90133602561687
ENSG00000068971,62.66558124466993,0.9500987545729686
ENSG00000196611,90.39230548863914,0.9837480835506506
ENSG00000124762,35.29140797828722,0.6177946807450175
ENSG00000108813,40.66427360471233,0.14203101228040738
ENSG00000196611,1.994865487271169,0.9912314991894133
ENSG00000133800,84.46759515904493,0.6552278208857402
ENSG00000131808,80.86031062927911,0.31909093040322567
ENSG00000012048,24.5389010380351,0.9511721442132256
ENSG00000128284,51.701073531637256,0.6163578815758954
ENSG00000068971,17.249990399808347,0.18521607827605302
ENSG00000145241,29.15150013700306,0.5291203838373453
ENSG00000073849,7.2882490515091884,0.011514560628519965
ENSG00000141510,94.11417616493574,0.1000404764840126
ENSG00000124762,42.13359007746701,0.5854167160134949
ENSG00000141510,58.00371098390873,0.18409830011134276
ENSG00000073849,10.543257189573296,0.35112934140015106
ENSG00000141510,18.30045914988142,0.09180106733787052
ENSG00000068971,58.395352480326025,0.9624541332764335
ENSG00000109929,55.18212088949308,0.9425312555543469
ENSG00000145241,37.292104742209716,0.8610287032834579
ENSG00000108813,42.39117565812802,0.5013388665208421
ENSG00000138231,49.83348397232419,0.8347956818106311
ENSG00000138231,63.40276206147647,0.341581941003122
ENSG00000138376,12.271291012909458,0.5440336422808724
ENSG00000109929,30.894714119316003,0.6919397634442701
ENSG00000133800,16.14483413258796,0.07178464445348043
ENSG00000131808,53.39574103171587,0.471650003515243
ENSG00000068971,60.978877748877224,0.7074923271015654
ENSG00000134324,58.15900657833828,0.80637808341802
ENSG00000134324,3.409222699888026,0.1926592722675715
ENSG00000128284,56.303626015596585,0.4733944691450602
ENSG00000116679,65.8196828608155,0.34632564813952815
ENSG00000134568,85.50340792853703,0.23602805775032376
ENSG00000145241,60.62892759709088,0.2925072213179435
ENSG00000145241,8.614654392457732,0.647661941629102
ENSG00000136997,31.881376884561362,0.406816602155062
ENSG00000109929,60.41663960420721,0.09536938156548957
ENSG00000131808,39.941864359860666,0.8529956476464954
ENSG00000138231,81.54097149537584,0.6394751008461498
ENSG00000128284,29.235962106991543,0.1438152168183494
ENSG00000136997,91.18774314660082,0.1017820411014635
ENSG00000073849,60.39279874658442,0.26492499151535454
ENSG00000144028,1.8616124287029634,0.4280292732963299
ENSG00000144028,36.20872080304909,0.5893230981216859
ENSG00000145241,68.86131690607995,0.8191947869600058
ENSG00000128284,45.37825131308808,0.3937161026334315
ENSG00000133800,10.748065943096952,0.3362240022772547
ENSG00000012048,46.540432108232906,0.9724900426530566
ENSG00000133800,37.51759920451614,0.45685794973713567
ENSG00000073849,91.04723398163019,0.21812653579429753
ENSG00000012048,37.305574963248176,0.15859660211192816
ENSG00000108813,28.89449532953492,0.14507477330070717
ENSG00000131808,71.5473901820992,0.7290968300943996
ENSG00000108813,16.09216352656321,0.6923378099059148
ENSG00000138376,76.20857094877658,0.7530437015407966
ENSG00000145241,47.893244933162826,0.12930476270818136
ENSG00000128284,2.9956545182862393,0.8625680623670507
ENSG00000128284,67.87376761955517,0.051199408873775165
ENSG00000138231,95.15938217534443,0.549727772773142
ENSG00000145241,60.40315082202531,0.8928240987623737
ENSG00000141510,19.65039736426355,0.6754077801447509
ENSG00000138376,79.04176674987465,0.21646411604297844
ENSG00000128284,25.70821237968316,0.7171927837922348
ENSG00000131808,89.16723183661294,0.09377437604847305
ENSG00000124762,23.79834858818616,0.6612429128385063
ENSG00000145241,57.21094814913378,0.025542069399057343
ENSG00000116679,3.0054262425364575,0.8163899705725852
ENSG00000124762,13.693109057066499,0.15132275467298195
ENSG00000124762,94.71031266414943,0.9177085246698975
ENSG00000109929,2.0141197406704836,0.39285200647093577
ENSG00000141510,59.136273861378164,0.14575429081446978
ENSG00000134324,12.608832563726269,0.05375430575498874
ENSG00000108813,32.385864598486094,0.07712827289617441
ENSG00000109929,17.995617136818296,0.8312736812443318
ENSG00000108813,58.90567051008711,0.2507177038369772
ENSG00000138231,91.9688396274014,0.5089721715448582
ENSG00000138376,99.45048793017422,0.21375799680435814
ENSG00000116679,66.67671899364719,0.8448794957723369
ENSG00000144028,63.6679477751118,0.5762783272941312
ENSG00000196611,34.84077718436526,0.9445925280716441
ENSG00000133800,56.795103099783994,0.15455154383415648
ENSG00000125148,23.088393276190466,0.1836406823801381
ENSG00000133800,91.2447300198829,0.6246632506084904
ENSG00000109929,9.3272835722225,0.4166092060731936
ENSG00000116679,40.23168693288339,0.29491435229799534
ENSG00000141510,63.59852543339694,0.13911394481813832
ENSG00000128284,37.32724343778392,0.2864542518931107
ENSG00000125148,52.117303025299954,0.9007385795321513
ENSG00000108813,4.594174299994524,0.6686645713356424
ENSG00000128284,42.210968135225336,0.7825213973231572
ENSG00000012048,28.900977437825347,0.7679709201821711
ENSG00000131808,42.90417165213325,0.6687023368999978
ENSG00000133800,3.3281004586473095,0.7745744718708015
ENSG00000125148,20.39659047969523,0.40705501575785585
ENSG00000124762,54.9940932523986,0.4837680286204322
ENSG00000109929,75.77521628245209,0.43468037655025393
ENSG00000131808,36.01213779236012,0.9570199949053044
ENSG00000116679,62.474157778625624,0.8859180103160907
ENSG00000136997,45.06589830559295,0.6884953562633126
ENSG00000141510,28.983065484570535,0.4347357178768655
ENSG00000068971,72.41129563174114,0.37343595315104916
ENSG00000138231,50.602045197965154,0.9976591807409798
ENSG00000109929,69.84263452005742,0.10708898948151113
ENSG00000134324,61.25969313733086,0.6995161856571187
ENSG00000125148,94.06842629762157,0.3142326907224203
ENSG00000068971,86.37845091506043,0.3761245938240776
ENSG00000141510,35.20535054231744,0.7926303577086122
ENSG00000133800,0.6062207917935214,0.3673361858567721
ENSG00000125148,56.77851376390809,0.9840688502233051
ENSG00000128284,4.201560294250051,0.5514064284782515
ENSG00000073849,66.74714832350969,0.36378364707765154
ENSG00000133800,29.309583630382583,0.10964273817854508
ENSG00000109929,69.55286995720631,0.6077153496530887
ENSG00000116679,71.52746489795874,0.3293143556733845
ENSG00000108813,81.9874517429224,0.18315143241266219
ENSG00000124762,57.73433136309465,0.9072222022119812
ENSG00000124762,91.94413129143581,0.6828212015216615
ENSG00000141510,23.875898490149638,0.36517440872146134
ENSG00000012048,69.17175141957027,0.7628489012445161
ENSG00000141510,88.01366859140892,0.5827230793687714
ENSG00000138376,94.36754830571897,0.5243997087715226
ENSG00000144028,12.337668041121175,0.7218286335459091
ENSG00000125148,94.73385751159887,0.42256808887213926
ENSG00000125148,18.311166953399393,0.9970139069473166
ENSG00000141510,6.119454812382896,0.028169409447942773
ENSG00000131808,76.32615944008553,0.6035148438056271
ENSG00000141510,97.48700595675467,0.28712779665067634
ENSG00000116679,37.922565446964555,0.8764605269174979
ENSG00000196611,8.235618749340235,0.884069067606148
ENSG00000131808,3.5071201321158596,0.6311173264201813
ENSG00000109929,13.012864319691408,0.6125978672390205
ENSG00000012048,65.53499389916455,0.4089313620751146
ENSG00000073849,80.07830375850529,0.6070120308292292
ENSG00000196611,21.800021504533007,0.1769572721578332
ENSG00000138376,85.15014885965367,0.009475564086061206
ENSG00000144028,3.458168193252298,0.24009268515631166
ENSG00000145241,61.58752329195766,0.23381510730071853
ENSG00000141510,73.56318140507544,0.06384869493643397
ENSG00000196611,17.883189505961028,0.04945940379271985
ENSG00000134568,84.31462811797843,0.6819983130730736
ENSG00000109929,40.957347338700735,0.4431225983370377
ENSG00000124762,44.03079889769687,0.039805221109779465
ENSG00000136997,33.53250668323522,0.46112606134620615
ENSG00000138376,83.54004437356234,0.6008873033109631
ENSG00000144028,81.64236065900386,0.8906323687311168
ENSG00000138231,4.490707845415121,0.06787139951319743
ENSG00000145241,62.481805593244886,0.4121177637260264
ENSG00000138376,40.3657454056499,0.7197542708701902
ENSG00000012048,16.815669440342372,0.3754139043527053
ENSG00000141510,94.71078696667564,0.7770335722964747
ENSG00000145241,7.548301543202218,0.05094259594908801
ENSG00000196611,73.60740547879054,0.2575256886407544
ENSG00000109929,4.4174565356629,0.11327278946005148
ENSG00000128284,90.28193917392377,0.27243723148380794
ENSG00000138376,51.143888862528996,0.17293285660241553
ENSG00000133800,23.96117653994535,0.35437660926897474
ENSG00000131808,18.088103032875203,0.15537142921563218
ENSG00000138231,60.32225850318711,0.9487996475293731
ENSG00000116679,87.80147163566019,0.4379218739979026
ENSG00000128284,3.7275932194684613,0.3020275762226323
ENSG00000012048,62.165678126422584,0.16179752866982922
ENSG00000073849,15.081440753653098,0.7635241544935305
ENSG00000125148,71.93390762923563,0.46258192745566107
ENSG00000145241,57.836276939654795,0.7242668123451313
ENSG00000144028,85.36695383193234,0.5352555014016332
ENSG00000116679,98.41044037594793,0.8626500439378353
ENSG00000133800,95.70492108611973,0.04923256364564366
ENSG00000128284,92.83259849651138,0.29840647012496535
ENSG00000138376,70.58030819667478,0.2308761298320885
ENSG00000124762,18.77416537238418,0.7509226744109491
ENSG00000116679,96.29325784400338,0.41352090496674576
ENSG00000124762,57.99376479949905,0.6434415600245422
ENSG00000073849,13.376687432478906,0.020107611682552817
ENSG00000068971,61.450391514212434,0.950266827600062
ENSG00000131808,53.19402222215339,0.5453889543131649
ENSG00000128284,9.49764315519629,0.21618630076344225
ENSG00000134324,95.30941502390814,0.9736273592860863
ENSG00000141510,53.161991331742065,0.033858206521897416
ENSG00000138231,74.18074200322708,0.3483956119280961
ENSG00000068971,34.362198196275365,0.4966922446152421
ENSG00000138376,82.22470195630848,0.24274254587576916
ENSG00000073849,90.5951995305745,0.48830155330786185
ENSG00000012048,23.84794572979967,0.7040774837456047
ENSG00000012048,67.88821063190595,0.6764247011358235
ENSG00000141510,5.336615585770444,0.23728170847292773
ENSG00000073849,6.3818743212288425,0.006503918835680356
ENSG00000116679,55.99102227117482,0.8114316388603994
ENSG00000108813,16.043813046317023,0.6089543794368525
ENSG00000134324,8.448703255612733,0.789637433666666
ENSG00000141510,28.38800451181166,0.6286999395824991
ENSG00000125148,90.69211841737047,0.5754414441570215
ENSG00000138231,66.29309821424172,0.3784179641892791
ENSG00000141510,33.68375567269827,0.13126691322241657
ENSG00000141510,55.16500191851974,0.9334626537191778
ENSG00000124762,10.716860049522115,0.9718004650203839
ENSG00000196611,9.536832399539442,0.12977768864008543
ENSG00000124762,65.95305902981379,0.6654340260055024
ENSG00000136997,12.150251834191916,0.8509825543132405
ENSG00000124762,62.92740541580103,0.03613576105368399
ENSG00000068971,41.24515173222824,0.2011846929151031
ENSG00000136997,6.023443366317094,0.13698742101213568
ENSG00000134324,75.50809840947454,0.7194379560432353
ENSG00000136997,55.77013939386223,0.35926301047385334
ENSG00000134568,51.45076519823899,0.5274024429681196
ENSG00000144028,75.13576326298642,0.1177317734086829
ENSG00000109929,82.17621053349103,0.44353522709161897
ENSG00000109929,2.0361461376740775,0.30091419455292734
ENSG00000073849,23.08270739980425,0.8586012736440782
ENSG00000134568,22.228379227983087,0.049132426801994256
ENSG00000128284,36.83216531855371,0.40793198555264143
ENSG00000141510,67.71206849924049,0.28890048157365744
ENSG00000073849,14.189328301081206,0.5199622620603895
ENSG00000131808,29.373951024867583,0.9093756295286355
ENSG00000124762,82.83947766715907,0.19296842101916878
ENSG00000134324,91.66762479075751,0.641221396591024
ENSG00000138231,12.735688895753627,0.07381847660444263
ENSG00000144028,44.22185652509894,0.8735471531363044
ENSG00000068971,84.07998298561307,0.13207496312591216
ENSG00000141510,98.33039950324418,0.5993339621887506
ENSG00000125148,84.14999994062725,0.32186845547993137
ENSG00000136997,10.749008813623606,0.3610078381514653
ENSG00000141510,96.92354212052548,0.6546399368092232
ENSG00000138231,31.54630401652796,0.30127215501683224
ENSG00000124762,62.82884700716118,0.3618968335281908
ENSG00000138231,20.252567762162542,0.6223869865501531
ENSG00000108813,72.3808278342692,0.8959388982543679
ENSG00000138376,59.281954674741414,0.41230219731437256
ENSG00000131808,23.19690022461074,0.21306665811064762
ENSG00000138376,47.563639730008276,0.28333401070310604
ENSG00000196611,60.35134832731552,0.6010793672169059
ENSG00000145241,19.907401768208587,0.8799585116049323
ENSG00000141510,54.12186465645254,0.05201929412694839
ENSG00000134568,27.067167409368242,0.09298602580020687
ENSG00000134324,19.002903540634154,0.3864862969640086
ENSG00000068971,30.039874359534146,0.7363117042087431
ENSG00000138231,50.89826111739075,0.10231670102841306
ENSG00000116679,86.11442642052177,0.8038737254337596
ENSG00000128284,18.871491596234925,0.4687296869348381
ENSG00000138376,26.574092770425274,0.4809366512537899
ENSG00000141510,52.09251677154681,0.07050658909474394
ENSG00000144028,61.31476798291378,0.26234920735837786
ENSG00000144028,22.327127490385735,0.4591977846965206
ENSG00000134324,54.22201980154592,0.3169930013442581
ENSG00000131808,81.45223191901547,0.6453295149109513
ENSG00000138231,78.09404391527985,0.20171420990147038
ENSG00000134568,50.91858996333224,0.6846361125643563
ENSG00000068971,24.627933436675985,0.4775162535800477
ENSG00000131808,88.88999722803315,0.26669517853907065
ENSG00000068971,67.09524920533822,0.9481171562648131
ENSG00000131808,42.347326077771065,0.5108523009897981
ENSG00000138376,2.4781378519704744,0.8755955737715906
ENSG00000145241,69.94926321120252,0.11397696124388046
ENSG00000138376,50.042034202311356,0.07083589457130812
ENSG00000138231,99.66674640790993,0.30653829015619305
ENSG00000134568,9.791313644465438,0.28748291671663595
ENSG00000138376,35.78199154684134,0.8688874625466316
ENSG00000134568,53.973852349635834,0.40516431185419877
ENSG00000145241,22.449949227089615,0.10975701245848701
ENSG00000134324,72.09768112730764,0.5188145387402427
ENSG00000125148,68.61962512602406,0.8162559664009104
ENSG00000012048,37.8426620383404,0.16721439337385968
ENSG00000116679,77.3939662943796,0.27523335111747627
ENSG00000131808,24.294800569225806,0.5337193481289665
ENSG00000109929,45.10356263936737,0.5679808377470077
ENSG00000068971,95.25962243999442,0.35743867754307523
ENSG00000131808,6.296530890466656,0.6368525294097123
ENSG00000138231,81.13423690311109,0.6422974842914567
ENSG00000128284,32.23910785126796,0.8733421324511251
ENSG00000145241,14.026790181590298,0.677862925219168
ENSG00000134568,26.55364631174183,0.7923727339715539
ENSG00000145241,77.29907376767316,0.9637232888036695
ENSG00000116679,96.65619247228493,0.33994954979740644
ENSG00000116679,3.933676677046294,0.7482521274414226
ENSG00000124762,40.0252721465964,0.5710555332301304
ENSG00000124762,45.46619941480785,0.34081258200439013
ENSG00000068971,25.106693581913742,0.7027146907992367
ENSG00000136997,46.04527597794037,0.08915602834884817
ENSG00000141510,49.75285792523808,0.12921237903477167
ENSG00000145241,6.962418410180216,0.6204445054025418
ENSG00000134568,31.07507662435922,0.5764237714102461
ENSG00000141510,98.26493493253132,0.1412095242530892
ENSG00000138231,14.012750620342551,0.5217714690676261
ENSG00000138376,30.611355790061356,0.06968571493227638
ENSG00000073849,46.47009547067432,0.38587946536606
ENSG00000141510,5.269436355249624,0.3810506869312885
ENSG00000141510,71.93291378958982,0.012228162739247761
ENSG00000073849,52.802705107590484,0.6073274168380244
ENSG00000133800,95.99324932279019,0.19458482443416392
ENSG00000124762,18.663178035959938,0.9514315943335551
ENSG00000141510,64.42864174103532,0.7396146331348276
ENSG00000125148,17.199552343682456,0.8285659607207737
ENSG00000138231,51.593070752045634,0.6042439641430649
ENSG00000124762,97.14048880428469,0.8341936660593008
ENSG00000125148,14.243307034876572,0.839734460138103
ENSG00000125148,82.36042943929768,0.8040099852267207
ENSG00000138376,1.1527942994037477,0.8980983407053833
ENSG00000196611,76.85744089804992,0.4632271579370434
ENSG00000138376,74.19556110862636,0.6590155643138148
ENSG00000134568,75.97346042324477,0.8275028762586132
ENSG00000073849,16.12918086331241,0.8259714434118475
ENSG00000138376,26.257151492338014,0.08495421964382943
ENSG00000124762,47.04418275068251,0.19214741904250887
ENSG00000109929,18.518632867960427,0.1200454554683581
ENSG00000125148,34.627860482111736,0.897038869296001
ENSG00000134568,97.94299436558912,0.11413490746857069
ENSG00000116679,65.94757790242043,0.7115627107714232
ENSG00000133800,64.31940065663436,0.573661965096146
ENSG00000196611,75.37632752062372,0.18718517787334
ENSG00000128284,20.324166333668735,0.2227599755793831
ENSG00000134324,99.00562498411645,0.950985609695715
ENSG00000073849,80.45949262795956,0.9546989773158592
ENSG00000131808,43.0230915041982,0.7594889277860444
ENSG00000144028,92.67488330492776,0.5324993997023366
ENSG00000109929,94.24330449387163,0.7289680402141046
ENSG00000138231,8.800559588947177,0.8716827652357766
ENSG00000141510,5.951011976555631,0.5159556724317367
ENSG00000141510,38.65594066289145,0.40380370580693714
ENSG00000138376,96.94951981631189,0.9416118193489769
ENSG00000109929,56.51897941696089,0.9432248711111997
ENSG00000196611,43.30844770394946,0.36534435244021857
ENSG00000196611,59.25018589223853,0.4543364211220934
ENSG00000196611,61.42768823972117,0.29378592655760805
ENSG00000133800,99.32886794543731,0.3147942188688475
ENSG00000136997,40.12746040964811,0.4444715749570546
ENSG00000109929,96.58211730838954,0.5400360376637829
ENSG00000012048,52.41932372867015,0.09614653048649524
ENSG00000138376,83.26945971415508,0.1210294745779531
ENSG00000012048,21.19333151007631,0.7716419793686412
ENSG00000144028,23.4455570158853,0.7193462011717904
ENSG00000145241,27.583500544815642,0.9076966906718279
ENSG00000116679,19.792338940701214,0.0555255616961583
ENSG00000133800,53.757481411965976,0.7995317914151353
ENSG00000109929,20.18224622804794,0.564478824124153
ENSG00000068971,83.94632784741579,0.1344459111003723
ENSG00000136997,50.45943333141598,0.8387233319812039
ENSG00000124762,84.73034175722309,0.9445990431041306
ENSG00000116679,20.126946219969465,0.31711778992478123
ENSG00000131808,93.23106853373795,0.5107925488088451
ENSG00000138231,78.86808040806777,0.8484409332560705
ENSG00000138376,22.835106855666886,0.8153494660265193
ENSG00000145241,10.820188724112334,0.33611437332688066
ENSG00000134568,44.47308393118929,0.9179865547575914
ENSG00000141510,58.589207670341516,0.6279471654871711
ENSG00000134568,82.54008720504133,0.4034161816679265
ENSG00000073849,63.65125254391728,0.7622003323997188
ENSG00000134568,59.1899166561283,0.5713175159529825
ENSG00000138376,38.299719928524425,0.45013587807458644
ENSG00000128284,75.67383714991193,0.5961611829687721
ENSG00000125148,97.58060584907949,0.491666209950567
ENSG00000138231,79.86245448679115,0.13423960300604298
ENSG00000131808,83.23234843337258,0.2657537306790386
ENSG00000136997,13.459349515235564,0.15885093679183915
ENSG00000145241,82.25596909163362,0.18223693047636524
ENSG00000012048,92.04477704080747,0.4541317186467244
ENSG00000196611,0.8677689854675874,0.5244685474179123
ENSG00000073849,36.41319025975703,0.5331301685925534
ENSG00000012048,50.97761699514584,0.5298054617442818
ENSG00000141510,43.59409066351374,0.18614828643653036
ENSG00000145241,13.646980139764487,0.23482937532555326
ENSG00000134324,48.178692266925715,0.8581605044385608
ENSG00000109929,60.33231763135265,0.1030754521210352
ENSG00000196611,40.81548090730004,0.5009999302140312
ENSG00000124762,34.61013512969926,0.8778475589304711
ENSG00000128284,38.59142586660526,0.6477708500909147
ENSG00000134324,40.66076035236678,0.010473982252165781
ENSG00000124762,65.18923145575165,0.009118438959716757
ENSG00000109929,24.25169675714742,0.22322180818732063
ENSG00000012048,50.32967833233618,0.49640730134243605
ENSG00000141510,67.91331731560018,0.436676912719121
ENSG00000116679,41.14723537263901,0.12105390715416131
ENSG00000068971,79.79572645898959,0.9257135417497395
ENSG00000134324,17.926773559787158,0.953228697698166
ENSG00000144028,36.124777847674615,0.7442262113440747
ENSG00000068971,55.24909151450481,0.8624627451002748
ENSG00000108813,32.515893237423334,0.3838532225532545
ENSG00000125148,83.49089995690065,0.3187188852034565
ENSG00000138376,64.14204140607914,0.024238507046728808
ENSG00000012048,48.64401806595184,0.4219419514014946
ENSG00000136997,32.58697617436061,0.4725615711881682
ENSG00000138231,77.54556938313199,0.09951989736247968
ENSG00000012048,93.86186935805425,0.3636786114760924
ENSG00000144028,37.210240014437964,0.3550114514699022
ENSG00000138231,32.991397591833596,0.5326049377680768
ENSG00000133800,5.762641123143819,0.915880608186242
ENSG00000133800,75.54479923292547,0.2346581308294724
ENSG00000125148,49.99508204604331,0.7126149086186097
ENSG00000128284,30.0161678268444,0.9261279712264187
ENSG00000012048,83.9045161460408,0.07204603275665133
ENSG00000138376,68.87714621177466,0.6662670655554846
ENSG00000073849,69.67570637569803,0.4310026423407831
ENSG00000128284,49.05300308486892,0.1774039678464665
ENSG00000131808,1.267524327441416,0.2731421726249117
ENSG00000109929,41.35699083147695,0.3848470771524801
ENSG00000134324,62.23681340006247,0.30888388022149194
ENSG00000196611,6.9820082761752555,0.27579656493404714
ENSG00000133800,7.2342579794900885,0.999835048033717
ENSG00000141510,72.16788973005241,0.2914518573076602
ENSG00000134324,86.70518638313757,0.5981024187166217
ENSG00000136997,58.332299920920605,0.7394164730901492
ENSG00000141510,33.09267501209179,0.039329062231374445
ENSG00000141510,3.7588915510542775,0.7931097488637917
ENSG00000128284,9.52308455123566,0.23157129032001011
ENSG00000136997,80.41784248595413,0.21664025118266161
ENSG00000138231,74.77763053235019,0.4750513861624235
ENSG00000012048,63.55267910047212,0.08684757148845812
ENSG00000109929,61.78540669517692,0.8910315318420743
ENSG00000068971,60.05243316729041,0.8947643700116809
ENSG00000125148,80.21569622845074,0.0769784153956018
ENSG00000144028,76.28813411719628,0.6255551214611006
ENSG00000128284,71.10643781370536,0.8150925052506287
ENSG00000145241,22.06739862326024,0.30658395415995565
ENSG00000141510,10.668051047935611,0.2925712142637903
ENSG00000108813,28.582822428720988,0.016681980237388094
ENSG00000124762,69.50599989825807,0.6583783384096338
ENSG00000073849,74.36101203222262,0.3633979363954949
ENSG00000131808,6.730290024945306,0.009471623794636064
ENSG00000145241,55.63603834849793,0.4616104831012656
ENSG00000124762,77.60003824222696,0.28995822226464696
ENSG00000134324,64.04514177191639,0.5525196992197474
ENSG00000145241,8.236340669044118,0.7868275942691121
ENSG00000133800,82.10028272358964,0.9693815768169349
ENSG00000138231,47.87504834028587,0.7961173263423807
ENSG00000109929,40.764410916104445,0.797578270508431
ENSG00000116679,48.6990335188743,0.809707513558559
ENSG00000145241,5.678522119006013,0.9210387134278735
ENSG00000134568,49.160752615553974,0.0337122017084831
ENSG00000144028,88.02651072959105,0.5545364643646088
ENSG00000144028,40.11747656938549,0.4930002081603865
ENSG00000141510,82.35583730826636,0.6022828383683737
ENSG00000131808,29.399352415865486,0.479652528452293
ENSG00000134568,47.124958218682124,0.40257601385127295
ENSG00000138376,81.74057245937237,0.23781701120874155
ENSG00000141510,33.81052093029155,0.8508046933624264
ENSG00000109929,59.149321820653086,0.2633574697839036
ENSG00000131808,98.76115400938616,0.5516175375220687
ENSG00000125148,34.726403180461816,0.2802094378922474
ENSG00000138376,23.386477255639736,0.4114162769209392
ENSG00000138376,48.87042547546733,0.8389282242408019
ENSG00000012048,85.08057274428809,0.4063556804829277
ENSG00000073849,76.23723639634343,0.06217703408360964
ENSG00000144028,0.7014342551680208,0.745045252035345
ENSG00000109929,83.88200363465886,0.21335654588573227
ENSG00000073849,53.4725812346014,0.9605321077553376
ENSG00000133800,31.735691271218247,0.6998906523390396
ENSG00000108813,16.83822443408607,0.9121371798758917
ENSG00000131808,84.0735327358231,0.6292478794000096
ENSG00000012048,14.405966092806288,0.7149981378277316
ENSG00000125148,4.516945920295301,0.17935357437297428
ENSG00000012048,46.003353829676065,0.6605336003032406
ENSG00000068971,33.629364830422425,0.4881507268278099
ENSG00000108813,69.46372999212863,0.8405884548309114
ENSG00000108813,88.15325361431469,0.5846853784072561
ENSG00000128284,1.4264173993420282,0.6884877358418424
ENSG00000133800,20.66011690231113,0.1893073135745975
ENSG00000141510,47.48133360594022,0.7955699273592448
ENSG00000196611,35.047340265609584,0.30990606414673927
ENSG00000196611,13.598131875636554,0.17259440874986043
ENSG00000141510,67.91230226296408,0.33508755583534333
ENSG00000134568,16.542788951052234,0.9249530293813072
ENSG00000144028,72.77010445227911,0.7373220544652098
ENSG00000012048,53.72741552729373,0.870816890852497
ENSG00000108813,36.50246470955357,0.731664582690201
ENSG00000133800,62.49531774607521,0.7030521712715797
ENSG00000196611,6.619536240922508,0.6774428046843871
ENSG00000109929,95.14073587337411,0.1648365708946289
ENSG00000116679,18.139193388211726,0.32639057464181
ENSG00000125148,28.511286864664743,0.45372896292517395
ENSG00000073849,24.427946650109266,0.1572408145382006
ENSG00000196611,85.98655162562217,0.3138252485063807
ENSG00000138376,72.94117493773378,0.9120628960287167
ENSG00000109929,55.34835814965322,0.5989131236209922
ENSG00000068971,41.78042765822344,0.4023222927805693
ENSG00000073849,73.32594130412772,0.20145715102376782
ENSG00000138376,78.4532375037586,0.6267023723596252
ENSG00000141510,18.41038751392515,0.12356263155783431
ENSG00000125148,41.485707335878864,0.3420036883796532
ENSG00000116679,53.27038732292881,0.96635061485807
ENSG00000108813,84.25213780752789,0.5685534556121412
ENSG00000131808,76.49046262874913,0.9100100770836337
ENSG00000141510,79.8872499401229,0.6772045912319221
ENSG00000109929,15.300118738341094,0.6141646415844852
ENSG00000012048,75.61093446697451,0.7643923570037846
ENSG00000124762,43.08013717270285,0.7761101584645045
ENSG00000141510,61.826331892301724,0.2812398717131268
ENSG00000116679,62.33409942721114,0.49852373657975535
ENSG00000141510,80.05520058344574,0.7907954183567815
ENSG00000068971,97.33274667699766,0.659701140595302
ENSG00000134568,84.336744083027,0.9959334098386925
ENSG00000109929,58.03641980058421,0.03437717808708718
ENSG00000133800,95.53460618342748,0.849258979425194
ENSG00000141510,24.44404251212722,0.2247174085481446
ENSG00000141510,46.99300778364932,0.827971440093807
ENSG00000136997,8.829207731039713,0.8113212061397455
ENSG00000145241,34.55374392634537,0.7878208610080213
ENSG00000128284,43.951531505463095,0.6132022666781822
ENSG00000196611,78.47756494915481,0.7607944821670857
ENSG00000131808,37.7392524208319,0.384049017988521
ENSG00000124762,10.962774122988005,0.6972436156982554
ENSG00000073849,78.83561469029085,0.7946261000957436
ENSG00000012048,66.26948068221773,0.8561772787272516
ENSG00000109929,60.9429620198937,0.4727089708296236
ENSG00000134568,71.49190904701311,0.20369198529986288
ENSG00000125148,83.85390545281969,0.39284756099361284
ENSG00000073849,96.20230034497231,0.7453921655722622
ENSG00000144028,60.255404785561204,0.512939574753475
ENSG00000133800,56.803323756729576,0.5903650993503258
ENSG00000138231,67.48164731990924,0.8725125686191545
ENSG00000125148,60.077573815526655,0.3018700354702327
ENSG00000012048,63.1217062813366,0.9795825790765808
ENSG00000138376,76.80807280229192,0.3021584454083964
ENSG00000144028,25.2816263459536,0.38397280626874464
ENSG00000128284,13.688581059218096,0.9428983515877258
ENSG00000068971,19.544164370915396,0.17927272357163704
ENSG00000138376,97.26205147613818,0.4455284289270953
ENSG00000196611,5.953143644519699,0.834489582431955
ENSG00000145241,55.842664484959194,0.5908328269345523
ENSG00000068971,44.310295705454706,0.2404290884994722
ENSG00000134568,64.89928830938621,0.6621466085298767
ENSG00000125148,4.7675919157851965,0.30359120848964494
ENSG00000068971,99.89655635700663,0.8152635640940944
ENSG00000133800,97.95044182229525,0.576762403225841
ENSG00000073849,80.08863960492451,0.9443578964402929
ENSG00000068971,8.925837553949389,0.6863519351897989
ENSG00000109929,53.79602230207416,0.7122432354786129
ENSG00000012048,5.74619235545657,0.0487574875994754
ENSG00000138231,84.18106334945811,0.6321442463056193
ENSG00000012048,17.09692571802951,0.5570730968558455
ENSG00000109929,96.56005443330805,0.7052962108819968
ENSG00000196611,63.03750374207746,0.09397339074957556
ENSG00000145241,80.17262520312606,0.38265058287637965
ENSG00000109929,94.41292798459958,0.6912707655776005
ENSG00000131808,78.1611555352543,0.22818874303253533
ENSG00000138231,18.887808197892774,0.5929103605515919
ENSG00000134568,14.06313448359776,0.1064354536766765
ENSG00000116679,13.081478256210932,0.7487144024056739
ENSG00000012048,50.36371362049983,0.5030656742859487
ENSG00000141510,97.87325584529349,0.47626762968812575
ENSG00000108813,57.936468296091135,0.18461809843449883
ENSG00000109929,99.93820990374577,0.6757929693820054
ENSG00000141510,60.37443709812561,0.4844586053717689
ENSG00000136997,69.88763830332094,0.5714431220633933
ENSG00000108813,51.8983932526164,0.2602066052856471
ENSG00000125148,64.35964981979448,0.20402287003098274
ENSG00000125148,28.97103536281983,0.18345258339346626
ENSG00000012048,40.68106116740666,0.9466932536896417
ENSG00000138231,37.983168803177826,0.06124588074321169
ENSG00000128284,83.28137133295493,0.6412340278800848
ENSG00000108813,35.99709616471317,0.5404038097974992
ENSG00000131808,45.53933438095754,0.4667664391914217
ENSG00000073849,13.337036690825999,0.8547805435912506
ENSG00000133800,48.28601062735781,0.347229901441519
ENSG00000128284,1.4544848394841714,0.4866646634149049
ENSG00000128284,14.979220520503379,0.5744322962659392
ENSG00000134324,97.4266054215411,0.052739629331737814
ENSG00000073849,38.949343248343716,0.4938584228698557
ENSG00000196611,30.674049847624296,0.9733939724347382
ENSG00000133800,55.302661188873884,0.1397626469126868
ENSG00000141510,89.43456296070792,0.31074018454990093
ENSG00000128284,30.855518625650024,0.7825710350375426
ENSG00000128284,87.41822572116004,0.6528380497995698
ENSG00000145241,81.57183394091454,0.08172996155772083
ENSG00000134568,55.806097741144235,0.25002539765480636
ENSG00000133800,3.4955573266943096,0.8801981444871877
ENSG00000134568,25.04734097574509,0.19172573254203407
ENSG00000138231,93.07157304568544,0.3748541895450124
ENSG00000134568,6.032136578731306,0.35726634149345615
ENSG00000012048,60.59370802554702,0.8364044539950205
ENSG00000131808,92.1465784561975,0.7302795403060226
ENSG00000073849,12.050275491981699,0.4556811673904212
ENSG00000116679,64.53009165739779,0.25800736717789485
ENSG00000133800,66.9585273511778,0.7209902982294074
ENSG00000073849,2.5845312187529834,0.6334831827575251
ENSG00000138376,55.3993159008392,0.2857778993984499
ENSG00000141510,55.29192915000954,0.39416302461572994
ENSG00000141510,6.977494499473202,0.9767758608042766
ENSG00000138376,91.90443914361931,0.01545341688133095
ENSG00000141510,1.2043433818933802,0.8596948698663726
ENSG00000131808,12.356477170353564,0.09568673406814698
ENSG00000138376,97.82292005384822,0.03715080344464128
ENSG00000141510,8.285002813470943,0.7572993974194839
ENSG00000196611,28.481801642604232,0.8988320582660047
ENSG00000116679,82.23137601560416,0.47818441379029786
ENSG00000196611,37.198792863096145,0.3116308169767841
ENSG00000138376,69.05681279308406,0.3635265222792594
ENSG00000125148,89.74168959487959,0.4925323183679089
ENSG00000068971,15.595968469997468,0.4835172218716185
ENSG00000141510,4.059843273123165,0.3878072930132057
ENSG00000141510,78.21175303547086,0.013353179461804698
ENSG00000136997,20.333488059023676,0.06993072132684186
ENSG00000144028,46.88458068770046,0.40160812720358496
ENSG00000141510,98.32325078935517,0.4177056919959463
ENSG00000134568,54.38856127020269,0.550816503188923
ENSG00000144028,57.12335676458879,0.522235028708141
ENSG00000138376,23.94168121219018,0.3106275825596574
ENSG00000136997,12.954081704613863,0.44808203505838096
ENSG00000012048,48.75097899740415,0.7049228273513217
ENSG00000128284,89.16860829332931,0.06315896899456586
ENSG00000068971,35.5439564306969,0.05111301468323315
ENSG00000138376,59.80510657196578,0.20197331035878974
ENSG00000134568,80.30792310767907,0.7699561094157007
ENSG00000136997,22.066296144982132,0.11753289601730577
ENSG00000125148,18.584493744685094,0.3275268047214007
ENSG00000068971,97.36214299301547,0.5754968184565432
ENSG00000068971,16.117280428748515,0.5143967201922626
ENSG00000124762,44.324441484037536,0.7829174644000203
ENSG00000108813,86.85173868939422,0.3946087080395586
ENSG00000138376,81.78238373038211,0.728410688345468
ENSG00000144028,49.944144389396264,0.321905296771272
ENSG00000133800,42.914833496804725,0.33887595024427264
ENSG00000116679,80.68874356686952,0.1440702337012566
ENSG00000125148,4.057611132438977,0.6911693766692855
ENSG00000133800,59.63533525313293,0.942910075340622
ENSG00000109929,24.861849008150315,0.5237791346270186
ENSG00000124762,10.651359962852657,0.3704203052499895
ENSG00000133800,27.34665997805642,0.6853562487326218
ENSG00000145241,62.990584490125514,0.12636260956385625
ENSG00000133800,78.02505338070482,0.6599971069326049
ENSG00000196611,81.88909492288965,0.6894415536383028
ENSG00000109929,64.32658785031919,0.7979478464900628
ENSG00000128284,0.9353533793727165,0.6561918959379619
ENSG00000196611,96.12330538083863,0.038237642601451016
ENSG00000116679,67.62004454856083,0.08297388310381448
ENSG00000145241,70.94804375619461,0.2985143267975625
ENSG00000116679,79.3549180829913,0.44565876974976104
ENSG00000108813,64.28292205834562,0.2331307310669194
ENSG00000124762,3.2831358990978554,0.8787348528240834
ENSG00000124762,71.68123143376411,0.05538393301229594
ENSG00000141510,94.98844009503463,0.9595170488883269
ENSG00000133800,56.86733082346166,0.6677319580408865
ENSG00000068971,24.488765418009216,0.8037976551396304
ENSG00000131808,46.951377615131904,0.04302457913738411
ENSG00000141510,39.821185688626215,0.7198785289153864
ENSG00000145241,79.43545502560842,0.5034368852465455
ENSG00000012048,47.48716966639237,0.7500353527729714
ENSG00000124762,22.837077072252388,0.7107590006257147
ENSG00000145241,51.99170538848009,0.8456339374070421
ENSG00000133800,76.75006842448772,0.2778380501919604
ENSG00000134568,36.85315941512102,0.6827578784867989
ENSG00000141510,93.32961729988641,0.9051273991079294
ENSG00000141510,51.38234462119663,0.46682532345458294
ENSG00000144028,47.89609595687951,0.8261970475377572
ENSG00000012048,88.69472574684211,0.509933318952956
ENSG00000068971,58.728193548341956,0.8547372751081935
ENSG00000134568,48.07211485078208,0.5482256328777309
ENSG00000128284,71.87310764261909,0.21697854937281214
ENSG00000124762,87.29665089812133,0.4974589205362189
ENSG00000116679,68.36770920161783,0.901271562834605
ENSG00000073849,3.654155064072895,0.15768811030974017
ENSG00000128284,8.80212457488212,0.1866798306214953
ENSG00000131808,91.55117708377583,0.9053090971811744
ENSG00000133800,3.1329127961025827,0.07330091299550734
ENSG00000134324,52.76841942018373,0.9623964011633314
ENSG00000145241,85.82431062338118,0.5664091519440855
ENSG00000134324,17.58980177888737,0.02235782916682738
ENSG00000124762,71.342667475729,0.8266840950695608
ENSG00000124762,83.08614112641693,0.8310991958353151
ENSG00000128284,67.25119537556327,0.8782892921159431
ENSG00000116679,75.03481925635397,0.4858500533097544
ENSG00000138376,44.699659479579665,0.02543758854970568
ENSG00000138376,47.49012699124688,0.518838807532493
ENSG00000144028,46.184805575408504,0.09713095627580604
ENSG00000136997,63.5431926142748,0.46725529917089526
ENSG00000145241,44.262709637586894,0.4527670209661119
ENSG00000134324,33.96674947663638,0.5321792349208364
ENSG00000125148,24.547901109435365,0.2827132002913919
ENSG00000012048,11.432008010196837,0.7844669837936095
ENSG00000012048,92.36393216672975,0.060679654620083734
ENSG00000134324,30.140809764616094,0.6799337458765349
ENSG00000144028,6.612898436663861,0.7175227436473945
ENSG00000134324,86.68517692487492,0.012328865505123798
ENSG00000131808,57.492227388576765,0.4357676437926242
ENSG00000138231,19.364496733560934,0.7638543086674848
ENSG00000134324,18.00642664981914,0.6930195408767277
ENSG00000131808,72.3625891916328,0.835741224433149
ENSG00000133800,0.34429333868093437,0.9236074155539196
ENSG00000138376,75.17117808457903,0.5794361002236476
ENSG00000138376,79.24518593727775,0.22661081469905686
ENSG00000145241,59.91902665250246,0.965619325826055
ENSG00000133800,91.72112722074183,0.11241541587754822
ENSG00000109929,48.419968012339396,0.11943835823737492
ENSG00000108813,44.52318231405988,0.23447285026624476
ENSG00000133800,86.8595671223362,0.39986654925271126
ENSG00000134568,86.07150699513502,0.22269574745193588
ENSG00000134568,82.16481396358526,0.3681226752300698
ENSG00000128284,68.20288085855098,0.02528918987636819
ENSG00000012048,24.685506561114433,0.880966244182394
ENSG00000144028,35.195929429860215,0.6508271486372328
ENSG00000134568,66.43768286431492,0.9469415098014166
ENSG00000134568,6.758112938178263,0.4357535384108294
ENSG00000133800,94.64231504272166,0.25380585475508455
ENSG00000134324,99.74856832832553,0.22544151630425535
ENSG00000138376,43.712402419548134,0.44079771337975515
ENSG00000108813,35.255924356035806,0.5412266297347795
ENSG00000141510,91.24671770864529,0.5503114561376424
ENSG00000131808,41.68550566249433,0.7900730030696798
ENSG00000124762,14.970887215294294,0.8438609114939435
ENSG00000141510,1.406771806899898,0.5393482841006328
ENSG00000068971,80.93541393992024,0.9015436193204508
ENSG00000133800,80.57047376981052,0.11439522026380855
ENSG00000133800,31.629872453042584,0.9959102121783058
ENSG00000138231,33.91368942661492,0.011458250960088678
ENSG00000144028,74.83949303357453,0.18938292004808177
ENSG00000012048,52.15632654363278,0.03864486828460223
ENSG00000116679,70.36337492920181,0.16122840381812342
ENSG00000138376,42.046903478095174,0.578044745148296
ENSG00000145241,50.69699893313411,0.23076135646999374
ENSG00000125148,56.11092988545605,0.40646787327425915
ENSG00000124762,5.390288861103398,0.7479761773306282
ENSG00000134324,33.512768022711455,0.05143176672388983
ENSG00000138376,62.366447848674255,0.6721368163630265
ENSG00000124762,49.27032430706713,0.2652228177819502
ENSG00000133800,20.65445456919457,0.9446610359645172
ENSG00000144028,32.546244092795085,0.8751158394336152
ENSG00000144028,83.0994786509771,0.6928231869883261
ENSG00000128284,68.23100061660445,0.4688190449479478
ENSG00000068971,19.117147911020226,0.96319515397083
ENSG00000134324,31.84274662643868,0.9138819770324395
ENSG00000108813,74.05194851920966,0.13981384844089928
ENSG00000131808,17.01364094365505,0.19407459976175423
ENSG00000108813,36.056781109940715,0.6621801176424511
ENSG00000073849,2.220078093111588,0.6752065304547441
ENSG00000145241,39.72949162540477,0.09223522892789227
ENSG00000141510,26.638634258106265,0.21716250986695185
ENSG00000138231,68.85361999463501,0.36233964787518713
ENSG00000068971,22.59049603937421,0.8346403462738405
ENSG00000133800,66.21763162146381,0.7385070024266405
ENSG00000125148,81.16462145306541,0.6117081809105407
ENSG00000125148,10.434781454087105,0.585284991303436
ENSG00000131808,32.96147685033366,0.3236899082592867
ENSG00000144028,4.569303293687299,0.6415013015427901
ENSG00000141510,8.12700369420385,0.7971755030966876
ENSG00000138376,91.36425769144064,0.88135044760166
ENSG00000141510,89.56615497381362,0.7793330766266905
ENSG00000134324,23.277271305262516,0.6455230983844303
ENSG00000141510,61.102957397230874,0.41520295620054193
ENSG00000141510,67.11615817382558,0.3715935099880173
ENSG00000133800,36.13985060523961,0.20914681427998694
ENSG00000131808,21.038541397300314,0.3881052580938973
ENSG00000134324,28.396033397302702,0.20637274237821934
ENSG00000196611,1.7365749605971814,0.5641659926720572
ENSG00000068971,44.11622065614692,0.27449656126562383
ENSG00000144028,25.04526058445823,0.21639628336530314
ENSG00000144028,51.2992770953583,0.4149119689203059
ENSG00000134324,74.72530983898912,0.1999898413104494
ENSG00000124762,70.32323748843434,0.10058082387981937
ENSG00000134568,37.03057116692327,0.8609320904930761
ENSG00000145241,68.36999870235435,0.28259644077105517
ENSG00000141510,6.666061719084981,0.9684660142262981
ENSG00000073849,58.14038943532057,0.676674989071209
ENSG00000141510,23.512971915150516,0.5955445975949342
ENSG00000109929,19.022412797359458,0.5360930720799274
ENSG00000134568,35.39698096631365,0.05918291368560613
ENSG00000136997,49.73768095652248,0.7179185746322309
ENSG00000134324,9.084674711163132,0.03993904525458691
ENSG00000134568,92.12616997064697,0.05037071443358565
ENSG00000125148,75.05763541323414,0.2611382041200089
ENSG00000144028,11.437917695515477,0.7136087942552664
ENSG00000108813,13.554776583099958,0.2592435656747809
ENSG00000133800,54.62947527465965,0.2140387081488645
ENSG00000136997,87.45196704148317,0.13912612476202924
ENSG00000125148,96.81601179599404,0.5002312510031273
ENSG00000124762,9.755619010884365,0.7998112113517568
ENSG00000141510,75.8411462611606,0.05678624434984947
ENSG00000134324,73.67024097856348,0.5511339534164218
ENSG00000124762,50.15665010892987,0.7714536221566531
ENSG00000134324,39.42420669790335,0.6853463067193419
ENSG00000133800,7.164663307178431,0.06631856849747653
ENSG00000133800,7.178479383428393,0.5091904523077073
ENSG00000141510,38.90198694708577,0.39198894135890194
ENSG00000125148,83.17632298251976,0.2607678754249968
ENSG00000141510,97.83110499205068,0.07935426758933539
ENSG00000141510,12.440422693591035,0.9084614183348358
ENSG00000116679,38.192073189316,0.5804612383273722
ENSG00000134324,70.43747179516816,0.6649640689888695
ENSG00000012048,85.67611535466052,0.8625744990670082
ENSG00000116679,32.26962117268678,0.8521985199292686
ENSG00000144028,11.34951795587873,0.03205224342794322
ENSG00000134324,32.08701591107677,0.7126345910979379
ENSG00000128284,3.6418287815844996,0.219593150297426
ENSG00000145241,86.50662342970091,0.12421458299576638
ENSG00000012048,16.028750174806373,0.47301017801858214
ENSG00000138231,22.89076092353689,0.1964446015252247
ENSG00000133800,29.906326309746433,0.8631004585415596
ENSG00000133800,9.744111970417569,0.9534524482254343
ENSG00000124762,81.03778431680402,0.021482580730018963
ENSG00000145241,85.55168198283194,0.27472411139331854
ENSG00000128284,79.11353114604418,0.38474956317895526
ENSG00000145241,52.27847709364133,0.3272968677774485
ENSG00000141510,85.41075763577545,0.5929555812443221
ENSG00000108813,70.78539486430296,0.12262554295951733
ENSG00000073849,15.80804362611702,0.11100610127043853
ENSG00000141510,39.796439537223996,0.9702931192081059
ENSG00000145241,30.381082546339677,0.29667806132070806
ENSG00000012048,34.441305917322126,0.7278580616290238
ENSG00000196611,43.17852173883484,0.8934652787148304
ENSG00000109929,30.736382212651357,0.08645071945447524
ENSG00000133800,5.674830518399821,0.5324115586188182
ENSG00000134324,58.814903038582955,0.18959454310075563
ENSG00000196611,41.65319827789631,0.657894720090161
ENSG00000141510,67.34776870521802,0.7855259907831292
ENSG00000128284,59.215996115202465,0.15392966461057533
ENSG00000125148,98.52216675060558,0.06682679181417162
ENSG00000196611,9.166648230103736,0.810919558541072
ENSG00000141510,2.5351383008902495,0.3143554405534118
ENSG00000131808,61.314518694486445,0.5033659527479566
ENSG00000145241,0.31110293080180984,0.5880981258523102
ENSG00000109929,66.89187455859998,0.9435542704009154
ENSG00000141510,80.29652048395774,0.170866753348502
ENSG00000125148,79.39294221865482,0.08721200103250792
ENSG00000145241,77.98383994894088,0.2290533901180769
ENSG00000145241,80.3887062170524,0.8733043680249414
ENSG00000125148,75.23790177185633,0.9508335113542141
ENSG00000134568,16.054394018849226,0.8592395911744961
ENSG00000196611,53.26992070198391,0.056030393964715874
ENSG00000125148,63.27361619768662,0.6981357435723252
ENSG00000138231,20.72634440330513,0.9437122452581475
ENSG00000109929,60.35821208897863,0.09061067376855003
ENSG00000141510,21.049995832762836,0.2584977614005698
ENSG00000138231,28.415534305347457,0.6111274031209265
ENSG00000124762,86.3704073219173,0.49148159606731967
ENSG00000141510,57.653270982453364,0.6589096970261057
ENSG00000136997,36.18594961140054,0.8417421585945096
ENSG00000145241,70.37257992198876,0.8824226280925664
ENSG00000134568,76.07632147963595,0.1066028766119893
ENSG00000108813,23.429864714534265,0.1025614218102946
ENSG00000133800,98.8143630583884,0.7131701479500888
ENSG00000145241,26.096875749872016,0.02277920540219247
ENSG00000134324,48.77572132700969,0.5015018860947639
ENSG00000068971,98.95349127231468,0.32822393764909674
ENSG00000144028,47.29183394403492,0.5072701778300592
ENSG00000073849,6.300110485475052,0.6840172287677918
ENSG00000138376,2.7875265701010066,0.09019861771162063
ENSG00000124762,51.72764471717453,0.8857036264008402
ENSG00000116679,57.24678207659639,0.19287769659155496
ENSG00000128284,3.425960367166636,0.7937139871095082
ENSG00000116679,54.17652429962434,0.08349202348060936
ENSG00000138231,22.398321756011107,0.30003462722476293
ENSG00000138231,84.94301115626465,0.42133452600555255
ENSG00000141510,38.92807753434068,0.09937698960695207
ENSG00000128284,50.051183741434016,0.8992015877688837
ENSG00000145241,47.91690701932626,0.6070422198447162
ENSG00000012048,4.450250912788844,0.6043576303663835
ENSG00000073849,49.26461845012911,0.08621923816625543
ENSG00000134568,88.31824791991617,0.8655056795804743
ENSG00000131808,27.5173574946753,0.815523574397891
ENSG00000138231,7.881459355396836,0.04609165758569744
ENSG00000109929,81.12169193990113,0.7562203337245278
ENSG00000144028,3.9048656841276563,0.3967557595940401
ENSG00000141510,57.56132034292505,0.6767535850238429
ENSG00000125148,79.71504335990473,0.8853823861365695
ENSG00000145241,64.1273844746163,0.4119545356337522
ENSG00000141510,69.06539061032328,0.4433216648248999
ENSG00000073849,74.07442891104793,0.0076703767906242115
ENSG00000012048,24.58236217984895,0.206090305511907
ENSG00000134568,41.138426807321515,0.25154953272795144
ENSG00000141510,59.8363940088397,0.42265318077941383
ENSG00000116679,65.79118613999218,0.7821740430931013
ENSG00000128284,62.44478459594169,0.47548411766031096
ENSG00000124762,2.1797932477445547,0.14740489871638174
ENSG00000134568,38.345400277900644,0.4950293912552475
ENSG00000125148,24.91460851168409,0.27039007243516355
ENSG00000068971,34.658314250880764,0.8146116644716388
ENSG00000116679,10.321667663108958,0.10383827423175207
ENSG00000196611,61.09770996869739,0.6864441959295954
ENSG00000073849,81.20334599672002,0.010817581428092082
ENSG00000131808,97.47135987428948,0.7113148791317709
ENSG00000138376,12.235249179374962,0.7513536251445132
ENSG00000116679,85.52917008039478,0.2504876513609654
ENSG00000138231,47.58919896349633,0.8546164671942451
ENSG00000116679,88.69110636591661,0.8313545650008933
ENSG00000141510,47.38037723958538,0.7835696199623926
ENSG00000124762,41.784349840251764,0.37416959574952213
ENSG00000131808,92.64224524768964,0.3809886012793261
ENSG00000131808,46.02603739351269,0.9827377172438566
ENSG00000144028,30.422947883141493,0.5429331602830336
ENSG00000108813,35.92167694039669,0.032893306465700545
ENSG00000136997,21.170350678968585,0.8227965845607955
ENSG00000134568,99.67566057508428,0.6466122413816288
ENSG00000196611,70.92331987308289,0.4050847574756563
ENSG00000144028,19.74243540165208,0.4732540834772233
ENSG00000134568,73.70668119432422,0.10407589970422881
ENSG00000012048,61.28705818227673,0.8700150910771385
ENSG00000196611,45.968634625421046,0.340424411677699
ENSG00000134568,67.60678045587957,0.9502405339042697
ENSG00000138231,81.73658004967173,0.6201473362246235
ENSG00000073849,13.815671607229941,0.9119958458577961
ENSG00000073849,11.339128703150736,0.030695757611283625
ENSG00000138231,68.24469453680979,0.41831730927600963
ENSG00000128284,53.60220607609075,0.4887260662113293
ENSG00000145241,53.436233624706276,0.04069328935592309
ENSG00000068971,90.82376368223629,0.702657996828552
ENSG00000134568,37.98115198168498,0.4417028272234166
ENSG00000128284,71.66437866614184,0.7081432348742032
ENSG00000073849,33.84587652590329,0.45610609654099143
ENSG00000124762,69.69314893391164,0.4725136649918402
ENSG00000131808,97.25009052519692,0.7023970276995185
ENSG00000134324,40.49444713975271,0.5153759678315035
ENSG00000116679,23.588684268639938,0.26881640234303206
ENSG00000125148,97.13282718325378,0.1278352055166283
ENSG00000141510,31.969331558159286,0.8756041709384027
ENSG00000138231,53.923938047485855,0.991133050284222
ENSG00000145241,59.14686771431791,0.09649867288027558
ENSG00000131808,92.6775159809518,0.641052575683887
ENSG00000128284,84.72108864198273,0.4179065455271517
ENSG00000012048,67.8590025110452,0.07317378966423027
ENSG00000124762,51.83152437657106,0.4641986454292364
ENSG00000145241,44.28514067571941,0.07306868298443481
ENSG00000144028,23.24707254974838,0.13870795579194062
ENSG00000144028,76.99109627033356,0.5953763254398297
ENSG00000125148,21.11095716467647,0.3609418518070643
ENSG00000134568,73.28834840454148,0.7959701260148813
ENSG00000138231,9.82437223600815,0.8098936899918027
ENSG00000141510,94.42204658642395,0.06981168144730088
ENSG00000136997,33.29220086964176,0.5621939540232226
ENSG00000116679,16.97487781868582,0.8576808804840145
ENSG00000012048,15.636528449476595,0.37821174631000587
ENSG00000109929,74.67624838613948,0.15028434598356555
ENSG00000141510,84.50932513804756,0.8700836970985406
ENSG00000012048,20.883304490975906,0.1790117160189092
ENSG00000196611,20.939798209670357,0.010893202261357482
ENSG00000196611,60.750349422229775,0.7067640568902859
ENSG00000138231,58.00985095695227,0.30322270504996596
ENSG00000116679,77.78609086467132,0.20504479433813172
ENSG00000116679,47.38552181721306,0.20138377734917512
ENSG00000073849,44.864721719644585,0.4166618121255591
ENSG00000141510,25.693301754258847,0.3610421965106321
ENSG00000138231,29.404831850387993,0.05675915091177641
ENSG00000125148,89.32285559330741,0.5171355737378742
ENSG00000141510,69.67509703510724,0.4970143848147196
ENSG00000073849,85.45106237190316,0.6340442769362097
ENSG00000128284,85.77796360187865,0.6126741386599608
ENSG00000109929,80.25907727764557,0.3369895815183427
ENSG00000108813,47.02980897828378,0.23635545503452393
ENSG00000012048,58.531931029080695,0.8785663523539229
ENSG00000136997,96.73053002269147,0.6544452525320964
ENSG00000012048,33.82752350166625,0.10518667226896072
ENSG00000141510,27.6009173886938,0.7974859705584334
ENSG00000073849,91.85267895463305,0.152481111788343
ENSG00000133800,66.39045805430091,0.8072759664228971
ENSG00000145241,88.00588579851443,0.8832264015450952
ENSG00000068971,84.75633985308133,0.24638577361623648
ENSG00000128284,69.70608791168567,0.2730142721981784
ENSG00000133800,74.83946454271766,0.5548966383831893
ENSG00000138231,14.477474138049507,0.6982149792206405
ENSG00000141510,23.421924291948294,0.6610774934817754
ENSG00000144028,42.37801884723799,0.007062230652258528
ENSG00000136997,44.630816985380704,0.1279600447697582
ENSG00000128284,32.41752920927181,0.7667877742917838
ENSG00000124762,99.90970288824296,0.1962272083474884
ENSG00000144028,69.4264630445218,0.5027335011986662
ENSG00000138376,88.79606316575737,0.08863155591113836
ENSG00000134568,62.7209761638396,0.07467286557901998
ENSG00000144028,21.888068354287114,0.8213788442646021
ENSG00000124762,91.96819767690639,0.2924447432248434
ENSG00000128284,7.44075905106415,0.35224568579152526
ENSG00000141510,88.07282149894313,0.27673588084773715
ENSG00000196611,44.646256671095266,0.30397919995909706
ENSG00000131808,69.00403406057389,0.9192095108210357
ENSG00000133800,30.236308609880812,0.9021938829527897
ENSG00000138231,86.77335634846798,0.4812753289993865
ENSG00000116679,51.73681212681459,0.3612594592282713
ENSG00000109929,59.672980260589995,0.8402042117604891
ENSG00000144028,57.75222528555914,0.28143155199619807
ENSG00000068971,89.09829169950679,0.6328190362358115
ENSG00000128284,19.682956932793573,0.8996576343331145
ENSG00000144028,60.78259292124777,0.7942529994263815
ENSG00000138231,38.41750117612809,0.5267396667904438
ENSG00000134568,68.10056654989032,0.8356280825731591
ENSG00000134568,38.329809588917115,0.03591702670932084
ENSG00000116679,87.254572626092,0.7040574976772384
ENSG00000109929,59.818803318270966,0.4533886791269559
ENSG00000141510,97.33315264503595,0.4697380725027406
ENSG00000144028,97.07199430655682,0.31254759346847816
ENSG00000128284,13.013571625674325,0.5698554847508847
ENSG00000144028,67.11640959128968,0.3009273743305638
ENSG00000116679,77.80785569419871,0.8120779392797742
ENSG00000141510,43.88691724952467,0.7040017677204059
ENSG00000136997,13.27763406807202,0.6781823261024383
ENSG00000131808,80.11246131630058,0.0038688984251836755
ENSG00000073849,98.2826874416863,0.946885035049471
ENSG00000141510,62.870697332896576,0.913788354112297
ENSG00000136997,7.209176014161844,0.3123774047424872
ENSG00000012048,96.70945082603187,0.6877452476303108
ENSG00000109929,82.70203747703677,0.86855025513785
ENSG00000145241,40.796564553969375,0.7567990353034872
ENSG00000131808,52.10183723624896,0.6759743749505196
ENSG00000131808,13.235808436735553,0.18682957457771832
ENSG00000108813,66.24189609788081,0.47166840451123293
ENSG00000138231,67.97640075032157,0.3581036371612736
ENSG00000124762,27.190896363249028,0.3755544427950184
ENSG00000138376,18.533581960073697,0.3314832503165971
ENSG00000124762,53.52298126970096,0.7125304170201228
ENSG00000138376,63.318872276061335,0.07083776448493606
ENSG00000138231,40.0265336643333,0.6701822717945972
ENSG00000138376,82.27046825206908,0.15285892693393233
ENSG00000133800,74.61324532103002,0.05956341042953728
ENSG00000128284,11.414087890245428,0.2275083391784396
ENSG00000124762,7.287763578145434,0.45139378676429087
ENSG00000138376,32.91480548347373,0.22244905150317085
ENSG00000138376,67.74354338445873,0.6331034910722905
ENSG00000109929,70.07701936524793,0.9570140413014584
ENSG00000116679,50.49229336589974,0.21029247940567541
ENSG00000073849,67.67744401040343,0.8736594901598765
ENSG00000108813,25.592147189068537,0.12048381179131717
ENSG00000012048,92.07102819306319,0.951896380508111
ENSG00000144028,36.120840550063136,0.25215892497503734
ENSG00000134324,46.90051416611233,0.0831307683971374
ENSG00000128284,6.929562662068589,0.16799609160181728
ENSG00000141510,97.9655577778569,0.4985892647159885
ENSG00000136997,76.74187265875246,0.8309177357538085
ENSG00000124762,75.5507933928774,0.8721558834012385
ENSG00000138231,70.97537807607574,0.1848474875210735
ENSG00000141510,47.06409142894423,0.8070813943357866
ENSG00000128284,69.98191228255838,0.6548363922175692
ENSG00000141510,19.361421173255145,0.085094988554682
ENSG00000073849,65.94567806649184,0.12421986206912816
ENSG00000134324,13.894511941109066,0.29117502647103166
ENSG00000136997,43.00815030879246,0.3673752479433967
ENSG00000138231,40.75467600598923,0.4634942329404399
ENSG00000068971,53.75107457876782,0.02249051584467865
ENSG00000134568,89.3440928850731,0.4208612254697621
ENSG00000141510,27.44043920602558,0.5559759740830991
ENSG00000109929,32.95113673719001,0.6186122772063323
ENSG00000141510,8.2798290329693,0.31969049118137727
ENSG00000138231,34.739865733553344,0.8492886673950925
ENSG00000012048,40.97936300602496,0.4721201683903167
ENSG00000073849,14.27596862621916,0.8216372593425497
ENSG00000068971,54.48715395953761,0.2868785794632147
ENSG00000136997,59.944220234727155,0.7067845384644433
ENSG00000134568,40.72732933865052,0.7880972161685945
ENSG00000133800,9.688541883910062,0.9761020511543527
ENSG00000124762,11.608027156973433,0.22390661152913993
ENSG00000138376,36.04537175540593,0.6992339041345209
ENSG00000144028,25.22874892581917,0.9794481416723576
ENSG00000145241,80.378235592486,0.5236235043907342
ENSG00000136997,2.1161666632307674,0.24904662594866867
ENSG00000144028,82.90768215609627,0.09842636107956215
ENSG00000144028,84.04979206818078,0.5466508727194697
ENSG00000141510,59.86976892351831,0.8264077826143756
ENSG00000196611,95.56380984449183,0.5740534921759374
ENSG00000128284,2.1624729227905926,0.35377351642992627
ENSG00000012048,92.52748167597156,0.27274734928387967
ENSG00000116679,39.76061789238893,0.03491060428306647
ENSG00000141510,63.03406547885435,0.7991391125963208
ENSG00000073849,3.1269854578789946,0.01625794357530652
ENSG00000141510,96.86288793251803,0.5368820414535348
ENSG00000068971,52.52149973727148,0.9629505094643979
ENSG00000124762,50.38323078680913,0.9644167333668953
ENSG00000109929,52.00975680251202,0.5888439733366089
ENSG00000068971,62.64282624294828,0.7178711459976297
ENSG00000133800,57.22449922813002,0.44894836415387607
ENSG00000133800,36.99881921093132,0.38072919347786083
ENSG00000128284,2.758081535886847,0.5379368253473054
ENSG00000012048,73.63484514435868,0.7849803260157281
ENSG00000124762,18.297745119322183,0.6355095997229467
ENSG00000138376,62.28179771446407,0.7280159927813209
ENSG00000141510,51.033504785876126,0.6193805164259427
ENSG00000138376,75.76357513670719,0.7246003440076406
ENSG00000012048,3.9861145019124966,0.5938347184327646
ENSG00000136997,80.53987625074075,0.49497446495340225
ENSG00000138376,97.46269598444866,0.4993591021515392
ENSG00000125148,58.86244124899092,0.6641715077554606
ENSG00000128284,1.66272007716316,0.5056264617777536
ENSG00000109929,64.65400044277338,0.15060841503793398
ENSG00000145241,14.504047029904509,0.9401900217590037
ENSG00000116679,32.78316243171767,0.3580675119948452
ENSG00000108813,40.4482344979004,0.8104869737568844
ENSG00000012048,56.89046231936866,0.6305948951452133
ENSG00000131808,60.31643192766353,0.590674492404739
ENSG00000134568,85.27370546286146,0.7774328325725534
ENSG00000108813,23.877004229269183,0.9689717267568955
ENSG00000141510,76.36838513340162,0.6306689691516711
ENSG00000141510,29.092292455857283,0.39414199758278723
ENSG00000109929,94.94563214387168,0.5209393312073215
ENSG00000116679,65.51648004519566,0.2797390976342198
ENSG00000124762,56.87677689170943,0.08976343477278514
ENSG00000133800,24.07230822493268,0.6140052013132609
ENSG00000138376,80.19004538420354,0.9145495478464631
ENSG00000125148,64.91409862274422,0.2600457084483726
ENSG00000138376,82.19961164229267,0.9851927644526657
ENSG00000125148,34.74889600020824,0.6771338406730861
ENSG00000108813,28.960231452332152,0.8183444681582636
ENSG00000134324,12.899343068682889,0.35555891138346085
ENSG00000073849,47.47344192242059,0.7685657397208777
ENSG00000128284,27.411910607394564,0.0007633980648138472
ENSG00000073849,94.18374245604299,0.8543078105760245
ENSG00000136997,76.87216741157388,0.028306851375211495
ENSG00000145241,32.543218741530175,0.009508264126027788
ENSG00000124762,18.70426665867563,0.7982361707090162
ENSG00000073849,16.212681518046,0.33574444771629197
ENSG00000128284,58.466991596582375,0.17292905092645616
ENSG00000073849,61.478042175269884,0.06509823549417704
ENSG00000134324,63.34601123243898,0.7143793194275749
ENSG00000128284,59.45718763781584,0.7693854509540508
ENSG00000134568,74.29153938806363,0.318485565843005
ENSG00000134324,49.22281740062488,0.3868357737791034
ENSG00000128284,62.9517879921081,0.5433126647607716
ENSG00000124762,68.09784007192093,0.005490310271502263
ENSG00000134568,71.46758187749468,0.31469944656107807
ENSG00000138376,27.91921006135184,0.9196464800044176
ENSG00000144028,63.46390519644313,0.24448008921622555
ENSG00000125148,72.76074196964032,0.21141489835200944
ENSG00000012048,47.584182023695206,0.5069281110367463
ENSG00000196611,35.47848148840941,0.0201394816538204
ENSG00000138231,61.778894291725386,0.4178278724420671
ENSG00000012048,69.72880007686906,0.778241030691495
ENSG00000012048,62.51740507530814,0.041671349362957466
ENSG00000109929,51.178615937565105,0.2943260858994253
ENSG00000141510,71.26751245684835,0.6102239503484236
ENSG00000124762,41.70559565733454,0.3420997365987666
ENSG00000144028,68.06585830981024,0.4063848015752187
ENSG00000128284,77.18213979366335,0.995182598162763
ENSG00000144028,13.770722062387042,0.13971202947168915
ENSG00000134324,55.51708434126454,0.19157262384980112
ENSG00000133800,72.32033577281655,0.8684884800179501
ENSG00000109929,71.54995238787046,0.27301465669587077
ENSG00000134568,17.980300458406617,0.07948321825951687
ENSG00000109929,94.25319195443373,0.6378521610060471
ENSG00000196611,13.513319392438817,0.7669953990269588
ENSG00000073849,41.57773422587666,0.521257697999838
ENSG00000109929,42.56457727465214,0.3894944873959886
ENSG00000012048,98.43094028088021,0.988620472910787
ENSG00000134568,12.544958554988494,0.5281489912189581
ENSG00000108813,24.545715787024157,0.7107908183624229
ENSG00000136997,85.09193976728331,0.8464481443887107
ENSG00000138376,94.90508459974632,0.5787049013513732
ENSG00000068971,35.231368996257714,0.22026431881262543
ENSG00000108813,78.712344153145,0.6059292300864714
ENSG00000134324,7.96534069084216,0.03349160909291782
ENSG00000134568,1.2308185314820919,0.05283909740757975
ENSG00000073849,73.74806950421198,0.5752647374089187
ENSG00000116679,77.82215757322739,0.37039085434361163
ENSG00000068971,87.72618972818125,0.1540546988119691
ENSG00000068971,78.87148424946486,0.9721157379263733
ENSG00000134568,13.349250566001402,0.843509971814019
ENSG00000108813,59.08316301326122,0.37659562874938635
ENSG00000138376,35.08214926373715,0.6071972431559304
ENSG00000133800,76.63130241087589,0.5096466352726305
ENSG00000133800,11.53645967485064,0.715863312855767
ENSG00000109929,36.796953324297355,0.3891807570689516
ENSG00000073849,61.07154959455847,0.8994433214276674
ENSG00000145241,81.15083265756526,0.7525772404566736
ENSG00000108813,28.83842723895946,0.43881079482036656
ENSG00000145241,94.14198881005576,0.3589010457447134
ENSG00000124762,16.936640678725745,0.5228884406976968
ENSG00000196611,78.86785146855819,0.690352666796333
ENSG00000134568,51.31814348877193,0.8688880786092044
ENSG00000138376,58.72334356518847,0.25506686331556816
ENSG00000116679,68.63157423964486,0.9296666573251171
ENSG00000124762,19.77179509559782,0.6302782056570364
ENSG00000131808,72.01518432995437,0.2141759240501484
ENSG00000128284,3.5953620541683273,0.47906076672598574
ENSG00000134324,47.165657587231856,0.08208610019034523
ENSG00000131808,59.13649394831231,0.7032723136884939
ENSG00000124762,89.02868734653163,0.38321500961444865
ENSG00000125148,71.0114508068748,0.5192233236189993
ENSG00000109929,38.742845560117956,0.1360487342343094
ENSG00000196611,25.38610672163102,0.48351923309078804
ENSG00000068971,74.40187403536946,0.5782759424629106
ENSG00000131808,72.2470442290547,0.5103193341419524
ENSG00000196611,58.23277099749716,0.4863741196498651
ENSG00000108813,54.024462787975615,0.5163733580889965
ENSG00000141510,50.57933558916429,0.1377158256750345
ENSG00000128284,93.41096268719453,0.7476548489682593
ENSG00000196611,13.614971976246027,0.39858841088931074
ENSG00000125148,21.174102190738488,0.101324095362202
ENSG00000109929,55.73926993311959,0.024504598629379037
ENSG00000138376,93.77992519009986,0.8091522740430374
ENSG00000068971,25.842398909621934,0.2947837046648696
ENSG00000144028,50.59510656204343,0.49540913895118543
ENSG00000124762,81.80772032919263,0.19770039334281075
ENSG00000134568,30.568638043161446,0.21660211364267878
ENSG00000138231,66.12630045205661,0.1771685687272151
ENSG00000012048,85.02934958887894,0.14606410044347162
ENSG00000134568,67.67816144527103,0.5963896329966489
ENSG00000125148,68.21247374579836,0.6542775314446637
ENSG00000141510,59.24518361571424,0.13844844969673176
ENSG00000133800,26.916094387640243,0.09664821791772416
ENSG00000131808,17.531608153710998,0.15451570747598664
ENSG00000068971,5.733556430879938,0.3071976637487165
ENSG00000141510,91.82007106466924,0.6933727589698082
ENSG00000128284,82.04543519475052,0.01401859239166725
ENSG00000131808,25.51435746899231,0.23088815227671078
ENSG00000131808,60.49480335502785,0.18772900957553817
ENSG00000141510,8.608724523094969,0.43490641843620037
ENSG00000068971,69.26419009716915,0.4950825776964455
ENSG00000144028,5.382508739889424,0.24707791870222617
ENSG00000134568,59.990501647792605,0.42169416767970913
ENSG00000133800,0.7659465912769781,0.8826170235462946
ENSG00000138376,51.831870338625464,0.6759106969818657
ENSG00000068971,38.86843975244698,0.071184948746004
ENSG00000124762,76.96888626721838,0.1279096243571588
ENSG00000141510,82.3168431532476,0.21452534852880478
ENSG00000073849,93.48306921956431,0.9115997793221954
ENSG00000131808,94.30088147393091,0.7689137898096811
ENSG00000068971,78.0047659013676,0.9502953746231305
ENSG00000145241,64.86500180423718,0.443502255134796
ENSG00000073849,72.12366195210987,0.06998255520261176
ENSG00000116679,38.59165462972424,0.4327271443053333
ENSG00000108813,9.784160705759549,0.2976099981031941
ENSG00000136997,3.5666680794783523,0.15251247326133188
ENSG00000134568,86.39367586985573,0.35320477677219864
ENSG00000141510,54.70700507345341,0.13660241445182209
ENSG00000136997,10.410027020191315,0.22748115183119877
ENSG00000196611,33.24771304593532,0.48886002677028684
ENSG00000138376,32.56841913075033,0.7926365309565822
ENSG00000136997,64.05493327498893,0.5005739078649631
ENSG00000128284,8.252343567428289,0.322877084010315
ENSG00000012048,75.26109219634776,0.9855378668749741
ENSG00000145241,17.387188622541004,0.35588391439077094
ENSG00000196611,86.93386168600561,0.2968286745704022
ENSG00000145241,81.21906248654078,0.8949033804930911
ENSG00000141510,31.928026714355262,0.3703869287118735
ENSG00000109929,76.89759783488466,0.012580475133377789
ENSG00000138376,60.252425541237265,0.2521414799460524
ENSG00000134568,57.411760578086216,0.023330659201178383
ENSG00000109929,5.708841026868949,0.3700344622543871
ENSG00000141510,19.710637065881453,0.07283985155324435
ENSG00000196611,45.90016477617019,0.5144235656848167
ENSG00000012048,7.579413559453041,0.5684590877907307
ENSG00000141510,99.03980835880765,0.18684940451242305
ENSG00000108813,87.67733797997394,0.10076470407294236
ENSG00000136997,73.83869221800522,0.10479960363741947
ENSG00000136997,99.04515285915659,0.006440559308764637
ENSG00000141510,68.02186952431136,0.23875710247278836
ENSG00000138376,26.11734331473946,0.06469423828219112
ENSG00000196611,32.23786678196719,0.09834827829548232
ENSG00000138231,67.04328407428235,0.7496883239576131
ENSG00000073849,11.705780588204007,0.25658655161510413
ENSG00000134324,21.42619036952418,0.7653150319994542
ENSG00000068971,79.4643162867075,0.9744709242228391
ENSG00000124762,8.10344649214575,0.7230509810439393
ENSG00000144028,30.218863573988266,0.26707165633883345
ENSG00000138231,74.75452224813652,0.6308094990560542
ENSG00000068971,48.44341683482965,0.5409787614143611
ENSG00000133800,63.40133533643163,0.5983677463466889
ENSG00000141510,74.71627982819768,0.10712167513422333
ENSG00000134568,77.83207101585245,0.061321678331942575
ENSG00000134568,87.9406637871713,0.12792562750522352
ENSG00000134568,0.5111035636620409,0.9145792135079983
ENSG00000109929,86.32348438062311,0.27628624207217367
ENSG00000068971,66.79162397084114,0.680498134473654
ENSG00000144028,13.548620562577385,0.7521013264714327
ENSG00000128284,32.73427385445049,0.43317532422495064
ENSG00000124762,25.09118685344891,0.08591026385325196
ENSG00000012048,40.37704745060502,0.5737747727528081
ENSG00000133800,82.14430321944788,0.4506816377417985
ENSG00000138376,72.11153826005925,0.18262237562873984
ENSG00000134568,54.464776234236744,0.26002798891394097
ENSG00000133800,14.42770437123102,0.9328725628193472
ENSG00000145241,94.89252355945669,0.9557376939639528
ENSG00000136997,7.417253059392149,0.29487793193308565
ENSG00000131808,41.339515393702065,0.8703619856777732
ENSG00000144028,53.10939155795006,0.6423401791158363
ENSG00000131808,26.00764859766955,0.7641040886921467
ENSG00000108813,35.38182447530998,0.4707026777161065
ENSG00000116679,58.22524716926105,0.15740250590220262
ENSG00000109929,27.751161111324883,0.5593498725886906
ENSG00000068971,72.60524739845482,0.43853674357642025
ENSG00000125148,29.102098124816,0.050083220025562314
ENSG00000124762,39.72302427977393,0.4587652577812048
ENSG00000131808,90.20798715250042,0.32360643475457007
ENSG00000108813,1.627977046411233,0.5850644576614918
ENSG00000073849,74.34103150819203,0.10772811986635222
ENSG00000068971,83.32592662480954,0.9071687480507552
ENSG00000144028,46.23139616100621,0.7953107710836149
ENSG00000141510,36.38992149615603,0.4698290522401716
ENSG00000128284,28.22846272030577,0.7019385422514881
ENSG00000012048,62.793710260060465,0.5850554689485046
ENSG00000128284,71.82333623810506,0.842966630937324
ENSG00000134324,69.61651457290614,0.6405506956012409
ENSG00000145241,14.682751987590748,0.44820691712864047
ENSG00000141510,53.46211541655609,0.04405856930253449
ENSG00000128284,99.14466288355494,0.5132449008771591
ENSG00000134568,34.78321549669836,0.20101633754969672
ENSG00000141510,24.585757391114992,0.7561362845797132
ENSG00000134324,72.78316130149163,0.31103284536757814
ENSG00000125148,27.59600792579414,0.7875952388445794
ENSG00000131808,77.73776741138951,0.8574390424484013
ENSG00000128284,3.870328627337438,0.06626092319773591
ENSG00000141510,27.43389006158482,0.41917642508899444
ENSG00000125148,44.82271250437837,0.9505315421003242
ENSG00000136997,40.02240767620614,0.5359036542592077
ENSG00000073849,34.92667629372171,0.09822341743040608
ENSG00000196611,16.05631030259098,0.6269402039737297
ENSG00000141510,39.89146964466392,0.6422561960672364
ENSG00000141510,66.65503737767362,0.15661744450539938
ENSG00000108813,87.03658587320783,0.5914874745377083
ENSG00000116679,25.0284470677121,0.1971737998148022
ENSG00000134324,8.147905955796041,0.6139084015201185
ENSG00000108813,5.60388213786065,0.366700500565989
ENSG00000124762,83.85582429264011,0.3951201656686528
ENSG00000133800,83.80600892741583,0.9746597482248281
ENSG00000141510,50.35366338446748,0.750901409976336
ENSG00000131808,66.90332440347233,0.8051308713052021
ENSG00000133800,79.4685475681522,0.443864885762821
ENSG00000073849,22.780088178254232,0.036060062802650505
ENSG00000128284,84.93476634582905,0.47258427433080175
ENSG00000131808,6.757324146388111,0.8992179706333321
ENSG00000128284,70.82367285211046,0.3057021368518942
ENSG00000141510,35.35060615589286,0.05361614520140401
ENSG00000134568,68.11516800506837,0.7890985516500724
ENSG00000134324,88.25069491440533,0.2733361783365391
ENSG00000109929,6.7083959532871384,0.5219989446270797
ENSG00000138231,47.08240030876312,0.8532237724335827
ENSG00000012048,32.42993034046214,0.20901316270364956
ENSG00000144028,54.571727173226925,0.7816247015464606
ENSG00000073849,41.76271966833429,0.7459096479714993
ENSG00000109929,76.0927410010308,0.1828686430679226
ENSG00000145241,54.7161277352426,0.4359745096547778
ENSG00000134568,71.0673285145542,0.41023919471194914
ENSG00000141510,41.876633413785754,0.2174633958159886
ENSG00000134324,22.835308758201023,0.07487920544784765
ENSG00000124762,14.730554411411578,0.605333065922789
ENSG00000108813,45.15733902239162,0.3935072360639861
ENSG00000108813,43.457904242310555,0.8656937495350794
ENSG00000109929,15.799594588353427,0.022297377591445455
ENSG00000012048,0.18666831039442222,0.5854296212315171
ENSG00000109929,61.660615316543364,0.31941400080769455
ENSG00000068971,90.43890422346107,0.8883496152655607
ENSG00000144028,94.0521085498587,0.05272198007789719
ENSG00000108813,55.102345847501,0.381012385900356
ENSG00000196611,49.22504331336104,0.01203301056474182
ENSG00000136997,79.24748556355117,0.4679878657789077
ENSG00000138231,45.447693596009486,0.5262023012871957
ENSG00000012048,29.120784705499492,0.8294177084904019
ENSG00000068971,43.68165552745838,0.3131688189024573
ENSG00000134568,91.20185485636742,0.6220282864232456
ENSG00000145241,40.56199178142889,0.24157458573553314
ENSG00000131808,77.0050271956189,0.29545113586254157
ENSG00000108813,11.948489312874521,0.5170384380959597
ENSG00000124762,23.94547463551885,0.05793347472432875
ENSG00000145241,39.078608965716576,0.6586510223730312
ENSG00000073849,75.41590808498415,0.7970872048369797
ENSG00000138231,77.87625849910367,0.5887804688869547
ENSG00000136997,59.35304057409751,0.006205872388253986
ENSG00000134324,80.12779145247802,0.8810735065529505
ENSG00000131808,86.58731226328672,0.7740555941296846
ENSG00000124762,92.32968762246773,0.5541443004589351
ENSG00000068971,22.156231955735283,0.9492111861848381
ENSG00000138231,1.1641323952839011,0.7858652032709124
ENSG00000138231,47.93153566031941,0.2236381537883826
ENSG00000144028,96.90384283568689,0.8595520747947922
ENSG00000196611,69.27189241277935,0.46256746603197196
ENSG00000138376,86.43265283164929,0.6146223600774207
ENSG00000124762,50.72151918455939,0.7996429138465171
ENSG00000068971,78.71921514736933,0.7838662586096545
ENSG00000138231,40.93727877094096,0.7024944450863281
ENSG00000144028,94.42999081109275,0.5136264808547389
ENSG00000133800,80.532075480446,0.7142965158488256
ENSG00000109929,18.043481392774307,0.8255615208953756
ENSG00000145241,0.21515572825430151,0.6558574823721082
ENSG00000124762,47.51000630221011,0.4662881437592732
ENSG00000196611,26.58379505903109,0.06055105587524212
ENSG00000068971,24.01134782590849,0.25236609421007317
ENSG00000133800,60.37376993882509,0.6309861421783526
ENSG00000145241,73.64485659253933,0.5090084131513223
ENSG00000141510,53.44124853507742,0.5023533131761211
ENSG00000138231,7.520577606857315,0.047208188256265604
ENSG00000144028,43.55848698618989,0.41687020631164673
ENSG00000141510,59.607849062171326,0.7035901795715716
ENSG00000125148,42.169924620625466,0.14227750250514515
ENSG00000145241,89.27228860426652,0.3744702346551274
ENSG00000141510,14.90467554537136,0.38238441713236304
ENSG00000116679,79.82362981413722,0.7499013980153656
ENSG00000068971,57.451469747003344,0.16714240984332285
ENSG00000134324,61.48722766006781,0.348174462582581
ENSG00000138376,45.340639646698264,0.10056213539464354
ENSG00000134568,45.46203472956493,0.9251240130115995
ENSG00000124762,91.40860665338283,0.08473914104125557
ENSG00000141510,27.201409641674847,0.6460389031378918
ENSG00000145241,48.48402093498022,0.42664068977412084
ENSG00000012048,55.85831522510959,0.4511358260151418
ENSG00000134568,77.55431542229438,0.8051819307256762
ENSG00000109929,21.33356646978014,0.3872244198899957
ENSG00000134324,86.6236386687501,0.49088998754492497
ENSG00000133800,52.42674627083003,0.9156251566675616
ENSG00000133800,96.21871086642709,0.1130098088673459
ENSG00000125148,91.64206161097296,0.2000582769174769
ENSG00000131808,96.54370695732295,0.6096028001779047
ENSG00000144028,99.42430316326477,0.7201962202163555
ENSG00000068971,57.738095504371344,0.9643679961611552
ENSG00000134324,63.84083866422158,0.787815059738706
ENSG00000133800,84.0707910166329,0.1307502170385597
ENSG00000141510,96.3213792402826,0.04511919918135521
ENSG00000136997,33.16598077949165,0.49600453194634764
ENSG00000141510,93.31723755639624,0.14946247229752063
ENSG00000124762,70.59939443223998,0.2619742171471465
ENSG00000145241,50.74754982643708,0.22009293647163275
ENSG00000128284,30.39136006571631,0.18726917755585004
ENSG00000138376,27.82895545669123,0.027652257175083017
ENSG00000125148,33.20888809169959,0.16563368297293568
ENSG00000141510,27.241791626579904,0.7516705883892499
ENSG00000073849,12.321500472594227,0.3103649455277716
ENSG00000141510,17.301681227541422,0.9867466554237124
ENSG00000073849,2.3329735448035738,0.9362907486213753
ENSG00000073849,29.12446413698474,0.6351868983507548
ENSG00000125148,76.14547245014943,0.2177596789573425
ENSG00000128284,11.7896800982359,0.9371777759638134
ENSG00000141510,70.39643542362052,0.6566384737610654
ENSG00000138376,30.128184782084155,0.15323485760077726
ENSG00000116679,62.972460209526645,0.964065091069047
ENSG00000124762,72.2097090381452,0.4051741016195066
ENSG00000145241,42.595565698503776,0.6559896686989816
ENSG00000131808,37.53969697701017,0.17334244881059235
ENSG00000144028,71.13375962582566,0.7826613025278912
ENSG00000196611,91.46849591969502,0.7372544367307594
ENSG00000196611,37.3774246037967,0.025038977056151768
ENSG00000068971,82.63092057505034,0.3987640123517382
ENSG00000109929,13.216591443814307,0.6341013835005772
ENSG00000196611,0.45914586263468005,0.5074824159088597
ENSG00000138231,65.45003089834442,0.22064478573507462
ENSG00000068971,69.68585318660483,0.8646061022149116
ENSG00000144028,37.767817295431996,0.3527304038965674
ENSG00000068971,44.3152966890459,0.17211406108104943
ENSG00000144028,71.23481305165036,0.6138224577907864
ENSG00000141510,57.59477309846419,0.9483348093220757
ENSG00000145241,3.3897910342661874,0.8174569143581262
ENSG00000134568,4.468730483512006,0.6588082105703585
ENSG00000108813,68.23230053760705,0.6300971322033723
ENSG00000012048,25.489923425824013,0.281073535608812
ENSG00000012048,53.19083435110002,0.5797486881745443
ENSG00000073849,89.9573804624455,0.07718159811586034
ENSG00000134568,64.22851440566508,0.7979480150888124
ENSG00000116679,72.38807043077811,0.4935686376419769
ENSG00000134324,5.697235218367014,0.24763385127224513
ENSG00000108813,90.68541446611309,0.3204511547291
ENSG00000136997,42.14964372049219,0.5265710650065106
ENSG00000073849,81.21889093732561,0.8382486772471152
ENSG00000012048,21.545327236998133,0.6329826516853546
ENSG00000109929,22.973312347906706,0.23305986039704918
ENSG00000136997,57.39888418019496,0.32498968765179603
ENSG00000145241,60.29464993684239,0.9048639717114113
ENSG00000141510,85.17751628789112,0.15910348215022274
ENSG00000141510,42.52700125783746,0.7063997000342265
ENSG00000138376,91.01990441702347,0.3832475441443457
ENSG00000138231,66.17895717247683,0.3150617794341346
ENSG00000108813,58.608694648435645,0.6109893040727838
ENSG00000012048,68.7400156297881,0.6813991929669972
ENSG00000145241,65.72907319184361,0.6615157354240273
ENSG00000138231,29.19678418523828,0.7369498478211784
ENSG00000012048,61.42052028206126,0.6743015714555104
ENSG00000136997,35.15633773127015,0.7129240001994002
ENSG00000068971,22.0679608030224,0.355622959662918
ENSG00000128284,1.4139271032352352,0.32878853651274376
ENSG00000134324,44.11733191991713,0.3209328023552842
ENSG00000133800,62.614113020676754,0.23626903943292288
ENSG00000116679,25.452328234029387,0.1368269816631995
ENSG00000138231,43.287263618254244,0.6378267665563481
ENSG00000108813,90.17428219514542,0.38783276005238765
ENSG00000131808,38.591746139094894,0.1500856015525901
ENSG00000128284,36.06281749797628,0.50106594659509
ENSG00000073849,83.32136526236718,0.879419963056669
ENSG00000141510,65.6687642460793,0.29679693971276766
ENSG00000109929,94.57324835157982,0.40320172003671717
ENSG00000196611,4.82904704192888,0.6965947907581118
ENSG00000125148,44.09067617934802,0.8077611719706721
ENSG00000073849,38.762725864457956,0.6437378536032702
ENSG00000128284,89.19073248960089,0.44152525044032886
ENSG00000125148,93.16977105464267,0.0968064111288407
ENSG00000012048,73.67490309770402,0.7395190382869611
ENSG00000144028,4.519350264206268,0.9058287644440702
ENSG00000012048,50.995357258261166,0.9586585822001211
ENSG00000144028,51.9606282714563,0.02909988010318687
ENSG00000012048,44.29751842377356,0.7459589498382208
ENSG00000124762,92.98706261558114,0.7185074196044476
ENSG00000109929,47.517009546386205,0.575065572920192
ENSG00000128284,24.11793206296764,0.12877993510774588
ENSG00000141510,33.15955431923611,0.45819324173503706
ENSG00000116679,49.21165215670001,0.6868374147440045
ENSG00000012048,33.90677101172368,0.18548409825760603
ENSG00000134324,67.78244720011381,0.9071381194778925
ENSG00000012048,45.06307125556946,0.8314694489304624
ENSG00000109929,52.76742786381033,0.41104875865435775
ENSG00000134324,75.61568962076997,0.97205378611588
ENSG00000073849,53.90282938876154,0.8133338708776648
ENSG00000108813,41.8072574789121,0.5358719110985185
ENSG00000141510,32.02345990666231,0.204604526011415
ENSG00000124762,37.46903907039789,0.5805070813957202
ENSG00000133800,3.9225638213352676,0.8360275657532924
ENSG00000138376,82.26421403117592,0.6939761187745007
ENSG00000138376,0.8714834461070131,0.16693376929138992
ENSG00000144028,22.614335252106564,0.9904680912863194
ENSG00000124762,51.11142951555219,0.3598687016538388
ENSG00000109929,28.687098660415234,0.5762753204980723
ENSG00000141510,11.75558158773522,0.26293153783426915
ENSG00000133800,70.20801053668735,0.9534304412593326
ENSG00000125148,73.20495945694108,0.2756732262451913
ENSG00000133800,94.11631921714967,0.27305457228930874
ENSG00000145241,45.71901698160086,0.3554497586012165
ENSG00000136997,52.78760798864591,0.8434957396342174
ENSG00000109929,76.18707787700552,0.6252124597448947
ENSG00000108813,17.618728489241253,0.919372992057138
ENSG00000012048,68.64710627661195,0.9418680318891262
ENSG00000134324,9.607209057441835,0.7944421669887357
ENSG00000144028,5.284958136973761,0.6163741446734264
ENSG00000138231,45.21848940881765,0.8115399389111165
ENSG00000134324,14.597934827687142,0.6650864356245116
ENSG00000012048,97.82667925753788,0.0769202519119141
ENSG00000138376,79.16018643882796,0.44764087721561185
ENSG00000131808,33.90775975924717,0.7553568134795314
ENSG00000136997,12.941827633510483,0.05689211572448394
ENSG00000134324,0.46619655725816944,0.27984340967805776
ENSG00000012048,35.12353922257806,0.6534554414556347
ENSG00000141510,15.650970076318371,0.3941838031385464
ENSG00000108813,79.61296996345092,0.33576650209634307
ENSG00000124762,84.65153014327824,0.04669730688822249
ENSG00000124762,78.66214889753384,0.8701312409251231
ENSG00000141510,78.20277987312194,0.4910556947436112
ENSG00000136997,6.5384342932716555,0.4557492405867456
ENSG00000134568,41.686950287953586,0.37946884989638796
ENSG00000136997,39.420880560039606,0.3785492435897503
ENSG00000131808,21.416007866226117,0.7002487995513886
ENSG00000124762,93.34764854504722,0.7193752763325086
ENSG00000144028,77.61777322795528,0.9345964360960487
ENSG00000196611,28.612549519023535,0.7021966774003605
ENSG00000141510,82.89098456761593,0.23276852595098496
ENSG00000073849,9.77106253039597,0.7913828861252231
ENSG00000136997,26.802133065812228,0.03808680275748033
ENSG00000144028,68.33041625328279,0.7310701981757091
ENSG00000131808,98.39572180299507,0.8279802160632026
ENSG00000012048,4.003219010743608,0.9618490100404049
ENSG00000141510,38.34302414260578,0.5106312224473243
ENSG00000131808,9.6096841981561,0.332862917782617
ENSG00000138376,20.69008573679241,0.8454804463765816
ENSG00000138231,51.0227256839395,0.2464536962534003
ENSG00000138376,81.08024182186585,0.2992567752195413
ENSG00000141510,3.063248272353103,0.36596923548771587
ENSG00000196611,60.29122112133326,0.7028388719735424
ENSG00000141510,27.334543467530146,0.60469199820729
ENSG00000144028,2.1964312206367076,0.39721807076640814
ENSG00000133800,47.03717451118858,0.5815411701343493
ENSG00000128284,68.31161455124494,0.1286585415897964
ENSG00000131808,94.80552451152397,0.1979570970371186
ENSG00000196611,23.739912362906267,0.1819730379670027
ENSG00000124762,49.67889273738311,0.3262767883218536
ENSG00000145241,45.95291971610781,0.7861137610642419
ENSG00000131808,55.567340775742025,0.8516411717504432
ENSG00000124762,79.50530871347343,0.18334571905089492
ENSG00000116679,30.283331021611627,0.5189774535498677
ENSG00000068971,63.45468626896446,0.15798609433354804
ENSG00000133800,92.02293220862504,0.44506169114906013
ENSG00000124762,33.513034896620994,0.5051105387019308
ENSG00000141510,76.47177588704095,0.6881317133471567
ENSG00000073849,21.994569825683808,0.5591687914419919
ENSG00000073849,97.92789571902013,0.10845151255302266
ENSG00000138231,68.71137215212754,0.6986396873880466
ENSG00000134568,1.6565813490904246,0.757135300409658
ENSG00000012048,70.15504650116276,0.3493663531281682
ENSG00000133800,78.12124831263945,0.9446000312445374
ENSG00000138231,88.79974370030743,0.932908790255657
ENSG00000144028,36.65508072271192,0.6413191535484212
ENSG00000144028,98.4541677495957,0.7820671874053307
ENSG00000144028,24.05074512076458,0.028435279222936205
ENSG00000124762,13.532800377280385,0.9730764514249116
ENSG00000124762,89.94903881691772,0.08044264033801751
ENSG00000141510,31.751863409940817,0.20769291241559074
ENSG00000068971,44.904453869991436,0.000994182556408818
ENSG00000138376,91.90339478743684,0.2051437713945884
ENSG00000131808,6.243361342984189,0.5468538294660651
ENSG00000108813,27.65898736924035,0.5659317170782064
ENSG00000134568,70.8138933553001,0.9628331293047505
ENSG00000125148,68.69678730902092,0.7845887981882618
ENSG00000136997,18.576523928207955,0.6312948146566848
ENSG00000116679,70.86598946315407,0.6673706457671583
ENSG00000134568,93.36779031852029,0.8055693140214664
ENSG00000141510,38.21472831203726,0.9736217928407345
ENSG00000108813,9.509033646003406,0.36694472355517305
ENSG00000012048,78.3807971121526,0.5140465835711565
ENSG00000141510,91.12881746503106,0.7855487561669113
ENSG00000073849,37.01354468428115,0.6033279848829535
ENSG00000124762,99.88847312426451,0.5415094048062266
ENSG00000141510,15.393719352328873,0.07674128730913277
ENSG00000125148,86.59851299279569,0.2719073683815567
ENSG00000141510,25.019113235245683,0.3707380595855134
ENSG00000141510,59.65581019511384,0.531164835990731
ENSG00000131808,39.85817492144933,0.31277666048761543
ENSG00000134324,86.1748811856513,0.13021751900599488
ENSG00000068971,55.87877077014121,0.6786623589834021
ENSG00000138376,42.215726600435325,0.452469999819344
ENSG00000138231,25.271180850468433,0.5175810400270469
ENSG00000125148,33.0103583124454,0.637709880031823
ENSG00000108813,80.7223332890464,0.7305477111179465
ENSG00000116679,94.1852331247943,0.4105385151233948
ENSG00000125148,47.86514489665026,0.22173978016087237
ENSG00000108813,77.65480563902844,0.5360569339619567
ENSG00000141510,40.964793383319055,0.07808808415065494
ENSG00000141510,20.450134835300084,0.08993448013840244
ENSG00000012048,75.68676270736583,0.3064464165378338
ENSG00000136997,67.04121431678469,0.07148390833897178
ENSG00000141510,6.81557116186503,0.8823304999943522
ENSG00000144028,77.53338763562189,0.6594956887158941
ENSG00000128284,17.69844426580064,0.38298901316635725
ENSG00000141510,70.3108334728427,0.5618451947037136
ENSG00000116679,49.99570273649506,0.41409448206024646
ENSG00000125148,77.33811089033836,0.48680222330418554
ENSG00000138231,57.69026646655991,0.12969453292460353
ENSG00000145241,92.34441589984012,0.5593719121882536
ENSG00000136997,59.04007735818752,0.4280551595714408
ENSG00000144028,62.40800355937031,0.43152617021897444
ENSG00000145241,19.026808497059445,0.9284690967464206
ENSG00000012048,18.610763720420167,0.8867752953782242
ENSG00000125148,62.71440082823483,0.45080506027569733
ENSG00000136997,59.18083957621536,0.3784313063725331
ENSG00000141510,18.085060758140138,0.7146330543784132
ENSG00000196611,34.733318949726154,0.8327094772402225
ENSG00000141510,48.8173516065732,0.46610674312505895
ENSG00000134324,46.83577503422368,0.1504597749566604
ENSG00000108813,82.38178248577121,0.02734001774626682
ENSG00000125148,53.47549404067748,0.017155338410238752
ENSG00000012048,32.534039878712896,0.7474730976957094
ENSG00000068971,2.9824196871498065,0.08291667965111149
ENSG00000073849,75.9433630423243,0.9746414909045232
ENSG00000133800,61.565750565189035,0.901913790496215
ENSG00000196611,86.05145421010175,0.32178360792655936
ENSG00000133800,8.495905355503265,0.07828632372364042
ENSG00000073849,21.731142197193787,0.054272415692873666
ENSG00000136997,23.55858508530271,0.0929772052428155
ENSG00000196611,88.960797115731,0.2251631816192059
ENSG00000128284,68.83334997480144,0.6149756223124743
ENSG00000116679,48.34229529570878,0.43993699940944486
ENSG00000109929,24.633423644816233,0.31636848435370823
ENSG00000134568,98.3364383196347,0.5925920035222605
ENSG00000145241,63.24090902022822,0.819368748451049
ENSG00000134568,45.47988889752804,0.9824148093343361
ENSG00000196611,25.657496942538415,0.5921542773027391
ENSG00000108813,96.14009449307692,0.6280168171057234
ENSG00000136997,21.732675015032722,0.8020453634579999
ENSG00000144028,75.96073821155098,0.23288453457946157
ENSG00000124762,60.078770206960954,0.16269515102132326
ENSG00000144028,26.547928771992304,0.46934392460946084
ENSG00000131808,4.330820466915897,0.21590522859775318
ENSG00000134568,18.703298209275886,0.35864718333184176
ENSG00000136997,62.783652320301954,0.9483308457538387
ENSG00000134324,32.834441896374535,0.6226655667058391
ENSG00000131808,55.28549393075342,0.6104960723217954
ENSG00000108813,96.74891143640124,0.9773468799458318
ENSG00000134568,39.78899506640802,0.07386805477207592
ENSG00000116679,12.371037439815524,0.5011769787625541
ENSG00000131808,18.578356325777847,0.42223987438794897
ENSG00000145241,54.25698754159759,0.2817575230968995
ENSG00000141510,19.49778505259202,0.12427612544189437
ENSG00000196611,37.16588036685283,0.12823712623914119
ENSG00000131808,94.84090095157393,0.26747592239342477
ENSG00000196611,77.0342188782778,0.041468454298595026
ENSG00000134324,24.939064535492562,0.8910203344138109
ENSG00000068971,83.34650870131897,0.7928696637845258
ENSG00000145241,56.362841149699086,0.9037190269722118
ENSG00000116679,20.37934115681064,0.6288765169003162
ENSG00000138376,35.71041009217893,0.5758305356717563
ENSG00000141510,8.812046316343313,0.7247032415163684
ENSG00000116679,85.48198971884104,0.9726992688201056
ENSG00000125148,1.5394861392920123,0.8148639434035929
ENSG00000068971,4.593202220208347,0.21219828695567877
ENSG00000068971,17.253007183732095,0.4372063984125859
ENSG00000138376,65.77404451962586,0.6150454867605072
ENSG00000109929,23.631414103144877,0.786852118334859
ENSG00000131808,56.92385686238342,0.08593075017476859
ENSG00000125148,26.503308207848242,0.8606090373283923
ENSG00000138376,43.45674509353372,0.7750434038423871
ENSG00000138231,67.34203273190597,0.6062045868730028
ENSG00000131808,1.0275198509509642,0.5228287323598751
ENSG00000133800,58.898381776017914,0.12270409591199805
ENSG00000128284,99.37647612256349,0.3981061012164042
ENSG00000141510,96.98010956347154,0.5283185042735781
ENSG00000116679,40.229369200439216,0.04917360549597827
ENSG00000138231,12.386037358772207,0.39806346873804654
ENSG00000144028,49.19698080816036,0.7399325880431258
ENSG00000138231,13.160141281709814,0.6122834687714404
ENSG00000134324,9.690541646707473,0.8807693773484895
ENSG00000145241,32.28411007076761,0.3770880554341557
ENSG00000073849,48.695213449141676,0.2002703348223498
ENSG00000196611,72.20377309474524,0.557252441017135
ENSG00000145241,93.24566809652407,0.5921069981833617
ENSG00000141510,82.82038401705906,0.9530480299969578
ENSG00000136997,71.2408759465127,0.46552933758574755
ENSG00000131808,48.77874996014317,0.43204943968754583
ENSG00000012048,24.904387635568405,0.7601516445791752
ENSG00000116679,0.5532818316139165,0.6856020616350885
ENSG00000073849,22.153999143900784,0.5894361435492694
ENSG00000133800,33.1135469439944,0.7961323243393046
ENSG00000134324,30.58035790850354,0.24513675307552218
ENSG00000134568,90.2046769586861,0.9164835259509005
ENSG00000073849,58.3121447810081,0.1455722526745935
ENSG00000138376,85.55969290453999,0.8112122682226224
ENSG00000116679,96.56588596663205,0.04585915804303875
ENSG00000128284,90.52827855867136,0.24504113117663806
ENSG00000128284,41.51036174060852,0.5081719561409282
ENSG00000134324,59.41894013413346,0.9580945822582856
ENSG00000138376,21.075284767480483,0.7672788757151286
ENSG00000116679,36.45612558257517,0.772572183278242
ENSG00000125148,1.5258426068233022,0.2587900045845294
ENSG00000196611,96.07042953048433,0.2614879418319026
ENSG00000141510,56.14982138819589,0.3593511339423985
ENSG00000196611,92.75320991539961,0.9381324579371122
ENSG00000124762,47.20654226512728,0.18127043867211068
ENSG00000128284,74.90548055154237,0.32539191747664964
ENSG00000141510,8.578156632991496,0.9197220747108835
ENSG00000012048,82.17279133797744,0.28611227126051475
ENSG00000128284,30.308339072084244,0.49582788695811897
ENSG00000144028,86.43950561273779,0.48936201701027604
ENSG00000134324,61.0824459966688,0.024469913942235966
ENSG00000134324,72.2470634543625,0.16735683832606907
ENSG00000116679,30.32392778396239,0.3795340563202172
ENSG00000124762,36.29334133348361,0.8006106218883219
ENSG00000131808,91.68994867684617,0.3368046102680291
ENSG00000144028,15.449373935190614,0.706261821936463
ENSG00000136997,25.514142975892227,0.06898209356253249
ENSG00000134324,75.21484183550683,0.7424831539356841
ENSG00000012048,30.200063219884765,0.8852052831706518
ENSG00000012048,74.07969710441232,0.09934388826072293
ENSG00000073849,92.89110256709536,0.5914515027589583
ENSG00000134568,3.8271788072302138,0.3011232453747815
ENSG00000108813,28.81679220212334,0.3493712781595738
ENSG00000073849,9.912435281708298,0.27916044949685315
ENSG00000134568,75.74474071246307,0.2582949058687285
ENSG00000109929,59.29432312486023,0.5084673126100032
ENSG00000136997,63.1299467495983,0.7406896042437072
ENSG00000134324,33.187092412642414,0.7966016409951991
ENSG00000133800,95.50117867364149,0.3175248900468327
ENSG00000109929,72.67704776796205,0.5356698792086313
ENSG00000138376,20.745122236060197,0.019529994798831662
ENSG00000124762,95.69427342222738,0.7096142163152239
ENSG00000128284,58.738627225999366,0.6447151891952481
ENSG00000141510,22.587784170245172,0.53357844052874
ENSG00000134568,72.55455039301421,0.9215912214361208
ENSG00000145241,52.2227823728351,0.7863061086625672
ENSG00000138376,48.185767915963126,0.8661785580202627
ENSG00000138231,62.31748724160477,0.32232691061274255
ENSG00000138376,82.58352158193472,0.27457620270110916
ENSG00000012048,88.55168304672,0.010388380712463285
ENSG00000068971,41.46001401804066,0.1664446647022978
ENSG00000128284,9.945722921638767,0.5643900116960653
ENSG00000134568,22.38764912410933,0.7806061744809912
ENSG00000196611,39.10776215545768,0.44163538989506446
ENSG00000116679,21.610081674338822,0.6769514082537003
ENSG00000134568,19.951964194373563,0.22029938682954942
ENSG00000116679,38.600342945288936,0.929095940667044
ENSG00000073849,12.874414531987366,0.9808883584787076
ENSG00000131808,15.915797885862714,0.6501361110696198
ENSG00000141510,15.647243564979274,0.643766793424183
ENSG00000133800,38.77705275100068,0.5042119967675077
ENSG00000141510,18.840827881733702,0.8820151490143856
ENSG00000141510,80.74607438286844,0.15016333565473516
ENSG00000012048,83.4107993911246,0.038786756159820635
ENSG00000073849,46.95252222270412,0.39429285050728957
ENSG00000138376,61.94548923501721,0.8239583879395401
ENSG00000124762,94.37319503863576,0.08921534655037
ENSG00000145241,13.230022785225925,0.5935848284625156
ENSG00000116679,94.73736844889112,0.2534503460612658
ENSG00000068971,29.872719724700524,0.7311394801607174
ENSG00000108813,32.21536110184865,0.12348068806250656
ENSG00000141510,91.72121558857299,0.1243971844526548
ENSG00000073849,83.47903630041031,0.6885377587877443
ENSG00000134324,33.63525658351711,0.5743090420346296
ENSG00000136997,6.9763975385847665,0.7315388767474161
ENSG00000134568,0.6701142761052825,0.1723029587884869
ENSG00000134324,73.51250407684145,0.8812774865011542
ENSG00000138231,2.09184807786148,0.8194665914939203
ENSG00000134568,3.0151888619177503,0.5812097541144884
ENSG00000134568,61.62220087925484,0.5483395838380339
ENSG00000116679,65.23122075029399,0.1749477479764252
ENSG00000068971,94.61512981505898,0.2064384961955772
ENSG00000196611,12.56183760412226,0.2768036605808901
ENSG00000145241,28.278674922294844,0.6095551511894332
ENSG00000144028,72.26666614409409,0.3839130317614641
ENSG00000138376,40.799131169975546,0.036712186142972
ENSG00000116679,57.22924085040243,0.4734811592594069
ENSG00000124762,9.039952584801192,0.26259484395526356
ENSG00000073849,49.537166051959744,0.9557750869528108
ENSG00000012048,75.64884602648355,0.20763558997161435
ENSG00000134568,90.95097592086422,0.9450379096165306
ENSG00000138231,30.96016867637612,0.7968666325122798
ENSG00000012048,45.33679038380664,0.9954965590343285
ENSG00000073849,52.67494384805376,0.08121183355230233
ENSG00000109929,87.61070580294641,0.11655797312068839
ENSG00000125148,69.66468616249354,0.9832530442110834
ENSG00000109929,81.75615673009372,0.955960997643959
ENSG00000108813,63.89751748777455,0.143752761983736
ENSG00000141510,20.763220558856688,0.11144169194245701
ENSG00000141510,83.10827570975172,0.4184743425762767
ENSG00000145241,91.7604514620433,0.5308633269305416
ENSG00000141510,58.47691224488556,0.43570235251459444
ENSG00000133800,35.52279119595775,0.8241216590403305
ENSG00000133800,48.64693372056853,0.34713301492300475
ENSG00000068971,43.719246458197084,0.8904721670957693
ENSG00000116679,31.958521404662964,0.9909441469178546
ENSG00000133800,52.53798334009746,0.40325406043750844
ENSG00000068971,47.76738639475781,0.8138198271594926
ENSG00000136997,37.252837224849955,0.6088136425366193
ENSG00000068971,40.90035184285104,0.7491148890343949
ENSG00000134568,65.34908440256716,0.9233041780844108
ENSG00000133800,12.426660433012248,0.28295387236563363
ENSG00000134568,66.56259621886096,0.9181994209507027
ENSG00000145241,38.18857891574121,0.7189129831383606
ENSG00000012048,27.260445496183294,0.21651466260308616
ENSG00000133800,38.559236415794004,0.8168828279396865
ENSG00000138231,57.78730165302615,0.12892818878025591
ENSG00000068971,94.51371277136282,0.31271109705085287
ENSG00000133800,62.29392850281768,0.12372324211203656
ENSG00000073849,86.85925855044563,0.4799922344512094
ENSG00000144028,18.38378557031949,0.9450645700657428
ENSG00000068971,70.1282029520457,0.9194886147196965
ENSG00000109929,59.21228144935805,0.6886207712969732
ENSG00000138231,23.620891242668286,0.5236960837501583
ENSG00000131808,73.55175394442635,0.7146456379896206
ENSG00000124762,8.161734789427078,0.9833633458235568
ENSG00000108813,30.274333211285565,0.006738182777937252
ENSG00000134568,29.401936262865945,0.44968285535583896
ENSG00000196611,93.60381469659471,0.027374795035684407
ENSG00000128284,98.25512421458089,0.12837671637054626
ENSG00000128284,13.796004815636465,0.0025092161903232935
ENSG00000068971,97.20304952181937,0.6912351736757915
ENSG00000125148,84.3897375841025,0.7010518751204623
ENSG00000109929,94.47290687638413,0.20001789560498717
ENSG00000134568,27.507294202007937,0.8850235528915522
ENSG00000136997,90.24297827449944,0.41272334188064874
ENSG00000138231,15.664135061303064,0.02549355879658377
ENSG00000138376,27.440882618964757,0.5519000499822897
ENSG00000116679,47.204444538371604,0.022229169661232007
ENSG00000133800,79.6707977155843,0.4645645188358156
ENSG00000108813,63.76283483099964,0.4886025409817738
ENSG00000196611,39.52732986534642,0.0758864484990075
ENSG00000141510,94.678449226278,0.8459977718821162
ENSG00000138231,22.17043119419063,0.3795157385984501
ENSG00000134568,83.268266707748,0.8376609786994398
ENSG00000068971,92.2895858295625,0.171571857366147
ENSG00000136997,25.676224912872136,0.5474295576357481
ENSG00000109929,72.76912447862051,0.13011734956294585
ENSG00000109929,3.3263534982810206,0.04033700718471511
ENSG00000138376,60.741481983627445,0.5216581876992938
ENSG00000109929,56.63233830998499,0.4070057347753018
ENSG00000125148,0.9981870290550532,0.8480168436281997
ENSG00000196611,31.402633324715335,0.4588762199819172
ENSG00000138231,20.188808067813913,0.15371774062823007
ENSG00000141510,66.50157344584107,0.8948456374000489
ENSG00000012048,36.14613508849388,0.3694039650066885
ENSG00000141510,84.95047349578797,0.4931110124375212
ENSG00000196611,27.307274512424218,0.17634922627749117
ENSG00000138376,40.09796413145511,0.7926250875718238
ENSG00000124762,11.089967243001286,0.3025225612420168
ENSG00000128284,39.84848098868253,0.3642144679337359
ENSG00000128284,72.09209622980012,0.8636522435748066
ENSG00000141510,18.872837946556242,0.591921339311413
ENSG00000141510,81.09076846767866,0.19844341600407545
ENSG00000141510,50.151311633427845,0.9316821638721731
ENSG00000134568,64.8107006094174,0.1089993951539564
ENSG00000068971,52.16693200661838,0.6106853414504928
ENSG00000116679,80.23864105229768,0.6301963019215666
ENSG00000116679,63.23676308895357,0.9141427898906805
ENSG00000138231,38.21243602278573,0.13476501604391544
ENSG00000133800,3.8376608557671665,0.07492872665780848
ENSG00000109929,75.18423015439505,0.6438222974234572
ENSG00000144028,78.53690307638794,0.5446412897346876
ENSG00000145241,21.54086148549139,0.45777191614690393
ENSG00000133800,5.568098199917692,0.9468576232733646
ENSG00000138376,52.65730899905602,0.5826781359406231
ENSG00000124762,95.91938795467424,0.5456416123804412
ENSG00000073849,85.64746721043886,0.9265879679217731
ENSG00000138376,78.1651297123127,0.0748537948211504
ENSG00000134568,33.62657420232078,0.5162881356029145
ENSG00000073849,90.72939873680764,0.9256158060059132
ENSG00000144028,86.30192331885742,0.5840047327882676
ENSG00000144028,5.703849866524646,0.32584246865077493
ENSG00000145241,63.301201963877396,0.14041208783850911
ENSG00000124762,39.063640050273044,0.3126826275725799
ENSG00000134324,89.93110981118845,0.3968088921351328
ENSG00000141510,26.74067026011462,0.8401895550600965
ENSG00000134568,17.06458513549358,0.5409661077957483
ENSG00000133800,26.80330427644583,0.7505474470027349
ENSG00000133800,84.670226166254,0.24697663246639567
ENSG00000124762,79.74912746053826,0.846016475676051
ENSG00000141510,45.60256258360761,0.07689244009121599
ENSG00000131808,57.8704987377426,0.43516021542552985
ENSG00000138231,64.703128537531,0.35665640660299314
ENSG00000145241,32.361301339473,0.756752173742798
ENSG00000109929,97.5752289314345,0.7388951388277575
ENSG00000116679,82.04597586075239,0.11108165292786532
ENSG00000109929,65.94940919982083,0.2622882605510871
ENSG00000141510,52.61667427297764,0.49537877148684495
ENSG00000141510,23.926048226294895,0.7737262879896557
ENSG00000108813,98.92038897148313,0.1619909708228109
ENSG00000128284,99.77708845688727,0.7312283681115583
ENSG00000144028,57.98691964041664,0.8996090714720937
ENSG00000128284,18.67768903939805,0.28176337010512253
ENSG00000136997,3.28341182483447,0.3405158305895969
ENSG00000124762,73.89096745248393,0.13838965333173747
ENSG00000134568,95.34734345792201,0.22469510147892313
ENSG00000109929,52.4662110032139,0.22967825364517547
ENSG00000116679,80.26609851978561,0.5894517729726095
ENSG00000144028,41.60972485689586,0.23154611628339483
ENSG00000128284,42.22762313602442,0.16119917410508167
ENSG00000125148,41.102561402210526,0.403321526186897
ENSG00000012048,65.03503023114288,0.2068655696177052
ENSG00000116679,60.942146453994795,0.061830911141973255
ENSG00000134324,35.66223173580846,0.14324409125649762
ENSG00000134324,66.78194257928594,0.46725053294389585
ENSG00000138231,74.8533631345778,0.44812219932836284
ENSG00000136997,59.74753174611912,0.9523245447673759
ENSG00000073849,71.07881337873077,0.07111448720717883
ENSG00000196611,81.10272687149396,0.6744300603296504
ENSG00000125148,96.45223395783566,0.5120907166467704
ENSG00000144028,10.008665179053565,0.7947164984712833
ENSG00000141510,11.94495832166499,0.5193771902740377
ENSG00000073849,67.85729253304719,0.18769823607127667
ENSG00000108813,32.260219277016674,0.08179206232688196
ENSG00000068971,33.25302122879378,0.2543976899645448
ENSG00000116679,44.21449884288665,0.15578691616937668
ENSG00000141510,66.19273599645041,0.6790591983794948
ENSG00000125148,95.2626414848804,0.9383301495154721
ENSG00000116679,62.56671679719369,0.4386074381891705
ENSG00000144028,93.41819217689705,0.6474631307040277
ENSG00000012048,33.347574151073175,0.4978933975309552
ENSG00000073849,21.095727339372218,0.1398248882076908
ENSG00000134324,6.521693939789452,0.14275418957127683
ENSG00000128284,58.54966024048799,0.5795538925078229
ENSG00000144028,94.17909551093054,0.3863069415712953
ENSG00000144028,82.05981551757463,0.2721061597923712
ENSG00000109929,52.1490206064533,0.5180510016579973
ENSG00000138231,56.806934671434874,0.05235036748527666
ENSG00000073849,42.1704746623058,0.8958984053454043
ENSG00000134568,95.26664732102192,0.82693850343427
ENSG00000196611,62.88128516988787,0.6085223648790421
ENSG00000116679,71.51011350452585,0.8538658450547145
ENSG00000108813,45.36958011969018,0.7410761116630177
ENSG00000134568,99.94718680049155,0.19735978818761069
ENSG00000109929,3.501597909589149,0.2518146798014398
ENSG00000131808,87.5236692172666,0.2811413248337401
ENSG00000128284,91.92335431255084,0.9068374165998415
ENSG00000144028,19.73172814450074,0.06304220873099642
ENSG00000134324,45.56689261890382,0.07653092124673488
ENSG00000145241,60.8578677406283,0.08922512642876068
ENSG00000125148,61.6479718285246,0.1697355866838215
ENSG00000134568,48.977706122353936,0.048003496276375346
ENSG00000125148,47.731760792068975,0.35369301608139025
ENSG00000116679,1.0013364136132408,0.25204475208058874
ENSG00000141510,88.03960677231957,0.45438714676853476
ENSG00000138231,26.904661374240924,0.31403307326483454
ENSG00000109929,21.41046913995025,0.820328229221225
ENSG00000073849,69.98189438715325,0.3021191598541282
ENSG00000141510,98.41179012897987,0.2868811043403835
ENSG00000133800,57.54462528082777,0.038697382861755836
ENSG00000136997,80.91704826423113,0.12255327084366874
ENSG00000073849,55.14719006996085,0.6228581861173565
ENSG00000145241,12.985037664853605,0.14835627470507673
ENSG00000141510,54.13791782002589,0.06827958580803017
ENSG00000068971,9.92375910053197,0.4387757250452524
ENSG00000133800,79.13863112301561,0.3787347928389233
ENSG00000134324,88.69711193004312,0.7281606671994005
ENSG00000133800,93.95772647643624,0.4700092391914368
ENSG00000196611,63.479541683072995,0.29187380706350896
ENSG00000138376,88.11442412674435,0.5332362726696325
ENSG00000133800,60.23908022030919,0.28872490478634305
ENSG00000144028,39.10352396862886,0.26602628074607015
ENSG00000068971,59.54060194786356,0.07186753638536769
ENSG00000138376,45.41807649909559,0.55813544907152
ENSG00000134568,3.7851923391847175,0.5448327345894272
ENSG00000133800,81.6167723131945,0.5264851604591138
ENSG00000136997,87.31758260046651,0.024515938873907572
ENSG00000141510,2.6095850809146115,0.6654441316509362
ENSG00000116679,64.43472242602462,0.40121954154014083
ENSG00000138376,70.67735006206539,0.18504076886556176
ENSG00000145241,61.02341758797279,0.15386409659588818
ENSG00000128284,13.211105886392893,0.06674759026946253
ENSG00000138376,17.528569059669287,0.17406948708395142
ENSG00000116679,38.38169455867383,0.11956361623659095
ENSG00000134568,35.56713459661721,0.5033682479295285
ENSG00000138376,64.10152127456855,0.1958807330078467
ENSG00000145241,51.71723771310387,0.5499094996142923
ENSG00000125148,85.61006203779431,0.25161840096140986
ENSG00000136997,85.17166196806184,0.6374443050186601
ENSG00000128284,30.12855922102148,0.5590913358272188
ENSG00000125148,74.1955275442867,0.1347909455271017
ENSG00000124762,84.53174954492071,0.5709587021212558
ENSG00000133800,29.30379336057366,0.15701739652425795
ENSG00000116679,95.51483528190731,0.00501478798530508
ENSG00000145241,81.13133416700059,0.5408477111127845
ENSG00000141510,25.42457133291758,0.48830585129109094
ENSG00000133800,62.41492450322311,0.4205462175386061
ENSG00000131808,23.482846763643895,0.12959935904476505
ENSG00000128284,45.00577239561995,0.9020700887772911
ENSG00000144028,22.958538499569293,0.9344903404270245
ENSG00000124762,21.751584769374766,0.916407653229997
ENSG00000138231,35.96044041715872,0.9617526034547508
ENSG00000124762,23.199137497523047,0.6713587497997193
ENSG00000138231,6.650008500639948,0.9843078863246169
ENSG00000138231,50.21174629031482,0.8467956259238133
ENSG00000068971,84.73310684755286,0.5735743020267335
ENSG00000138376,21.892553327581975,0.2646529832299802
ENSG00000116679,72.86322847017912,0.2851990974164602
ENSG00000133800,62.974796306375744,0.22718199540798023
ENSG00000131808,88.00757375774756,0.4659240565677598
ENSG00000138376,56.544296542574145,0.34288423597375906
ENSG00000145241,76.53704711083913,0.7173824635418075
ENSG00000128284,42.63793925077389,0.5227427774169836
ENSG00000012048,90.99124366278187,0.3622055240323574
ENSG00000196611,48.81601886543048,0.3322008775354799
ENSG00000136997,8.492327028269408,0.026345218537006776
ENSG00000068971,92.13619206784044,0.8332885196749841
ENSG00000196611,45.50219059728864,0.6022374992851764
ENSG00000125148,53.013564128483736,0.5496682461945833
ENSG00000116679,12.142733792121563,0.8822821152496085
ENSG00000128284,81.77975536305465,0.7804980572331021
ENSG00000141510,94.25049701481896,0.9253583362820645
ENSG00000108813,92.27431179608861,0.36020754759148377
ENSG00000108813,80.988351118026,0.92717918263219
ENSG00000141510,58.264738390930674,0.39912051598548715
ENSG00000128284,14.38213377004276,0.32449353473194875
ENSG00000145241,35.07837613933217,0.8157981760060296
ENSG00000131808,52.797681511451714,0.9514024910860662
ENSG00000125148,97.18064231594111,0.6105386514586457
ENSG00000196611,19.134864054808542,0.08099724960917865
ENSG00000012048,6.012869526610487,0.5782627734911933
ENSG00000134324,84.2701797553876,0.8532070824061246
ENSG00000144028,25.514617490570433,0.7585055097005077
ENSG00000068971,7.056140883564732,0.919017155302998
ENSG00000131808,47.15622533751914,0.34955281004222083
ENSG00000141510,70.39638904921094,0.7560369387880599
ENSG00000133800,50.85385826962807,0.4457878799674162
ENSG00000134324,19.165230244269026,0.07523841590624403
ENSG00000196611,85.8090494214785,0.23467921376586698
ENSG00000134324,39.12553518741665,0.8099802697233629
ENSG00000141510,63.01995689809122,0.5105510222662117
ENSG00000116679,61.67525707365211,0.8848985084455999
ENSG00000134568,41.95893636225097,0.038800271983260526
ENSG00000108813,9.283688751277131,0.58667229796705
ENSG00000012048,70.6804531445576,0.38640186760550255
ENSG00000144028,39.392840601929414,0.8103822124381334
ENSG00000133800,7.9195749913757325,0.6915628065602875
ENSG00000144028,0.1829782929475554,0.5016662756905016
ENSG00000145241,90.92167394205383,0.06511904237294908
ENSG00000134568,58.029276203467575,0.09459745236352313
ENSG00000073849,27.217449728015186,0.7574475406380871
ENSG00000196611,47.40981125178559,0.5950834403886798
ENSG00000073849,15.144389479976827,0.056481507682725196
ENSG00000116679,27.545723137497312,0.8736058866669882
ENSG00000068971,34.05643816794546,0.24930129693510372
ENSG00000145241,23.625290007950074,0.9726387376444063
ENSG00000136997,47.454999743345596,0.541359253418188
ENSG00000125148,83.1283153967319,0.13041143881344008
ENSG00000145241,92.4843927306965,0.30672294472662
ENSG00000138376,95.10482685839025,0.6421929648826176
ENSG00000141510,81.73779391127262,0.750040745865675
ENSG00000136997,72.44144432774085,0.31913970193455754
ENSG00000073849,37.15207480726047,0.30115436602988777
ENSG00000116679,41.77766260492878,0.015505774569915531
ENSG00000125148,43.51662616167804,0.08378394585357307
ENSG00000068971,86.2027791830375,0.5544013855981856
ENSG00000138231,66.50415440424806,0.8687915734977076
ENSG00000138231,3.83890436205806,0.41734836447058865
ENSG00000138376,67.05778421646785,0.49106170411723893
ENSG00000116679,7.741385424247826,0.5617981780377973
ENSG00000145241,8.087536260841699,0.2505928016803137
ENSG00000073849,0.8307772324997686,0.7095516346382794
ENSG00000068971,43.55671193950064,0.5261946828761902
ENSG00000131808,67.33444092192303,0.3111357569853256
ENSG00000141510,74.42121144426899,0.8609946738833014
ENSG00000109929,61.04181167625957,0.7028902871458583
ENSG00000141510,2.755036992734261,0.6365520465877107
ENSG00000125148,5.187195088511998,0.1806368588203735
ENSG00000138376,44.89094675158319,0.8624943080730532
ENSG00000108813,45.1911147597624,0.31596150664989886
ENSG00000128284,87.17796857327555,0.4963529785381807
ENSG00000131808,96.46682965776282,0.19859951754570526
ENSG00000138376,53.88275346627631,0.36496844040256504
ENSG00000124762,7.104168480829365,0.568898047627028
ENSG00000138376,30.322274838529527,0.6182589743613979
ENSG00000109929,29.40223548448415,0.411007829710337
ENSG00000108813,55.57140148052406,0.9010580177858226
ENSG00000109929,74.4459827045375,0.7270940818033638
ENSG00000133800,63.0617577479598,0.5390726734994459
ENSG00000073849,48.09858770285275,0.875945898951233
ENSG00000145241,6.1572682112081445,0.8084210393103226
ENSG00000128284,89.58439775179417,0.3079255175942124
ENSG00000125148,14.522123670545362,0.10090275509993074
ENSG00000138231,68.42340833082964,0.5205726165586473
ENSG00000138231,38.52466409031856,0.8918562054576616
ENSG00000134568,40.109697158098655,0.39360705865046675
ENSG00000012048,84.8412657479169,0.035809534700436685
ENSG00000125148,0.5498209930926312,0.41575186210331216
ENSG00000138231,30.708595642247506,0.8675730095302526
ENSG00000196611,82.61437236916659,0.970086996509049
ENSG00000145241,32.816599837804695,0.9275215152767542
ENSG00000134324,97.42967866842952,0.5333208548069461
ENSG00000012048,82.43835688150664,0.3743946352961586
ENSG00000141510,7.752626987174748,0.2782839349162296
ENSG00000138376,89.06964372718417,0.34082437406862
ENSG00000116679,92.66634088408196,0.9675429833286816
ENSG00000125148,41.89112231059391,0.03068206835237297
ENSG00000134568,59.2826206342345,0.046297424043075464
ENSG00000125148,44.466973741603255,0.011513137238675863
ENSG00000141510,86.76308542973857,0.7100290618402216
ENSG00000141510,0.4797845504504683,0.6951580949954008
ENSG00000145241,82.74041152044981,0.3719825179382794
ENSG00000068971,15.587513545331577,0.9153046186799815
ENSG00000134568,9.280138924506776,0.6368652551370705
ENSG00000136997,37.987800616944256,0.4976402045690528
ENSG00000134568,11.139809267571277,0.17143530435924814
ENSG00000134568,87.31127420947014,0.226907017157582
ENSG00000134324,31.19526143512119,0.4513872577222394
ENSG00000141510,75.7472805514587,0.4315423792190962
ENSG00000196611,14.555458269210353,0.9558778280531033
ENSG00000138231,27.857847785536116,0.42202170393271243
ENSG00000141510,8.04246110688166,0.9372813349105317
ENSG00000196611,58.10760542847735,0.08075061862944799
ENSG00000136997,94.81043692558993,0.1735393198002786
ENSG00000108813,2.432442075677399,0.0650776779168033
ENSG00000128284,33.831392761555804,0.8039093887616093
ENSG00000109929,91.79143890282073,0.036951917419395075
ENSG00000141510,26.617001272142094,0.9336093298645283
ENSG00000131808,68.00906916734637,0.15088681927463043
ENSG00000109929,96.17456512649724,0.15318006969660447
ENSG00000138376,62.43741779959955,0.4659527905794054
ENSG00000131808,52.12718675705411,0.7990755037415813
ENSG00000196611,94.18868889973646,0.017259786507553332
ENSG00000136997,93.76062362679252,0.07326770889843437
ENSG00000141510,32.2749001133367,0.7402701705277985
ENSG00000138376,77.27388813601218,0.7301255627013217
ENSG00000012048,5.351479699292239,0.3436237193828765
ENSG00000144028,51.05559184117096,0.9690457960845069
ENSG00000125148,45.320223134305785,0.21693299292399293
ENSG00000131808,52.63928761767145,0.5540254840692467
ENSG00000073849,89.10848499885401,0.6686843680192258
ENSG00000128284,54.58613358179728,0.4466131183053901
ENSG00000138376,38.671795511434084,0.6884386515746396
ENSG00000196611,60.04110651432717,0.2095340243520727
ENSG00000141510,56.48007829851871,0.08366627435827367
ENSG00000134324,15.648787553962729,0.18965716559189572
ENSG00000012048,66.24296926253301,0.27381013370741736
ENSG00000116679,9.710347766598682,0.5714917782568648
ENSG00000141510,57.57694074348244,0.25092595291992814
ENSG00000073849,21.997261121877955,0.031892487339181486
ENSG00000109929,70.45392442498489,0.07291015010693613
ENSG00000131808,90.22319149488919,0.3732613528874099
ENSG00000133800,31.245809388999536,0.5542812993329498
ENSG00000134568,37.58579694711691,0.007725374232465776
ENSG00000124762,13.63738441939918,0.5646327834976794
ENSG00000141510,23.03688854007806,0.18021760768748507
ENSG00000138231,87.9882447564201,0.17741057581142627
ENSG00000108813,83.47289161708518,0.8511907167610773
ENSG00000128284,87.55471541090732,0.8380760466004462
ENSG00000138231,12.221641219715151,0.9095795338385493
ENSG00000124762,96.87695253705883,0.22735019725229033
ENSG00000136997,15.349502829053375,0.2750917713539176
ENSG00000145241,26.46025243741976,0.23193753821928564
ENSG00000145241,91.1817679998077,0.546051154373806
ENSG00000128284,2.11744344521011,0.045573401231686295
ENSG00000138376,44.907009966079556,0.2359730453842357
ENSG00000125148,37.05954086889458,0.9809042487984028
ENSG00000138376,89.9328000679207,0.2856482180522393
ENSG00000124762,48.637851345653026,0.6514836157211351
ENSG00000109929,43.75365424165,0.8997944377448336
ENSG00000068971,77.26682640499658,0.2658115591116833
ENSG00000133800,33.365678965898425,0.329253983992176
ENSG00000138231,21.80233178332195,0.6221986536495795
ENSG00000124762,64.78203395741218,0.03512126833245721
ENSG00000141510,48.558855120481766,0.17258941423848995
ENSG00000133800,67.8936237206725,0.5451934195883674
ENSG00000012048,47.361095553889264,0.5700873517931521
ENSG00000128284,9.526583390244625,0.06146229800400216
ENSG00000012048,57.11180790735244,0.44222835026530094
ENSG00000141510,93.54536777607801,0.46552004715095574
ENSG00000116679,67.48670470425934,0.053571901044215164
ENSG00000134568,27.765583017244953,0.4277000472731084
ENSG00000134324,88.03530584268418,0.1221623353571809
ENSG00000131808,19.191025887822455,0.7356221201789731
ENSG00000136997,32.38678659705653,0.35312553265378765
ENSG00000138231,97.15414612097194,0.8519332806266804
ENSG00000145241,37.89413116078152,0.3782096824517762
ENSG00000125148,35.444272397882,0.08771107098618425
ENSG00000116679,21.07553597431585,0.9968265047422668
ENSG00000012048,63.240548236161644,0.8047957447951659
ENSG00000134568,99.49488593819997,0.8779856591237168
ENSG00000131808,39.179369028676255,0.17806031250766763
ENSG00000131808,7.132210502054104,0.2312743701811083
ENSG00000109929,3.0453290923555976,0.9980927472707558
ENSG00000131808,26.10151059655077,0.8332413769185028
ENSG00000133800,80.14843146413273,0.5175737600704583
ENSG00000134324,39.45735829613524,0.9699153189969829
ENSG00000133800,89.75470880421084,0.1540065251594166
ENSG00000145241,56.998742319233564,0.6952191625457373
ENSG00000144028,46.9666915438566,0.705053278358925
ENSG00000138231,87.56751826475795,0.8842622226255643
ENSG00000138376,79.92192621861189,0.43240329296198987
ENSG00000116679,21.685057654638808,0.5095589359246848
ENSG00000073849,41.055414372637024,0.013268046473292494
ENSG00000131808,36.39512959856226,0.06573940061268013
ENSG00000124762,12.490794969535779,0.5157259777854286
ENSG00000133800,98.35304768654485,0.6963584904406968
ENSG00000138376,99.14173860869427,0.935292205332543
ENSG00000141510,54.84353365900178,0.01903311273515962
ENSG00000073849,40.045422180072386,0.5422332050274419
ENSG00000136997,2.8091442486982254,0.08499616126574872
ENSG00000109929,92.33839121452752,0.4490228124881642
ENSG00000116679,30.024142687687704,0.536492299186673
ENSG00000124762,52.33107744705373,0.3822962447775483
ENSG00000145241,45.20989201691884,0.5585109808616394
ENSG00000109929,44.812099819973895,0.2844737816823215
ENSG00000144028,63.70950346634402,0.27812111642098836
ENSG00000145241,38.96291430190085,0.4080537653907098
ENSG00000068971,74.71051150931655,0.04553709520688942
ENSG00000138376,35.52168529430531,0.737446533783222
ENSG00000124762,52.237741009485504,0.7368777597791076
ENSG00000133800,66.97138220354239,0.4711842922186227
ENSG00000109929,43.655469927767186,0.3815339401972676
ENSG00000134324,39.33806649731497,0.4978849048358701
ENSG00000012048,25.876095151254862,0.33731054522125103
ENSG00000145241,32.63717847034325,0.0223935804493145
ENSG00000109929,0.4752871894822319,0.4010231466463353
ENSG00000196611,47.97208100528172,0.016181436118645087
ENSG00000138231,50.404192690493666,0.5032465917880691
ENSG00000144028,58.44177408954372,0.03266680618701567
ENSG00000145241,65.9756022004287,0.7602753316853187
ENSG00000128284,93.35779117239326,0.590031256681083
ENSG00000138231,77.66523773304786,0.5825335550151187
ENSG00000133800,87.50694430502728,0.4074355667503007
ENSG00000068971,93.00315806543394,0.7029635489022389
ENSG00000138376,17.808326319893688,0.3965886694005585
ENSG00000141510,2.687473676136398,0.6665531120083339
ENSG00000131808,5.934564057841174,0.8855862913730894
ENSG00000073849,81.4879312108868,0.03942304909111216
ENSG00000145241,43.262620554869955,0.4979715323967736
ENSG00000012048,15.38173091425069,0.9647009810738315
ENSG00000131808,19.469959367333235,0.6448500525661588
ENSG00000141510,96.99904992717588,0.45948779924505323
ENSG00000128284,27.8705991986271,0.6025353913808595
ENSG00000073849,9.964672923288465,0.17758887772408827
ENSG00000134324,74.97662197203873,0.16016702604872135
ENSG00000138376,1.0286578794342471,0.6995843884368311
ENSG00000125148,88.98247493454426,0.7281434872581798
ENSG00000109929,22.08785675486914,0.899626122605227
ENSG00000136997,64.27396522833736,0.7720841073717537
ENSG00000134568,94.20040491048275,0.9861419141908758
ENSG00000138376,78.98424824744909,0.09625008039570948
ENSG00000068971,6.578947608379249,0.3096439732879297
ENSG00000133800,90.77378983663623,0.21679765989650368
ENSG00000134324,77.3098249793271,0.3672803307879675
ENSG00000128284,61.338030778602345,0.4008359093713182
ENSG00000116679,13.705479181955205,0.09440997010780827
ENSG00000138231,3.462033947298626,0.2904244152062686
ENSG00000073849,45.173097838447276,0.4262762712179968
ENSG00000145241,29.76960092158244,0.781962933534611
ENSG00000131808,7.916232750737528,0.09536904482261155
ENSG00000012048,30.037958197208358,0.4721984557671305
ENSG00000124762,76.86516601171289,0.9784099830030791
ENSG00000138231,50.18996479515021,0.22515313413624227
ENSG00000134324,20.18754522796824,0.02220198043599597
ENSG00000133800,51.80874092414657,0.6061690701077254
ENSG00000116679,7.292522410773172,0.6239327188807561
ENSG00000196611,40.91437585850861,0.7268991891193077
ENSG00000125148,18.908123167473732,0.97689934487891
ENSG00000136997,48.699324770260176,0.7348123089124559
ENSG00000133800,72.3012695219716,0.9201839123646453
ENSG00000196611,3.1033718094683027,0.07511974820585188
ENSG00000125148,98.78514760067553,0.6709566564740794
ENSG00000073849,19.962161183516002,0.6270419456986983
ENSG00000144028,61.42068245919686,0.9122443149602331
ENSG00000134324,36.19922629726587,0.4374038909720579
ENSG00000124762,68.74875194420963,0.6504504283089733
ENSG00000116679,46.23243294890996,0.8210611489598724
ENSG00000145241,90.63695995075027,0.9528764578358294
ENSG00000116679,19.04887766139708,0.030880600019705273
ENSG00000138231,26.01194731348985,0.977395034902744
ENSG00000131808,46.83076037491176,0.6441996953177108
ENSG00000138231,33.48893983784801,0.26333018201917546
ENSG00000136997,29.732692223611746,0.7423299592232127
ENSG00000136997,99.43778351337652,0.11941892480839422
ENSG00000124762,62.936834401860196,0.5533243112105943
ENSG00000116679,16.244655100983373,0.4078113510572233
ENSG00000108813,82.25307135069876,0.7120336527735317
ENSG00000131808,50.78628761288062,0.5631142625653631
ENSG00000145241,28.53599090340081,0.16512879074813192
ENSG00000116679,57.818756207088185,0.28057521939442387
ENSG00000128284,86.52373549414875,0.09460566475970156
ENSG00000131808,34.587006175554954,0.6407447516557561
ENSG00000012048,73.40889606399456,0.9223783331572983
ENSG00000131808,19.04378039189116,0.983636150391646
ENSG00000125148,1.9648353554699516,0.05136135002638109
ENSG00000131808,84.80943839603762,0.81312109771935
ENSG00000109929,4.323836303754291,0.7798804698159727
ENSG00000012048,50.699053893230705,0.9882783899662695
ENSG00000145241,90.0641805269507,0.6400620564497412
ENSG00000141510,85.20309551161387,0.34926652835465133
ENSG00000134324,58.90031144615101,0.11925545941849325
ENSG00000125148,28.91157184849392,0.28955434336815045
ENSG00000012048,12.74790329783011,0.7892911901181219
ENSG00000144028,13.486727745252036,0.12573946656038126
ENSG00000138376,17.970035460666534,0.04504682336100452
ENSG00000109929,23.771390890983557,0.9940499869336923
ENSG00000145241,90.78426730834045,0.3905163038914329
ENSG00000145241,45.55682875130949,0.053138308604636975
ENSG00000073849,70.05332683081467,0.7818657119855942
ENSG00000109929,57.198421441684474,0.524873429857496
ENSG00000128284,59.43469050285274,0.12427382330217807
ENSG00000124762,17.073805949779754,0.6371426933499205
ENSG00000125148,54.72300515647751,0.7672458096095673
ENSG00000124762,98.10478627060189,0.5219004185446329
ENSG00000134568,83.6401996863218,0.3661069454160659
ENSG00000073849,24.989899533302594,0.5850923160012299
ENSG00000138376,91.54389696918612,0.7198224116295092
ENSG00000068971,2.805198503227424,0.4948756255851121
ENSG00000133800,5.200697977768098,0.7872208108563458
ENSG00000144028,52.65357456136167,0.7963353246645511
ENSG00000125148,29.649365450664746,0.005836864619402693
ENSG00000138231,16.15722952252626,0.3182930045535991
ENSG00000116679,27.044317834049338,0.7779852955863906
ENSG00000138376,88.93574917489858,0.6834760231003658
ENSG00000134324,53.98144639052691,0.7677105241358372
ENSG00000073849,12.440629939566328,0.6854022967041479
ENSG00000145241,20.652178352899643,0.6827937726443963
ENSG00000196611,3.894390952241189,0.9932456576165539
ENSG00000068971,24.64382987902518,0.29846803326175664
ENSG00000133800,88.03753598219916,0.22869197689965648
ENSG00000134568,54.673794243434116,0.1911176632507311
ENSG00000108813,32.874077467613006,0.5027800205312805
ENSG00000124762,60.99244715848743,0.9523980695563901
ENSG00000108813,16.04854089942368,0.031687562733816454
ENSG00000012048,75.6041919922256,0.15865391994142863
ENSG00000109929,90.55450396990481,0.3167027219119891
ENSG00000134568,17.178623221385415,0.8142742110546889
ENSG00000134568,80.91807690070145,0.9416574559818732
ENSG00000124762,44.685079549807014,0.6251919875331661
ENSG00000134324,68.58798278316776,0.06784514845426592
ENSG00000196611,42.6823156542268,0.3209827632840152
ENSG00000138376,57.70881798433245,0.37868663072091757
ENSG00000128284,13.527027180831519,0.0465413109413052
ENSG00000145241,70.46450851403861,0.6386475300063807
ENSG00000133800,49.5071540316971,0.7164702736820381
ENSG00000134324,47.612642264463226,0.051436628226513514
ENSG00000141510,35.82580255797293,0.9094591669835705
ENSG00000131808,7.555862106641031,0.7544102328070277
ENSG00000134568,89.17864364495905,0.6079821546508033
ENSG00000125148,70.53276747708564,0.8922208600894623
ENSG00000134568,32.814902110915945,0.1994477776098721
ENSG00000108813,67.50918316590712,0.8736808724752405
ENSG00000124762,5.844214209231313,0.3170722083243416
ENSG00000136997,73.23227298530097,0.0297391049841923
ENSG00000141510,54.813246538473535,0.6708324271604702
ENSG00000116679,21.81328116589951,0.4037123249275658
ENSG00000068971,91.20630608792803,0.4129609524928495
ENSG00000012048,82.52697635134997,0.396323815574113
ENSG00000134324,66.51598235297902,0.6249512531554647
ENSG00000131808,54.99077670619189,0.07194722232552841
ENSG00000196611,41.988847822499,0.7324788528861758
ENSG00000141510,94.92837371766763,0.8363488288960685
ENSG00000131808,69.56988375758122,0.677086490457403
ENSG00000134568,37.08423738664798,0.47134121019483055
ENSG00000144028,6.126867271808267,0.35927379866552966
ENSG00000145241,22.238975213824585,0.4141074326205839
ENSG00000144028,23.01392562921555,0.9815887091899694
ENSG00000116679,95.10011938129884,0.9815475102565934
ENSG00000138231,13.719412791579689,0.7261370640804674
ENSG00000136997,13.135265807795204,0.7657521717433505
ENSG00000012048,52.45106271185672,0.865568222360967
ENSG00000141510,0.2954054820288765,0.12271544395687783
ENSG00000136997,93.20049423748665,0.2844023223180985
ENSG00000145241,81.57465584027996,0.5409912779534087
ENSG00000128284,68.72473997865004,0.02938356772795314
ENSG00000134568,74.12619076800244,0.3027038034340326
ENSG00000109929,51.523291442771594,0.39431525024957603
ENSG00000134568,73.18755955330055,0.9998816069806968
ENSG00000068971,10.015579383320027,0.481826868253998
ENSG00000116679,8.264562054957757,0.8911889191166664
ENSG00000134568,35.59620324353479,0.03531714515771556
ENSG00000133800,33.134884495088016,0.19460601858852367
ENSG00000136997,38.23542533313113,0.16744860185764254
ENSG00000136997,41.1625226316763,0.557966917440863
ENSG00000116679,29.97342030844906,0.8913240823253741
ENSG00000108813,67.61150343521824,0.868659824087067
ENSG00000068971,96.80671576575303,0.5326353019504715
ENSG00000145241,99.23343293905387,0.7536223731436539
ENSG00000108813,87.54930032757208,0.941760176958597
ENSG00000116679,39.648931530984186,0.05084544823245141
ENSG00000125148,85.83495964936613,0.8055683686963115
ENSG00000125148,35.080320258522434,0.4589760292345586
ENSG00000128284,68.92428839751153,0.7313556047078311
ENSG00000068971,50.191106437208745,0.12647521934429662
ENSG00000128284,16.614220411512093,0.5761836460338724
ENSG00000125148,22.997217956356476,0.43105322080179487
ENSG00000141510,37.29612005642663,0.7719130853119549
ENSG00000133800,68.46792031651515,0.3254762446000308
ENSG00000128284,62.21642030991921,0.6384972978867206
ENSG00000196611,11.138085515755236,0.6131978547135313
ENSG00000141510,60.51495772129867,0.7586719979390519
ENSG00000144028,52.12277450570404,0.30184140075942767
ENSG00000145241,9.352468983978646,0.13777555848682377
ENSG00000141510,53.90178934348852,0.6193878780853613
ENSG00000116679,34.37734377682495,0.1637856672469914
ENSG00000116679,77.67715771599268,0.446622003819494
ENSG00000144028,99.11933274988414,0.038422142414665905
ENSG00000145241,12.585092065562586,0.8251060429013656
ENSG00000124762,1.3609216967909177,0.4962547931271428
ENSG00000012048,65.82840149203471,0.6089683992534511
ENSG00000131808,21.301670391671912,0.1540458399311705
ENSG00000196611,79.1661690990749,0.3092459087631212
ENSG00000073849,48.71077711305342,0.26444378134491753
ENSG00000068971,78.57375024404296,0.0875129994936149
ENSG00000141510,1.4923837451678579,0.21310790736373597
ENSG00000141510,18.52846843487518,0.8207046551388636
ENSG00000144028,73.84139626761423,0.9131032296132947
ENSG00000134568,15.495930646462352,0.277343675828287
ENSG00000116679,26.312419214163405,0.2276831199225956
ENSG00000138231,38.163784177212015,0.9098930361843249
ENSG00000141510,78.01701655905514,0.09877772022398534
ENSG00000128284,16.09607933458176,0.5973063516437744
ENSG00000134324,12.434063728434165,0.83019311749442
ENSG00000138231,95.48331830560137,0.8583478899593245
ENSG00000108813,52.12778954893549,0.544483711893422
ENSG00000073849,71.28457361345896,0.15992769571116983
ENSG00000125148,29.177650570969014,0.6844126249204896
ENSG00000138376,67.26293125175553,0.348808474436926
ENSG00000133800,72.66899860557496,0.03196512381734207
ENSG00000144028,25.4005891550378,0.06551925215582255
ENSG00000108813,19.288927124128328,0.3292450176994741
ENSG00000144028,80.03625196344946,0.09025691463891694
ENSG00000128284,4.447835421658752,0.9705000075673675
ENSG00000145241,12.851580377502437,0.40355593671659795
ENSG00000134324,28.360348619488583,0.10927430756531875
ENSG00000134568,73.5654276389132,0.9678372814842898
ENSG00000124762,75.56098031156449,0.5230162464047593
ENSG00000116679,1.493079608717962,0.9948737776646631
ENSG00000012048,88.46895330320417,0.05806028029773691
ENSG00000144028,65.63959104947043,0.8014184705105176
ENSG00000133800,84.96120903743135,0.2461780573465373
ENSG00000108813,51.632056650338555,0.012977400756407631
ENSG00000144028,32.384942265647496,0.8640631392885489
ENSG00000144028,66.2739419796534,0.599290828766566
ENSG00000134324,28.260268589191295,0.8732265958914649
ENSG00000068971,41.502456261012654,0.8234711171444028
ENSG00000138376,36.726495728499245,0.6402272812159144
ENSG00000125148,57.05413767565334,0.636779861057331
ENSG00000125148,19.763174119571037,0.32615879075162546
ENSG00000136997,92.31753151021432,0.4154951982992653
ENSG00000134324,35.59136635000769,0.6403046330315088
ENSG00000134324,52.13490656641743,0.33868856574499273
ENSG00000141510,7.528699052911847,0.4902357794590233
ENSG00000138231,68.41276988826803,0.7621860491871029
ENSG00000073849,94.225811088669,0.8434185238829576
ENSG00000128284,56.666817077222746,0.79312695483372
ENSG00000133800,44.88618356151637,0.01848642022336211
ENSG00000012048,45.55620341923099,0.9739290999554302
ENSG00000138376,51.00341176721624,0.569537673033159
ENSG00000145241,78.76545292331083,0.975237852233502
ENSG00000134324,53.6003944355404,0.33122191204339546
ENSG00000073849,44.616924027691,0.2974855379976524
ENSG00000196611,49.43082869047767,0.7305864027682417
ENSG00000196611,5.569214829601288,0.9480063837659264
ENSG00000134568,40.060034721272565,0.13181871385635835
ENSG00000141510,53.867885770515485,0.9853000358294944
ENSG00000116679,87.12399440330245,0.21106403089519654
ENSG00000138231,18.23214366715018,0.19022085678756573
ENSG00000124762,92.29837439081376,0.7388611614686484
ENSG00000012048,34.93230934186617,0.8985136320135164
ENSG00000133800,56.384617829152994,0.586559588312061
ENSG00000133800,44.6916848934004,0.2908557022153321
ENSG00000125148,13.792022610835296,0.5834092176063193
ENSG00000068971,98.76748727541883,0.2612386217244099
ENSG00000138376,2.0184695837297206,0.10759057556921348
ENSG00000141510,96.82390083495885,0.7988922049396854
ENSG00000134568,14.019252095536539,0.6223804477167797
ENSG00000144028,59.24466220910875,0.30836081678907623
ENSG00000068971,32.79234943759295,0.10874205679794424
ENSG00000124762,53.16944627529663,0.5429114647563488
ENSG00000128284,57.14404390276175,0.9667890355775163
ENSG00000108813,0.5609154272979922,0.9589010022591562
ENSG00000128284,58.178240268059525,0.9003244463847888
ENSG00000109929,40.99020018473312,0.5122552411883456
ENSG00000108813,6.507564939499922,0.4595065227255165
ENSG00000141510,35.13342151980668,0.015356727349618904
ENSG00000073849,74.33854299668205,0.5416130128039476
ENSG00000012048,72.96686653167393,0.32369027558363284
ENSG00000133800,91.77634031761153,0.6105138589381128
ENSG00000134568,62.1956508389204,0.8578584733856479
ENSG00000196611,78.4227333489927,0.3860585216782877
ENSG00000133800,55.85778401208663,0.5910916149753622
ENSG00000136997,44.43451299804676,0.08527925968826289
ENSG00000068971,95.08924486668022,0.10836798515337853
ENSG00000138231,94.61978089340472,0.10464096877946472
ENSG00000138231,58.983520658383206,0.7872458687362772
ENSG00000108813,38.4405639239536,0.3223540538338451
ENSG00000108813,65.54580114679915,0.6531133562843014
ENSG00000116679,32.456653900354226,0.7003091265907675
ENSG00000131808,45.68504240798117,0.9891682851488404
ENSG00000138376,43.043044285763735,0.8792053499257483
ENSG00000145241,99.51002209965158,0.9971857243374409
ENSG00000125148,0.06711830509837924,0.6224169853463332
ENSG00000141510,54.648735342355415,0.46323623110654544
ENSG00000068971,34.564857166047084,0.7936618705468217
ENSG00000124762,61.28200300773936,0.24593728172686236
ENSG00000134568,41.00035816334131,0.12583098895041667
ENSG00000144028,20.040814988995447,0.9744282654528256
ENSG00000012048,11.456002605224192,0.1524236017819144
ENSG00000131808,58.507676952170485,0.3226319489960774
ENSG00000073849,84.64131901268559,0.3706247275208865
ENSG00000134324,45.09422752203511,0.5493586578726913
ENSG00000073849,96.87493957665009,0.7548091970728096
ENSG00000073849,68.16722384774353,0.3769080706528477
ENSG00000144028,1.0551955033617166,0.7065684796672544
ENSG00000141510,50.48208284109893,0.5701618236482042
ENSG00000141510,93.48017344196911,0.8390189440406854
ENSG00000124762,3.0150811047827575,0.022120850020849736
ENSG00000196611,45.33471738219311,0.4557226673583895
ENSG00000138231,69.03326635940068,0.11459440644244445
ENSG00000068971,68.98259734602054,0.06932469334909686
ENSG00000012048,73.88770135425385,0.9374693419123122
ENSG00000196611,37.72869644544441,0.7536745178488132
ENSG00000141510,84.95220564773564,0.2747951293052209
ENSG00000068971,13.900350868055867,0.08756446505264037
ENSG00000138231,34.06162315274961,0.9515731324387132
ENSG00000133800,41.41626868915803,0.9380004976598854
ENSG00000196611,70.70122403756056,0.16542404612811967
ENSG00000134324,23.097158597581714,0.822492581388152
ENSG00000108813,37.91465202857166,0.9127842774412703
ENSG00000134568,16.66936245950703,0.5855971398764391
ENSG00000108813,23.37841901043719,0.38530592550540377
ENSG00000131808,44.67767704970248,0.7974022629678601
ENSG00000068971,35.04198649899182,0.3568641727446761
ENSG00000145241,24.738736522312877,0.007479207328154658
ENSG00000109929,92.48287554151176,0.6210393997418506
ENSG00000141510,22.572643239548572,0.8356894458901494
ENSG00000109929,82.53009089810983,0.9451311760100559
ENSG00000116679,21.11698101736331,0.7110349814133109
ENSG00000133800,54.41171980284376,0.543790060420288
ENSG00000138376,64.23971254537491,0.009501609425285995
ENSG00000138376,63.38159779605347,0.27302432348871497
ENSG00000128284,87.60882341479889,0.4343453090545756
ENSG00000144028,21.39029267284385,0.9680239738415526
ENSG00000012048,46.176919966894744,0.12922428538978348
ENSG00000145241,4.272944134853274,0.03784170599691972
ENSG00000134568,13.394977717510258,0.2139333195117018
ENSG00000134324,82.47789110351977,0.4182491519236119
ENSG00000131808,32.058786036791496,0.6796286158438958
ENSG00000141510,75.41301322651128,0.2690428650901233
ENSG00000124762,17.093474999800474,0.427438105933578
ENSG00000196611,62.412471563295554,0.3212703014757068
ENSG00000144028,55.11822040906228,0.7773169481673705
ENSG00000138376,86.70305185994339,0.9876664464758845
ENSG00000134324,80.11796881864309,0.8747582652161091
ENSG00000012048,10.182641928729685,0.31620542277773933
ENSG00000109929,50.61116389864046,0.030887851423473056
ENSG00000141510,89.26376530482104,0.6634614252849409
ENSG00000138231,33.75056981217549,0.9432844414656196
ENSG00000141510,73.20353732679108,0.08634219722631176
ENSG00000141510,91.0313608476946,0.309296902580377
ENSG00000134568,71.14042718553625,0.9799497722787156
ENSG00000134324,19.24717184087783,0.033422679016749
ENSG00000073849,69.6120833313995,0.8063186285082643
ENSG00000124762,77.36739110740366,0.26923004637857395
ENSG00000124762,49.41844761241493,0.5893176283724247
ENSG00000145241,43.69664648397366,0.6866038157341942
ENSG00000124762,81.74444223723928,0.5976239405036211
ENSG00000116679,22.199289680672905,0.6650295467428212
ENSG00000073849,38.0250354074956,0.050530239971937174
ENSG00000136997,1.9481811498317292,0.4351573455619333
ENSG00000141510,99.74183012395233,0.3972083363353771
ENSG00000116679,95.49812796450628,0.7400469555241103
ENSG00000068971,50.12953518227528,0.9619932274150709
ENSG00000144028,30.794689018535593,0.11758470319049497
ENSG00000133800,37.60184702058702,0.16462497837393075
ENSG00000128284,48.92357094333334,0.15278753791637212
ENSG00000138231,60.97251083819927,0.9905853007629716
ENSG00000138376,52.37228322532674,0.8526474743055157
ENSG00000109929,3.6805733290506293,0.5734286182927542
ENSG00000068971,85.03359696100044,0.5066762366362577
ENSG00000073849,29.624644109420974,0.4433802471404007
ENSG00000136997,6.292172164149001,0.1867413932875337
ENSG00000138376,94.29611837719969,0.053591995639517
ENSG00000108813,81.54076877743755,0.2263228154545821
ENSG00000116679,32.21727209008797,0.5438418366404174
ENSG00000141510,70.29288759359076,0.2272547308742474
ENSG00000144028,17.66026623179554,0.5966128227655964
ENSG00000124762,70.78804674404672,0.9793714842154246
ENSG00000145241,30.058651730744877,0.2674645061486227
ENSG00000116679,63.628909750455584,0.7974657740055169
ENSG00000134568,64.22768217534686,0.28894048346357415
ENSG00000138231,2.5662439667983206,0.18612018386333806
ENSG00000109929,21.389029486649402,0.4031984770072926
ENSG00000012048,74.12249262277538,0.5026946467194635
ENSG00000141510,93.19209249245273,0.5242765608947136
ENSG00000144028,64.94840612299114,0.020126195137958436
ENSG00000134324,45.23733547544858,0.5122241796655826
ENSG00000128284,69.10201624377568,0.5701423575011254
ENSG00000131808,0.6860434045631303,0.9129192854553917
ENSG00000128284,17.030843847017753,0.06822697499436459
ENSG00000141510,82.73388990890723,0.6502028583343956
ENSG00000128284,98.02022447227323,0.4564568928671341
ENSG00000068971,32.41794247443296,0.9563545606833241
ENSG00000141510,34.10706798937798,0.18879891496831303
ENSG00000141510,45.08811998630136,0.31598950883320287
ENSG00000133800,72.39518910102002,0.9614691252151617
ENSG00000138376,63.53238965802197,0.013901827155770485
ENSG00000109929,11.768015136998667,0.7965341295210374
ENSG00000128284,92.11632202429779,0.6740968667610426
ENSG00000144028,31.124679964861677,0.5877230330029203
ENSG00000073849,72.99247543379438,0.5452635687808838
ENSG00000109929,36.722688178103894,0.6954282968723934
ENSG00000138376,59.58788995021587,0.7894713237537979
ENSG00000128284,77.91209828499336,0.00031457141714041903
ENSG00000133800,82.47017690962797,0.038791578218069556
ENSG00000196611,71.0989577908768,0.29560269198740474
ENSG00000108813,51.47708205462788,0.24131765517850345
ENSG00000068971,84.0287858258862,0.2056856161170718
ENSG00000128284,24.29844455430521,0.28615851438429585
ENSG00000144028,62.440124059820526,0.3142392204425316
ENSG00000141510,40.89397515012334,0.2232899627844802
ENSG00000141510,48.30494788665855,0.3063914229608333
ENSG00000124762,30.95430825372567,0.4473338134474857
ENSG00000116679,38.24764135506973,0.654954213743379
ENSG00000116679,39.644412415957255,0.8967014561845447
ENSG00000136997,66.26507888290041,0.9527379897102782
ENSG00000144028,63.173875308702364,0.346391049002735
ENSG00000124762,53.28179029031047,0.08978925822282802
ENSG00000116679,23.386426670577855,0.6998994884238509
ENSG00000012048,87.12977473938335,0.4882842761563111
ENSG00000145241,31.79621484527927,0.9734611521891233
ENSG00000134324,63.60434742295589,0.796054100075689
ENSG00000141510,10.438106506163958,0.25621479069588526
ENSG00000141510,39.65879710534305,0.777728709350141
ENSG00000133800,65.69914552123872,0.11786939516725092
ENSG00000131808,91.69093290730783,0.8610079922922468
ENSG00000134324,14.667875417733622,0.5545024034625852
ENSG00000068971,75.02327826384256,0.18669890736620298
ENSG00000196611,20.111848115477404,0.7272067622753567
ENSG00000138231,65.67905342947593,0.11800878454116659
ENSG00000108813,23.45104913334457,0.048006680561044734
ENSG00000073849,6.223791921980126,0.45257529030569943
ENSG00000068971,47.393542786075294,0.451671819904907
ENSG00000141510,65.91821697413349,0.4578018985145724
ENSG00000141510,23.09595989802099,0.8519207594157413
ENSG00000134324,37.023304444227556,0.40951230862838306
ENSG00000138376,51.07610001648274,0.8662929428201025
ENSG00000136997,64.31720366192486,0.2973964647918035
ENSG00000125148,82.48243154267152,0.6237109030804879
ENSG00000134324,32.112687157594586,0.46844208692150546
ENSG00000116679,27.358732629768635,0.4108235925337822
ENSG00000141510,6.124567210397447,0.3248653134051356
ENSG00000141510,29.03188425542228,0.4542576096288494
ENSG00000116679,58.69363239371022,0.2862363701358881
ENSG00000141510,21.75901545973091,0.5536928755009587
ENSG00000196611,57.95614835242705,0.6218626978440216
ENSG00000138376,23.099687393948642,0.4363839457816021
ENSG00000134568,66.02955550340536,0.3834657017789853
ENSG00000138376,24.395744951023012,0.2740654152061395
ENSG00000133800,48.86904718768106,0.8250373646959281
ENSG00000141510,13.814538725968772,0.9493139264026556
ENSG00000128284,79.59663154714578,0.22993262071390064
ENSG00000141510,12.237731918944316,0.9948472019371648
ENSG00000136997,7.534428076448208,0.8460074319579438
ENSG00000012048,93.07643159421362,0.5759260494031541
ENSG00000012048,17.13784674578047,0.597036204776053
ENSG00000131808,78.49142930782239,0.8342735109427323
ENSG00000124762,22.05416693453107,0.3660123493118421
ENSG00000108813,99.34434497465318,0.10439871240673193
ENSG00000141510,5.464761619915115,0.02370261463738077
ENSG00000128284,65.35242203963499,0.2984131951264588
ENSG00000133800,75.64144249925818,0.9223410339222636
ENSG00000068971,31.88633207118208,0.893294903405414
ENSG00000125148,17.739526873960433,0.6003706472378469
ENSG00000108813,73.25224753257883,0.039669165155125974
ENSG00000116679,60.39080461955131,0.5160426605227988
ENSG00000012048,84.20575911029073,0.2004602634724204
ENSG00000134324,7.629110762812575,0.7935681068081618
ENSG00000108813,54.14399940274007,0.7575537183260374
ENSG00000125148,46.72921329251292,0.41113924950432046
ENSG00000136997,25.65577609443499,0.9277709043033655
ENSG00000108813,65.6418635239459,0.28569865742079614
ENSG00000133800,68.97031697357797,0.7491440586378931
ENSG00000196611,8.239818638886998,0.25748861397961675
ENSG00000109929,61.557130045474494,0.35241856606817445
ENSG00000136997,2.884763189448536,0.0952403067072729
ENSG00000136997,4.345441121348747,0.9047970488246037
ENSG00000138376,39.602627554718374,0.4471872136215115
ENSG00000108813,96.88857828886026,0.04570833417029907
ENSG00000116679,61.22379043845114,0.45968196445768517
ENSG00000138231,65.43084185868702,0.041225921280794275
ENSG00000125148,27.289488633752267,0.49258572622198094
ENSG00000116679,34.59343662478628,0.06583906439005305
ENSG00000138376,87.60321353966563,0.913152184889883
ENSG00000136997,67.9492320155883,0.31078522685449583
ENSG00000133800,85.57738915755199,0.5699689872270781
ENSG00000133800,38.767403546104326,0.9844887145240288
ENSG00000133800,44.59842110140787,0.2728507370343055
ENSG00000068971,55.7388594219712,0.7599487878712315
ENSG00000145241,82.93529003738794,0.17219584518007935
ENSG00000144028,55.967206926322056,0.28061980015132626
ENSG00000124762,53.86075215304028,0.7986460000600978
ENSG00000138376,59.02389196530855,0.06687459429606146
ENSG00000144028,97.36168832412214,0.1930901033768675
ENSG00000131808,28.725732791753522,0.9929297514678107
ENSG00000128284,72.2545576703514,0.27353074284431955
ENSG00000116679,34.05462637954657,0.2909033583433569
ENSG00000124762,28.2594578027365,0.5256138300798798
ENSG00000141510,79.15321020730747,0.4315357676248639
ENSG00000141510,47.87913051241792,0.4557831934537402
ENSG00000134324,41.45725953693882,0.8840784021519645
ENSG00000108813,12.5497324006286,0.5956839780634314
ENSG00000109929,99.65254308822075,0.7813558740135758
ENSG00000131808,36.08390367888386,0.31973995545783684
ENSG00000145241,1.302837177536642,0.9421792020855123
ENSG00000068971,57.75854404834525,0.9292822600111754
ENSG00000134324,20.856363485946574,0.4833698587714528
ENSG00000124762,81.03498633244018,0.8517030595133377
ENSG00000108813,79.57179568415958,0.16138344784184167
ENSG00000124762,97.9327994870421,0.30741986877680016
ENSG00000128284,36.03541518468146,0.435420028953193
ENSG00000124762,76.7883603257334,0.24306993131370125
ENSG00000144028,40.56096535276692,0.25254692615013796
ENSG00000124762,37.95396789189722,0.18032481904882658
ENSG00000141510,52.976631470829396,0.4430068584169107
ENSG00000108813,87.44772305344472,0.9851635165633356
ENSG00000134324,21.42147170856531,0.3979851784240591
ENSG00000012048,77.33662530915558,0.5583444700715102
ENSG00000141510,32.825323229303585,0.6571227640480123
ENSG00000133800,14.999171408776279,0.05567671938612284
ENSG00000116679,21.002771812976885,0.4861109248766933
ENSG00000145241,85.46804139016562,0.7433620006940498
ENSG00000116679,73.70931869893812,0.10121452426529598
ENSG00000116679,59.20540011448766,0.6686472858422633
ENSG00000073849,10.835920963257218,0.0643742494220173
ENSG00000125148,6.915796250019712,0.34290490027301757
ENSG00000128284,91.32988725535104,0.059044383319187155
ENSG00000116679,73.69957168541362,0.2652859021432403
ENSG00000128284,11.201993653783104,0.7745344613205533
ENSG00000073849,37.69043851279509,0.6024490091475706
ENSG00000145241,63.196059422518225,0.13863549536408304
ENSG00000116679,89.04202096214671,0.2507243976192277
ENSG00000144028,28.326366710952588,0.5672155778185599
ENSG00000138231,83.03379334559644,0.6973926901090084
ENSG00000128284,76.73929383061498,0.8161662016417003
ENSG00000131808,70.74771746710262,0.5269548896624899
ENSG00000108813,13.759185381436435,0.7557933647116634
ENSG00000125148,92.72395966621913,0.8209039629824426
ENSG00000138231,21.223177184951915,0.7849208785487891
ENSG00000196611,95.10471114058534,0.49587343251103977
ENSG00000141510,46.9078435291659,0.7669067473793959
ENSG00000141510,99.07938322250706,0.9906526804224732
ENSG00000128284,40.22107339664917,0.39375986642316074
ENSG00000141510,7.487077605131609,0.2613894578049548
ENSG00000141510,34.33397189493568,0.8408426523175054
ENSG00000124762,13.784940131241076,0.30744641492701874
ENSG00000141510,37.78213263589695,0.23305035809030927
ENSG00000134324,45.625363705768066,0.5791495941428005
ENSG00000012048,80.58084565812545,0.36706778565264897
ENSG00000134568,94.6642337004132,0.33962689241472455
ENSG00000134568,15.385255462290203,0.9291800725470624
ENSG00000073849,90.90249470659971,0.4249214720359187
ENSG00000131808,29.83516859132568,0.760088960263818
ENSG00000131808,1.991877334627734,0.9114950139437903
ENSG00000138231,84.03611713138571,0.7606773047980645
ENSG00000116679,37.59422434596693,0.39993246777690117
ENSG00000138231,33.79512944311117,0.33432989765716736
ENSG00000073849,68.66979098887937,0.09348518471830702
ENSG00000144028,84.1060289207923,0.3784646959898016
ENSG00000138231,72.83136633853489,0.09390235237374178
ENSG00000138231,55.460952100844516,0.15878706680116672
ENSG00000012048,86.18434767038684,0.37358765407284944
ENSG00000138231,31.676345727149048,0.2992714909136003
ENSG00000109929,18.09177022142363,0.5670751115164834
ENSG00000109929,59.131226439558546,0.1965152273464763
ENSG00000196611,54.7889635461024,0.3753098816077943
ENSG00000128284,85.24756477251469,0.1770195031496521
ENSG00000144028,54.774172645030205,0.6752140087836707
ENSG00000145241,72.9415279824566,0.43974967074206717
ENSG00000073849,28.43885484592522,0.3398866193618295
ENSG00000136997,35.73512489626799,0.019928463904285376
ENSG00000108813,13.57054122314496,0.915020472173286
ENSG00000073849,78.65237670864235,0.027570295079132334
ENSG00000134568,36.61001331804511,0.7771612203720698
ENSG00000134568,66.62483372057507,0.09640378169249342
ENSG00000012048,57.40859837146542,0.059112114886940126
ENSG00000128284,77.39457711292165,0.6229592578811489
ENSG00000133800,29.89721231200121,0.23403140325116822
ENSG00000144028,80.13097381681685,0.13518876872876118
ENSG00000124762,64.9085897550362,0.8995909136913974
ENSG00000108813,8.331844009357248,0.615742957261381
ENSG00000125148,82.6032410117538,0.4544735483184079
ENSG00000116679,78.40968420321849,0.5246799125093998
ENSG00000134324,98.24387057757741,0.8538203356223657
ENSG00000073849,21.568231998950882,0.8409205066700365
ENSG00000138231,33.70589242589228,0.24732865607117493
ENSG00000073849,81.5530526236254,0.26739924794509196
ENSG00000108813,60.95654298867377,0.46547992470802224
ENSG00000141510,68.7926280237326,0.6256689710157075
ENSG00000109929,95.50680995368904,0.7902382334605837
ENSG00000141510,55.04123359212536,0.8727324784933801
ENSG00000134324,38.95440392869464,0.4209397880969802
ENSG00000109929,70.81666717243584,0.3403876145995972
ENSG00000073849,18.421013964550838,0.17702280709530305
ENSG00000141510,92.76602714877347,0.8317057516237741
