gene_id,gene_name,gene_expression,tissue_specificity,gene_length,gc_content
ENSG00055203,HNRNPU,73.41392758638291,0.39654058888953025,144935,0.5800039935574859
ENSG00006645,ALOX15,78.7406320993737,0.8484479112006292,135527,0.48649036523163147
ENSG00013007,CDR2,56.75545051947475,0.9168835043892268,72836,0.46979446549610326
ENSG00091366,MAP3K13,79.73043740915584,0.5067055114522667,110326,0.6672795195370125
ENSG00065127,MBOAT2,80.05699646498275,0.4570086343142674,53248,0.45033317634152215
ENSG00013905,CDR2,40.11755061625865,0.9319511882162124,156302,0.3371445276040028
ENSG00066133,STAG2,15.307076760710736,0.5258365531566478,75870,0.5305437336565966
ENSG00022245,ANKS6,17.63906966700005,0.27460863110443356,8899,0.6973472466545261
ENSG00011868,MAP3K4,15.858834750411843,0.03734275361813166,168386,0.3517373237909814
ENSG00037761,HIPK3,4.243823746975073,0.5901323628792577,94258,0.6628253572055487
ENSG00063225,ANKS6,76.66997365958453,0.13884061988976304,85720,0.3680380013204938
ENSG00036458,MBOAT2,96.25900844758526,0.807041219734854,172042,0.69492082743843
ENSG00021378,HNRNPU,3.7510829338734175,0.5715009388209786,61254,0.4154137769789306
ENSG00029327,Sestd1,4.603839835690793,0.7044918580947129,115249,0.4002272578805961
ENSG00087262,STAG2,91.56852894187955,0.6231039472960002,105043,0.5800098178778816
ENSG00047092,CEP350,50.650968544348665,0.45511332520933456,1922,0.5110263188691734
ENSG00089389,ALOX15,17.95364754133695,0.8722356139944741,143486,0.4853851488038914
ENSG00049434,ALOX15,4.333289590836431,0.36307310394134285,138917,0.6173346553710222
ENSG00021268,RBPMS,69.46494225444411,0.24093525118083547,26395,0.3009905349092556
ENSG00054278,MAP3K4,36.49843500544358,0.5534173864194809,140889,0.3626672428626101
ENSG00098438,MAP3K4,32.916005301086415,0.7139684239557413,188936,0.6538463588998684
ENSG00015148,FOXP1,92.65144397010458,0.5364957813175955,12250,0.5602386987754535
ENSG00087977,EBP,67.61186619721794,0.756476476591528,36425,0.6851459079097345
ENSG00039013,Sestd1,25.1691047522706,0.7631193112273466,103073,0.3235296239431642
ENSG00073670,EBP,44.08157307030973,0.8986524855384502,183333,0.5510257384437147
ENSG00089766,MTR,53.238845172590935,0.09060970757227793,174708,0.6170878341860255
ENSG00060177,FAM58A,60.02831940167614,0.189700877948218,189748,0.39822615378627624
ENSG00056303,CEP290,43.57875100248366,0.20520072317529858,70140,0.5935454689671449
ENSG00040300,PPFIA2,4.675390865984408,0.1821451538227431,163977,0.6819135666488177
ENSG00055283,NCF2,62.978588686085125,0.8943993373320667,192907,0.6749222281339697
ENSG00056617,ZDHHC20,57.93991457999111,0.5781337536152671,147256,0.31873738371056143
ENSG00004378,TTN,43.52320575734042,0.8026934752898016,31887,0.3022163043844501
ENSG00010516,MTR,29.03738998990252,0.0707126384527822,98662,0.6903731896245867
ENSG00047474,CEP290,90.0775081680501,0.4614540963936594,134120,0.6209262599686192
ENSG00018918,ZDHHC20,85.30391374749536,0.7755586598713868,39598,0.36221677814180037
ENSG00053035,MAP3K4,63.2451135736744,0.004311151095611643,185634,0.31656041782411753
ENSG00007821,DNMT3B,99.92066689881618,0.33311732834791175,143849,0.4604320114403886
ENSG00071165,KIAA0190,70.76940182052857,0.5571906458879287,128188,0.6435650371094065
ENSG00069481,FOXP1,11.840331576171991,0.9839691531930189,23500,0.5994068426877117
ENSG00073306,RBPMS,20.262155912499203,0.14635761250946777,145110,0.5822158592311866
ENSG00019146,FOXP1,15.921179285777443,0.9999659071058247,192793,0.38523926514512963
ENSG00088097,CEP290,19.60836204300157,0.47595316075423644,161886,0.6971322719202057
ENSG00003788,PPFIA2,60.32172972145086,0.5454152415637172,184575,0.44330160888656905
ENSG00030975,MBOAT2,34.89402538335005,0.644879348484203,167762,0.36519756852411683
ENSG00033620,CEP350,92.3952651328563,0.20066476615670525,121729,0.5583611842758232
ENSG00074436,EBP,35.997817799942865,0.040990834735235016,103157,0.34162553355142106
ENSG00068755,TANC2,35.981940191478465,0.7742734197055894,20891,0.5314389738199535
ENSG00018653,HNRNPU,51.94152931956385,0.21972749462670305,112196,0.6842080145779879
ENSG00097072,FCHO2,8.402363554954228,0.3886738855684878,89801,0.5683025625265965
ENSG00050333,RERE,15.53871199722644,0.8347288262290159,13158,0.5372805497832401
ENSG00058119,ITCH,50.16738368293946,0.13856410221408633,56945,0.32009769953521966
ENSG00000835,HIPK3,79.45603628597038,0.40471588340175846,35813,0.5230337241288636
ENSG00064209,HNRNPU,43.09249705941024,0.6936414044390091,4309,0.49731274543942283
ENSG00012325,PPFIA2,37.957371106132655,0.15900796728598687,150537,0.46764544129394636
ENSG00050017,MAP3K4,22.607885020626263,0.5706984265914475,112404,0.33234779202254283
ENSG00033534,FOXP1,40.009879100785504,0.6200308364624021,6448,0.6986924058081055
ENSG00035920,EBP,51.889916784841006,0.02126099268610193,22938,0.5844121993319862
ENSG00053789,ZDHHC20,78.39180626090149,0.13060239166433374,59175,0.31735483514156493
ENSG00097804,ALOX15,52.87288534994475,0.21515962383858778,188501,0.43893523400916634
ENSG00031576,ANKS6,42.27054538844158,0.3173415158361892,64198,0.4294434900214177
ENSG00063070,RBPMS,48.886936126300014,0.9744097299830582,145739,0.3449395522614547
ENSG00085965,ZDHHC20,2.011735278154503,0.842310491106785,139503,0.6634271392549481
ENSG00046362,TTN,61.01894085764218,0.1575677304626103,13179,0.536796518805476
ENSG00019602,ZDHHC20,20.299957747335018,0.2657158897784859,20016,0.5535297128926377
ENSG00045868,EBP,30.433709756657112,0.7574154657811025,191490,0.41209148808972534
ENSG00010715,DNMT3B,93.8191132056461,0.9532363760902349,149642,0.5391148613846306
ENSG00069172,ANKS6,36.16040467843593,0.4808671189262981,143447,0.4828841594997918
ENSG00064727,Sestd1,49.954385448246875,0.8371807049023859,114061,0.36778978382692906
ENSG00059142,MAP3K4,55.71759315547864,0.28561286061464564,82209,0.6823325601710433
ENSG00041600,NCF2,87.25947401876945,0.2950635191854678,9940,0.3896801515226369
ENSG00047483,NCF2,13.423422140961982,0.7670264947727049,117727,0.5564027560221956
ENSG00017557,Sestd1,14.652414863812425,0.08204812849372523,86529,0.35331938024413456
ENSG00072454,MTR,76.26499265998443,0.13547738754832428,161642,0.6391528574169043
ENSG00005595,STAG2,49.11258655673084,0.29709142166512725,12515,0.33922167375594586
ENSG00083760,TANC2,14.489586020414125,0.6698133950997346,50223,0.42816281199401285
ENSG00099478,HNRNPU,40.15714493176377,0.8287270966512653,74372,0.5407826078724772
ENSG00007953,MAP3K4,84.52590024405369,0.7085179524241906,123796,0.6894404768221256
ENSG00009838,PPFIA2,99.9664221920875,0.8842167899091237,72597,0.49205118149790944
ENSG00000453,STAG2,69.41249764689591,0.22853983259452038,22259,0.5564265037792991
ENSG00015507,TTN,45.285087943418944,0.4092272398746162,176870,0.3719651915687954
ENSG00021272,MTR,75.02285999891134,0.9585891802031209,94018,0.6746787502192243
ENSG00063938,HNRNPU,28.904554465613064,0.4450111455338325,3326,0.6978978027313565
ENSG00090340,NCOR1,13.286238824617014,0.07657793019918557,154736,0.3770358555512721
ENSG00028511,MAP3K4,91.26971038300378,0.0800181891586138,175066,0.39662061269096754
ENSG00077859,HIPK3,45.21974955735829,0.7382471712427089,120182,0.49051053336729067
ENSG00065725,FCHO2,38.63345708503682,0.20024550585765766,106504,0.42363284854453387
ENSG00017863,MBOAT2,32.34661687246131,0.1822653447565542,145407,0.6841168014175697
ENSG00034078,FAM58A,30.85317024021965,0.2800600651170505,12047,0.630047579736992
ENSG00024167,SMO,74.8211274016532,0.30392291738283617,148445,0.4243667996045752
ENSG00099505,EBP,93.07815052571442,0.8987728162795728,40880,0.5452162535464196
ENSG00023117,STAG2,12.43867131365458,0.9159985188964791,81506,0.4118107357818193
ENSG00083169,CDR2,9.051782612804482,0.7350758827625062,47723,0.5306473541045159
ENSG00088018,CEP290,19.291753333737883,0.40040282653587556,43456,0.5967322863173798
ENSG00088296,TTN,62.41928110077806,0.39682374597095316,85685,0.5665287542583375
ENSG00065321,CEP350,96.26953915826891,0.7206505712520076,46095,0.32813635998109864
ENSG00011788,HNRNPU,58.990583689748256,0.13502985428563163,40562,0.5481011616714986
ENSG00051074,EBP,51.00963691566548,0.9371191676878322,27682,0.6707696418278015
ENSG00008222,RBPMS,81.61725963813576,0.6638474125761298,99178,0.3573580882651359
ENSG00011314,CEP290,7.090423894306541,0.20653970037282687,144804,0.651593338074074
ENSG00040451,CDR2,12.234078137228533,0.1815490477681947,168733,0.5505471557370503
ENSG00065320,EBP,20.795681817277888,0.46246552304178734,72616,0.40355727304431577
ENSG00064609,MAP3K4,68.56163116687097,0.46791196514739064,143552,0.5814987559667892
ENSG00047756,MTR,41.64174956885965,0.8320014770178289,124301,0.6633214305861269
ENSG00009442,NCOR1,71.32559318146919,0.3943265905288602,63229,0.4833700895403826
ENSG00053354,TANC2,33.89062179135428,0.786591034819069,36511,0.5322042879521048
ENSG00011322,ALOX12,72.99160763956277,0.18129312503748884,99092,0.5434736865707335
ENSG00068103,KIAA0190,41.65543978939987,0.9931191660691323,33769,0.32462671482240635
ENSG00066440,MBOAT2,97.07768912256041,0.626846239534102,38380,0.5994433321409995
ENSG00048309,PTK2,55.74167328784312,0.003619546170765653,148927,0.47174644906186225
ENSG00045813,FCHO2,98.54990312997298,0.6837328576660117,71561,0.5091502259602959
ENSG00033241,PTK2,87.94670795748671,0.35693714390417475,60019,0.5461021304908016
ENSG00073448,Sestd1,70.46397562314759,0.7246641315611414,66302,0.4127992109025327
ENSG00018589,NCF2,61.03330575383916,0.6373556384742444,25879,0.5448191925791568
ENSG00056863,ZDHHC20,26.656355237198028,0.26819625382857837,181855,0.4782208758086749
ENSG00032498,CEP290,35.83751144750572,0.9267703184529733,61100,0.34620797210858745
ENSG00038476,TTN,25.84961791472249,0.21548318932915245,117580,0.6376294281791197
ENSG00088856,ZDHHC20,13.853227044735473,0.22479645235629786,28282,0.5933455921825432
ENSG00035499,FCHO2,26.66985933044047,0.4456425317180115,129588,0.6862665175372872
ENSG00018439,ALOX12,26.75426014324669,0.35033857802133206,22410,0.5812358709859675
ENSG00035458,NCOR1,2.4448463204048143,0.4100002122822156,81636,0.5485937997731127
ENSG00076321,DNMT3B,0.8657022399313097,0.01661023917390958,83772,0.44097180848935336
ENSG00027275,ALOX12,3.9750916431731786,0.5899994099748372,46744,0.5705396441324093
ENSG00098505,MAP3K13,20.26434273647889,0.4997411778141714,44739,0.6534910899438257
ENSG00015161,MTR,61.14377992819803,0.8326450617373279,161715,0.30248613557806064
ENSG00062569,ITCH,28.94937608589071,0.27044897227269715,8400,0.31951148028850757
ENSG00058485,MAP3K13,48.37011031823755,0.3293426012773074,168733,0.44244848946757526
ENSG00062352,ITCH,82.18441477858195,0.9383791231029257,171160,0.33249052544967095
ENSG00004393,STAG2,70.63046488020032,0.6366651615542009,42529,0.5393331624186144
ENSG00005031,RBPMS,81.32869662680713,0.7641319567934092,136054,0.37466065760702993
ENSG00096247,ALOX15,12.949053847711589,0.9588354775841232,57364,0.3903248367782115
ENSG00047554,MBOAT2,98.7748271037528,0.4145639599218335,187055,0.4689853692295458
ENSG00084503,CDR2,12.878484794114042,0.5688548655551375,133304,0.5175794140400142
ENSG00017035,TANC2,37.96208711451195,0.9463745602642503,74535,0.4478482047962647
ENSG00008668,MBOAT2,78.22574334919035,0.7276384472517246,28985,0.34210309130280026
ENSG00008690,ALOX15,50.8333053764992,0.6676305145481427,134334,0.6280196831855693
ENSG00020527,RERE,21.938438339477916,0.30842579496271494,162509,0.5269372061218738
ENSG00071858,FAM58A,72.15581426421572,0.9387812818367768,190699,0.4668388057248936
ENSG00052938,TANC2,38.18249211080773,0.6450965835216184,92127,0.3727136320502236
ENSG00029961,DNMT3B,41.59364147516066,0.5218475039425592,146686,0.676284746402319
ENSG00068859,STAG2,32.542247731843965,0.8019482448821159,164463,0.3371404069070715
ENSG00064239,CEP290,51.8654615504878,0.6458361454110261,195526,0.324251366696375
ENSG00031662,FOXP1,59.499920319890265,0.4951754229699966,110095,0.3187046048989686
ENSG00098437,TTN,80.9246923591932,0.3469776250696782,109812,0.693173100594064
ENSG00039275,TANC2,93.34336241877533,0.2742163509672485,15128,0.5015430088121542
ENSG00033232,PPFIA2,55.36665054826485,0.940380295777619,134880,0.478906592648524
ENSG00006665,MTR,91.36196766061457,0.4286555026455434,189582,0.549745893478674
ENSG00065173,RERE,95.13198830191853,0.4947502376458027,146617,0.3093875566174458
ENSG00086386,HIPK3,33.29992025285914,0.9622113644365836,65419,0.3959166224136233
ENSG00076307,HNRNPU,51.81388117800123,0.9231014959845065,158658,0.4040005168041649
ENSG00019578,CEP290,77.69223248649546,0.26230036049745564,140329,0.4681300381743801
ENSG00049392,STAG2,11.447961902206117,0.27330606119872725,196353,0.6099920716790272
ENSG00058318,MTR,53.219277063853575,0.7975475379399707,118871,0.3575204256190274
ENSG00009929,ALOX12,56.59265975685833,0.2094109160174561,54711,0.40793530719384513
ENSG00020949,ALOX12,48.26884321520246,0.2132344792651667,20766,0.6190261368361811
ENSG00083430,TANC2,13.51899222438374,0.060462678931075375,77831,0.5609864848798314
ENSG00007316,PTK2,34.80454215788681,0.30501042570044723,36578,0.31488398026650904
ENSG00007383,HNRNPU,93.3525287061175,0.957144470731522,92526,0.6073508914167594
ENSG00005252,ALOX15,26.958340769100985,0.998885623258146,33082,0.5253729803499865
ENSG00008263,RBPMS,35.153719271729344,0.8695810399907811,29866,0.6157188458999907
ENSG00017295,Sestd1,99.77968730045205,0.819591111942502,198380,0.33742385755419557
ENSG00035668,PTK2,45.98450315645104,0.05496601784460986,129176,0.6428030827840591
ENSG00053305,FOXP1,83.05238545474256,0.8058033991279305,80894,0.35207838448220047
ENSG00014159,CEP290,87.9518961643214,0.6071619361677897,143223,0.3687704779007707
ENSG00095749,NCOR2,21.654502966078326,0.6536810755899871,42917,0.5609825850430231
ENSG00073330,RERE,35.15460568423766,0.003759126299444193,143627,0.6718147520244537
ENSG00019651,EBP,64.51863123727473,0.07583685199590406,17462,0.5918481965675813
ENSG00089691,STAG2,28.220388467502154,0.16248582413269852,160225,0.509284557431233
ENSG00000843,CEP350,41.343512867756026,0.2722951891557567,190257,0.31058503263497494
ENSG00062357,ALOX15,59.10279238731854,0.2140330059157718,109140,0.5305005898694527
ENSG00073175,SMO,87.9051760003303,0.603663637247652,154264,0.31443837575347194
ENSG00052898,MTR,34.71908599852509,0.8191773029377605,12458,0.5249087964985415
ENSG00073592,KIAA0190,32.2222493350274,0.38006006514829704,90663,0.6606923269623699
ENSG00011454,RBPMS,51.887996078829204,0.20865766384646112,120181,0.33258185608112084
ENSG00029255,MTR,4.975586701799795,0.7860639714746657,39428,0.36123375265835517
ENSG00015857,MBOAT2,72.14245679077395,0.4066661200656895,72875,0.43439824404121463
ENSG00039740,ALOX12,75.60195762488357,0.5000148934998334,26199,0.5818179704842705
ENSG00048259,MAP3K4,21.269224867472268,0.6015725710613731,197531,0.5494805319114529
ENSG00043986,NCOR2,15.694029570856527,0.808240871553807,190413,0.5588352624611926
ENSG00094875,NCOR2,80.2369559659916,0.5476650516492976,23205,0.6367372720970637
ENSG00078865,ZDHHC20,99.36531430243905,0.546247765408006,9818,0.4634514932363827
ENSG00080911,MTR,90.67626089195318,0.4938268437747916,178062,0.4854520805662486
ENSG00030004,ALOX12,41.14117745878582,0.9740722949477351,84381,0.5082622068601117
ENSG00039966,NCOR2,54.068564877184336,0.32938619032600813,169906,0.6445549651367765
ENSG00077632,MBOAT2,0.6919349342916936,0.8815617106301554,65252,0.6151275083403498
ENSG00096431,STAG2,37.9408378658582,0.24053542557290386,119086,0.46097727166938857
ENSG00058928,PTK2,98.03273013464967,0.47533762313224726,15190,0.5481112967463249
ENSG00024692,ALOX15,54.7525907898876,0.7883125420490567,130305,0.45710851076759274
ENSG00001024,RBPMS,56.81634736788982,0.4145970646151297,137758,0.5126220345122728
ENSG00044992,MTR,54.31868911326065,0.32047173265072726,107105,0.4745699197626835
ENSG00033475,DNMT3B,2.053424272079707,0.597906393320898,162274,0.5013557674855565
ENSG00076319,TANC2,17.484531065266417,0.2546215950430697,13725,0.5761307777443925
ENSG00045612,TTN,7.923368869322545,0.38347473960082545,124657,0.6434818307853002
ENSG00085551,TTN,25.75950236793415,0.39934465303595124,118745,0.48601994661264414
ENSG00090145,TTN,70.51819275102686,0.7380728252391788,190995,0.5767805713460882
ENSG00038940,PTK2,95.3516625317571,0.8634685387958688,164011,0.5098286961471983
ENSG00031025,NCOR2,78.50279473233465,0.2485635874501384,192861,0.5940036821709562
ENSG00043118,ALOX15,38.08635150733104,0.6561348651505621,175621,0.42042436687793455
ENSG00041079,KIAA0190,4.829325154800069,0.9237945618117842,97117,0.5573245902948742
ENSG00012068,DNMT3B,0.5241209436590566,0.3769506214191045,157644,0.6245248390324241
ENSG00007407,SMO,28.977907905845235,0.18022238764070475,185948,0.3949112647269135
ENSG00079791,DNMT3B,4.215178882012005,0.068316417675086,2547,0.3427544424722009
ENSG00042369,MBOAT2,43.73228552561049,0.495130249213131,145342,0.5810332523490753
ENSG00004347,TTN,89.18198372792936,0.054143204179922244,64337,0.55285812470969
ENSG00014143,CEP290,8.274663169702345,0.41077138941401514,13652,0.6721180834043616
ENSG00020494,PTK2,73.04626915206049,0.680089835158115,1754,0.46143873723586465
ENSG00097071,FOXP1,32.289347640170774,0.38880807100754733,185411,0.5002684320234732
ENSG00029132,STAG2,37.59399790868076,0.12300714658680156,78908,0.4286747092723487
ENSG00038004,NCOR1,5.46419875098243,0.8034236717678488,96000,0.38339644302344833
ENSG00049221,EBP,36.00289236847636,0.022971403985507455,77969,0.6816525755912679
ENSG00011892,ALOX12,16.336278034607087,0.17263008529356982,194369,0.40397167825094504
ENSG00061858,DNMT3B,88.12841699666778,0.2606444808983107,192520,0.6463466459737016
ENSG00050741,KIAA0190,54.89284365709673,0.4968346699417395,3604,0.5367920632560481
ENSG00065590,PTK2,72.50655550105536,0.7855868904964456,69017,0.6260405509510549
ENSG00088343,PTK2,78.67608851636703,0.4364890990725607,115364,0.528508520722336
ENSG00004925,CEP350,21.63867885300941,0.8499168091553403,128862,0.5063788371666459
ENSG00009046,NCOR1,21.893439203060773,0.512273048143978,137657,0.5234489817331127
ENSG00050456,PPFIA2,75.60735258859208,0.40487307147969176,77185,0.4095816000957728
ENSG00090291,PTK2,2.8795540384483287,0.6293851975602942,25400,0.3715203280815464
ENSG00039800,NCOR2,42.60570021768027,0.34258726306227916,33569,0.35207283641810555
ENSG00082383,TTN,80.16477447458959,0.22261077456506295,10219,0.40296356196177485
ENSG00089756,ZDHHC20,42.5166357010682,0.16059706223501347,73407,0.4539540947063811
ENSG00088092,STAG2,49.29148577794293,0.6485380382001326,62540,0.4944962208521909
ENSG00091306,ALOX12,14.721206572221469,0.43719199837483325,110572,0.32558451713469455
ENSG00030939,EBP,86.93365848129375,0.5882113692390302,97986,0.5924078732368747
ENSG00053279,RERE,78.68155278969253,0.08556078156319014,2282,0.5007184916306896
ENSG00095408,DNMT3B,41.64547972490566,0.9386166341010046,23775,0.49274653869344065
ENSG00069208,SMO,59.95702706056739,0.7541160701275545,185855,0.4068469172003015
ENSG00020037,FCHO2,16.406173909718845,0.5798766909571342,54081,0.47811201200595677
ENSG00000964,PTK2,17.37703875883533,0.7749968333479995,68948,0.6412698923925331
ENSG00084497,ANKS6,63.60445304670564,0.36318060014139775,7103,0.35315813195899537
ENSG00019824,SMO,30.0718870992829,0.5909119918974496,22417,0.3648193094124222
ENSG00035899,FCHO2,9.174550410902027,0.7984546033990708,155480,0.3410222646245591
ENSG00032232,NCOR1,36.570708290106246,0.5458727427176023,23138,0.30010670460858874
ENSG00097322,MBOAT2,48.144748620553514,0.5216321654298394,174493,0.5747853556270699
ENSG00048463,ANKS6,74.31878030980279,0.2894791643013156,40429,0.4887730696542536
ENSG00014500,MTR,82.6470780150327,0.4959543774909916,161944,0.6535671871822433
ENSG00033501,ALOX12,64.66169039765019,0.49798591055017516,62367,0.43313048076584404
ENSG00028590,MAP3K13,91.70501255170744,0.533784620215321,38264,0.6055589587065651
ENSG00083407,NCOR1,73.06320901655991,0.7251091989833139,9811,0.5678306177640732
ENSG00018630,HNRNPU,80.17632351896623,0.5940787898039213,132005,0.49393169967350226
ENSG00064237,FCHO2,36.12951537768559,0.9838864673741943,181870,0.46709718914765186
ENSG00033995,PTK2,3.1581440514511616,0.6640053298187616,126151,0.514564512921572
ENSG00041572,NCF2,15.965043500841459,0.6413890792191032,94275,0.41965295479151915
ENSG00004665,FOXP1,25.79615211137475,0.4822613463029405,107638,0.5463687190716218
ENSG00025937,Sestd1,11.19539845086921,0.15168091871547806,85093,0.5484224363213633
ENSG00072200,MTR,97.1506088569839,0.4830827634411099,1966,0.3183622121593053
ENSG00001313,ALOX15,17.175987961337302,0.3267547505363234,170655,0.5964293326734156
ENSG00076412,MBOAT2,84.42716602714384,0.574998361562349,34070,0.6340470148966076
ENSG00034493,TTN,98.53413379559642,0.7569553904927575,63340,0.6581259224789475
ENSG00078091,PTK2,59.972628226551585,0.6370103008777153,15782,0.6344180932238214
ENSG00083464,MBOAT2,88.72661395308053,0.12476123608622214,65667,0.5501408702869135
ENSG00065776,PPFIA2,19.210302536394586,0.9635604711806092,87347,0.3420045648358183
ENSG00088793,HNRNPU,14.880314995445277,0.4235850512205991,64717,0.5634011943985199
ENSG00049284,ALOX12,62.88702418812786,0.17967427044096174,88900,0.37247006414344574
ENSG00074403,Sestd1,1.867292616202576,0.24048575652117277,45312,0.47928962964921407
ENSG00053397,RERE,11.754884847144742,0.5397534596228551,161454,0.5819265631766466
ENSG00042261,ALOX12,95.08752560402016,0.602942145097213,20758,0.48521815006264785
ENSG00061406,MBOAT2,79.27891740319288,0.8418516678063669,137181,0.5806137108890694
ENSG00066705,CEP350,59.18853425440255,0.6195909471637532,86267,0.6071966357412288
ENSG00029848,CDR2,69.10207108769035,0.37597117408016856,96535,0.6893498191628251
ENSG00018102,PPFIA2,63.645036101856824,0.9256287871176041,127466,0.4403071398652302
ENSG00080531,PTK2,45.42482168487436,0.7678293037900349,168620,0.6920677492054869
ENSG00055550,TTN,81.48395505140819,0.2345819435733617,64308,0.3678422325427447
ENSG00022184,ALOX15,18.65906537150974,0.6211719544802695,129588,0.5151261242928735
ENSG00087344,MAP3K4,17.277736942591837,0.5746257027518722,105565,0.35201936570322756
ENSG00072588,TANC2,86.31090542110174,0.9877890660721595,140697,0.6917802481040158
ENSG00096369,MTR,26.771922218291266,0.6468123217622628,176035,0.5992042595201217
ENSG00059102,ITCH,40.32658251693969,0.6084455371055097,39465,0.3258258365041627
ENSG00045989,ALOX12,30.517711273279534,0.7039345945278631,171842,0.399359385384888
ENSG00093165,TTN,56.76719060845225,0.5951793789304654,122546,0.5610240784297664
ENSG00069207,RERE,51.16847318433041,0.6436556835809976,138716,0.5934308148871783
ENSG00051346,RBPMS,40.74644212839195,0.9912002817849921,18024,0.47186309963789547
ENSG00003557,STAG2,47.232455415341846,0.07431387854275984,95730,0.6593998694306951
ENSG00060527,ITCH,51.622694227988276,0.14640469203273254,48845,0.6369310490582378
ENSG00054164,DNMT3B,81.74677615782294,0.82203743004722,185187,0.603593915097012
ENSG00001344,FAM58A,53.41605049693573,0.8157601763045701,115022,0.6586788752247904
ENSG00078705,Sestd1,86.61630186805878,0.7390150089479252,45300,0.3451881697149932
ENSG00091100,PTK2,64.01336261098339,0.09546580744778543,63630,0.48285650821915943
ENSG00028309,MAP3K13,51.21692991985406,0.7314477751675625,74373,0.4147996084297522
ENSG00071528,ANKS6,41.834546022104554,0.18170000599797276,92014,0.5321962184719001
ENSG00064464,CEP350,97.785652485165,0.34717466004803355,181440,0.6671983557521528
ENSG00047286,SMO,3.2943833307919723,0.9956402390765763,139642,0.4262068796094205
ENSG00083196,ITCH,84.35606383548254,0.06479507840444043,180686,0.6930904093042212
ENSG00073628,HIPK3,71.19379683867666,0.4398470357999922,5303,0.4367593765394151
ENSG00060311,ANKS6,9.247491832516964,0.45427588618179837,168626,0.4014856674840589
ENSG00063606,DNMT3B,40.77132031599171,0.23941091320097074,87143,0.5263486456664989
ENSG00095510,RERE,79.3502313721729,0.5181350884592314,120795,0.5223292227932121
ENSG00055718,ITCH,7.551323623138972,0.6578148690477834,140843,0.36798287530380586
ENSG00053903,EBP,36.161044188284144,0.8780387297385331,1299,0.3762079447613294
ENSG00000618,TANC2,4.573028348164043,0.8610671736451911,91151,0.37225617443672926
ENSG00014247,FAM58A,33.40831553242523,0.8545032670397857,148932,0.30553409490887146
ENSG00011710,NCOR2,14.114841700385583,0.6708850136900424,152755,0.4242094122225523
ENSG00085294,MTR,22.27336317256804,0.3407169431256468,79246,0.321357487838599
ENSG00060042,FCHO2,62.49525722150216,0.14128158940634528,91706,0.6906141901298075
ENSG00031791,FOXP1,42.203861528016084,0.3894793044612259,198732,0.6546703050272884
ENSG00092456,ANKS6,3.5599019649001584,0.2436905730769624,61439,0.6475382817807301
ENSG00016434,NCOR2,18.930670031964958,0.919590299790817,5358,0.6922990635650997
ENSG00083047,RERE,12.96816850354875,0.815350113108895,47160,0.3316424296648806
ENSG00051042,FOXP1,20.48458636745698,0.5183078293448556,21870,0.42286697172346704
ENSG00058619,CEP290,98.94656490987768,0.18530895010079595,179384,0.695708007025007
ENSG00047896,MBOAT2,10.200306709114404,0.1057754444104907,190251,0.47530108484927636
ENSG00093831,NCOR2,64.07975805575416,0.6667088488888244,163920,0.49602452183318035
ENSG00066302,RBPMS,64.80031336477087,0.860561456760859,96000,0.37496967247667823
ENSG00044218,PTK2,2.7862008359886503,0.9701664861497921,179275,0.5778720809825642
ENSG00061087,ALOX15,42.60376583001424,0.5668978117746787,161013,0.4468740867435239
ENSG00034148,STAG2,9.679448363544296,0.701364916244146,199709,0.5010877973987343
ENSG00022102,ANKS6,9.372987261675824,0.41819773882829325,124332,0.33556857987884925
ENSG00073299,FCHO2,59.49699451100331,0.7030365312696794,171763,0.33991419120930116
ENSG00050127,CDR2,48.018762387495464,0.28445951806185255,44316,0.6706319986878655
ENSG00077918,HIPK3,94.89892309391873,0.5949203942452626,15540,0.5342470230433247
ENSG00095513,TANC2,99.25848644985456,0.1926342753528275,39811,0.5488553968729316
ENSG00047958,PTK2,85.84862742484735,0.9502456790749018,184282,0.4765989474495733
ENSG00018819,ZDHHC20,28.863054543387754,0.21813085417392197,11277,0.5741674857038843
ENSG00080959,CEP290,7.606883278052045,0.599653633675704,84291,0.5689072453140008
ENSG00073739,FAM58A,82.2113546690681,0.5799818458729065,35941,0.3265404981042894
ENSG00055903,NCOR1,67.89162767859868,0.8572140173679813,38038,0.5793271158672229
ENSG00060361,MTR,54.731215679473486,0.7429654839019287,147861,0.620496480679853
ENSG00083967,Sestd1,79.75902740725313,0.1139752943104474,28861,0.5017025670644926
ENSG00062450,MAP3K4,68.75542538908151,0.4520225616847602,44130,0.4044640032391002
ENSG00028736,MBOAT2,45.18637124747089,0.7801987217597345,28230,0.3594221095532472
ENSG00087220,NCF2,7.237134566811432,0.23411441268784194,52562,0.6269207814863005
ENSG00067441,KIAA0190,11.149883657528791,0.23166474936616543,96757,0.5637795209228114
ENSG00024904,RERE,13.766737972524778,0.8086393756220602,89801,0.3018714732832817
ENSG00045199,TANC2,27.864311143203967,0.7360319602659807,55090,0.3185947892855853
ENSG00052916,KIAA0190,64.97424546402259,0.13585966559888163,117551,0.310318581104087
ENSG00063968,ALOX15,54.028353966413675,0.4103136635568664,116959,0.437063173428766
ENSG00032316,ITCH,75.39655381999928,0.03917863070251126,183042,0.6088263758823625
ENSG00044787,EBP,5.4957576999120406,0.9416368479858915,27364,0.6272114460324887
ENSG00026605,ZDHHC20,70.68861600214987,0.9346777383437213,21038,0.4882569127187333
ENSG00096840,PTK2,92.57183644318886,0.9013453176194983,99109,0.532228909912743
ENSG00056572,ALOX12,59.33818314666741,0.6831785630629331,12062,0.6244131395115147
ENSG00020847,MBOAT2,90.75633190606163,0.8241717264341005,135308,0.6882808005172556
ENSG00037669,EBP,4.305166581043707,0.3690439986682663,156145,0.42198296462870943
ENSG00005715,MAP3K13,62.0726147716242,0.8517530092160212,103913,0.31591361732360634
ENSG00042053,ALOX12,43.268313252980775,0.8364466883311792,12203,0.4489286996015298
ENSG00095733,FCHO2,61.008743416995856,0.8177374808506589,54478,0.4300154064421867
ENSG00060814,ALOX12,34.006251966088044,0.6213143392757691,69833,0.5206621172660699
ENSG00049230,PPFIA2,3.7678852132945972,0.24858023659345385,114806,0.5022277324777292
ENSG00012147,PTK2,71.22037311014357,0.895688024667672,173692,0.581012635131898
ENSG00067296,Sestd1,25.09775525967004,0.10034721132322211,140245,0.6720249355792014
ENSG00033947,NCOR2,21.515296547234296,0.5735979458815046,20922,0.662817259036375
ENSG00092332,MBOAT2,59.07903273554651,0.05092721803317546,144059,0.3200262566728156
ENSG00041697,FAM58A,53.812376477444865,0.6550894239891333,56469,0.3771131622323612
ENSG00091148,ZDHHC20,48.46132567609459,0.49775881394403465,50500,0.43168042682125585
ENSG00009782,ALOX12,36.29490875692344,0.04020824882645346,108500,0.44341953371439474
ENSG00061113,HNRNPU,48.08913780435776,0.36709352184322486,96126,0.3030119944132388
ENSG00065269,EBP,78.84067052925239,0.7707126135928207,104894,0.6378173704422587
ENSG00056304,FCHO2,33.541602542472084,0.6329722349179456,178582,0.46057253994401426
ENSG00081876,FOXP1,43.37201781197294,0.4965275041467906,45080,0.637216888291158
ENSG00014461,CEP350,22.285647875502345,0.03139365647779091,66779,0.48543162932562867
ENSG00012392,ALOX12,85.70239547959932,0.6113392096293443,81180,0.5521336753451653
ENSG00053766,HIPK3,24.88045436721682,0.6082055591258111,105985,0.5684890880372537
ENSG00067148,TANC2,28.23437333737935,0.7764086413986243,105302,0.5127064889159864
ENSG00092949,CDR2,68.68247866374581,0.5589677518566317,69621,0.6809068046041018
ENSG00004519,KIAA0190,40.6630441966329,0.4718643263859479,190105,0.4198231974465617
ENSG00058364,HNRNPU,59.36356663896958,0.9510810199221186,186712,0.5567709299884906
ENSG00094435,FAM58A,85.78763047440538,0.17665524695431511,104857,0.6305273817614073
ENSG00088132,MBOAT2,90.95663937067059,0.28621771487196623,181198,0.48222448414314123
ENSG00020733,ZDHHC20,10.816113809074634,0.3320063801938018,75882,0.341044457872146
ENSG00029365,ITCH,92.3266139688196,0.14088281436777006,43497,0.5438537804344914
ENSG00066219,MAP3K13,93.87223268192301,0.1429993171092847,180739,0.3172620183046775
ENSG00053355,PTK2,25.2725633834478,0.8688518722656328,188204,0.5886276143405855
ENSG00055657,NCOR2,41.09823669695518,0.554250043179484,178549,0.48026396797287796
ENSG00035281,MTR,6.927400187097021,0.5632580189343285,81046,0.45818574270963475
ENSG00001386,STAG2,40.13330507398868,0.9237774857203763,137657,0.6783156766368021
ENSG00094660,FCHO2,49.09910281944272,0.31699631513021187,187061,0.33585538263177095
ENSG00036158,CEP290,86.57410677528947,0.33006894480397364,159424,0.38899161589057557
ENSG00073256,Sestd1,82.65250033389093,0.9051073426591507,64775,0.5735904197949168
ENSG00075556,NCOR1,25.781178500631718,0.7668200575250269,98947,0.5713504965869884
ENSG00064595,FOXP1,52.44733115557298,0.20017418937697595,95206,0.4020972468587661
ENSG00048002,ITCH,25.798345608500494,0.8220219592872888,122235,0.47056143495168434
ENSG00053138,RERE,40.65284495257874,0.8112732209608773,39498,0.32223733679122396
ENSG00041570,ITCH,38.31875778338857,0.8005053413857813,37545,0.6893572657777699
ENSG00065481,MBOAT2,26.192371089107024,0.019902746941118377,58971,0.6814142915330466
ENSG00048645,FOXP1,16.83979273301285,0.03594859880229151,120270,0.3690010698804891
ENSG00013357,ITCH,67.46398632649078,0.20008828276135027,137579,0.3962293958576194
ENSG00081308,TTN,13.03237483020464,0.9402850199761552,195485,0.3682696759441077
ENSG00094591,ALOX15,40.0016218619744,0.523475577963383,62078,0.5642759182638658
ENSG00061117,RBPMS,66.64263202167585,0.40712063149645283,68322,0.4098217431305038
ENSG00044397,NCOR1,29.03297476472143,0.3211129548675934,178444,0.44372769296279035
ENSG00042375,FOXP1,8.545540242473503,0.948019757914527,149475,0.3708555419311353
ENSG00022401,CEP290,24.677912149112647,0.3440821256408695,45534,0.44195723274664245
ENSG00095597,DNMT3B,18.73822343253154,0.43529287632656377,189707,0.6324109753476409
ENSG00071661,RERE,44.69393855305634,0.03636379338516993,81274,0.36760372077157294
ENSG00001470,CEP290,66.94186836434861,0.44330942200793455,158408,0.4210218826332903
ENSG00004323,PTK2,1.4548923726982577,0.27033244929483646,26483,0.6469060914738616
ENSG00004950,Sestd1,14.185481018281354,0.2990183994432515,181036,0.47246145228931985
ENSG00015776,NCF2,78.22499040179589,0.79998079344332,174432,0.3585816511056381
ENSG00049234,MBOAT2,12.719526212254372,0.3183499804878618,75799,0.33247837310977996
ENSG00013940,MBOAT2,35.04750868233699,0.6109082461299626,40099,0.35814309455851095
ENSG00065487,KIAA0190,42.692299412220336,0.15586633418973161,82892,0.31467280345577825
ENSG00064584,EBP,3.9877944536863663,0.9597720039327094,134222,0.58695943144406
ENSG00098402,CDR2,31.55218771542767,0.3822579056777604,191868,0.47108113476789226
ENSG00046690,ALOX15,66.67240190242423,0.9504904391417244,65452,0.6383360510281213
ENSG00020701,ALOX12,32.880175528563086,0.8377018146420724,122579,0.5040543627661832
ENSG00066094,FAM58A,43.90086069743532,0.27655121063648824,149685,0.4762023976521832
ENSG00070824,FOXP1,94.83545480630814,0.4325234446250372,159652,0.4264799684934275
ENSG00064372,MAP3K4,96.89793249025944,0.7511365034548723,131838,0.5521765431824488
ENSG00048965,ALOX12,36.700684339289666,0.3373858397751086,107899,0.5404830215258543
ENSG00009173,KIAA0190,49.89864252181787,0.9841075059415625,198233,0.5985509997418599
ENSG00015749,RBPMS,35.80722680996291,0.9897964991501307,92954,0.6476482173741019
ENSG00007305,DNMT3B,18.186496156727404,0.15012851264020233,72602,0.3555117363129256
ENSG00099179,NCOR1,40.06565133347606,0.32481683177700305,57741,0.6763879433918978
ENSG00034990,Sestd1,93.51765939116753,0.4356357707073679,137519,0.3478753228910001
ENSG00046361,HIPK3,22.700658276187635,0.6705864944482227,172943,0.5434567287947379
ENSG00026270,MBOAT2,76.6425208770537,0.2754999595040981,31550,0.6295082478103342
ENSG00014558,ALOX15,61.259473979558024,0.7478722563620073,193406,0.6826453853281789
ENSG00090802,STAG2,73.11382825849209,0.6646605925367108,120777,0.5019273422954145
ENSG00022451,Sestd1,42.07756933517687,0.6657585392799839,67153,0.5056430020100813
ENSG00069869,FOXP1,56.95432260854947,0.17629790636790899,31232,0.5575960244904957
ENSG00084429,RERE,99.45328531890874,0.1385774011770231,1723,0.6392532498086967
ENSG00038109,NCOR2,21.931189089901203,0.2964222258487864,80694,0.5810921106130633
ENSG00022424,TTN,2.7324747371445968,0.5230134893569548,67781,0.5650798981788587
ENSG00066766,ITCH,7.124796605680683,0.13964171876962794,60133,0.6734013241339416
ENSG00043052,FAM58A,38.37319275890102,0.2478892568538622,51055,0.6421780908141994
ENSG00008924,HIPK3,60.949775250292106,0.9848557796669212,28028,0.4801139803616435
ENSG00078171,RERE,36.51436532815712,0.7089326904591334,155013,0.666024865563402
ENSG00061785,NCF2,27.44097394825009,0.8506335593616569,188314,0.4795070259027974
ENSG00058515,CDR2,66.30253963089143,0.6701598091083173,183196,0.3244109184636494
ENSG00061004,MAP3K13,28.222844663259938,0.18625404274031465,53966,0.6587413996348177
ENSG00078726,NCF2,72.55474509031028,0.9352144698201955,60079,0.5131030062374808
ENSG00080151,FCHO2,82.75465929134891,0.9842774546677744,19213,0.40111194817122175
ENSG00049450,HNRNPU,32.730350958075604,0.12758474750043003,35101,0.6330743407960224
ENSG00037916,FCHO2,62.5194261026594,0.055921387648797616,15596,0.33169637668247753
ENSG00058365,ALOX12,55.942715022529384,0.025630369898023364,34902,0.49141870146989763
ENSG00094316,NCOR2,26.004606702068457,0.8050548259032894,161720,0.48309989454553515
ENSG00082577,MBOAT2,73.6782126583824,0.8053079479879631,169699,0.3318626192862963
ENSG00094782,MAP3K13,69.01684617023365,0.9772159216978139,113112,0.4352435057664426
ENSG00020083,NCOR1,88.59315956323894,0.2741584640067549,68291,0.5787700767653025
ENSG00002118,TANC2,19.550495174950576,0.3688154216037436,131781,0.6195043796114741
ENSG00081921,PPFIA2,80.11656488051982,0.24959165281771756,95890,0.6654563256641792
ENSG00072708,HIPK3,0.9281926958826903,0.14285614374390165,42627,0.5632484549931573
ENSG00086111,RERE,57.941422176091436,0.2970854898809273,139154,0.31792298331338575
ENSG00031756,CDR2,92.35439061710608,0.016514589195537832,46435,0.4197146251516813
ENSG00010814,PTK2,24.7303325335102,0.046449625959664176,164249,0.5676480815895459
ENSG00030885,NCF2,79.93244794927887,0.8856153425429547,33411,0.5423139281487472
ENSG00008505,ALOX15,23.910178515535563,0.9607952166570958,199943,0.6685811600707807
ENSG00030061,FOXP1,27.886798425363825,0.8514091227982381,181642,0.4354299802533114
ENSG00069631,PTK2,44.45284454124937,0.8020323202353634,16150,0.3421513497472295
ENSG00022927,MTR,98.18217920617063,0.9840407533922216,182893,0.6555137523435288
ENSG00019284,HNRNPU,63.57802511250543,0.3884541471197802,66171,0.6225307010985115
ENSG00022597,Sestd1,23.07520895445264,0.9852008948518273,99137,0.5817995188596348
ENSG00086829,FCHO2,66.30416199222434,0.3657197572835703,86285,0.4336631778335458
ENSG00009339,HIPK3,90.65714677003749,0.5939031043921097,177475,0.5634456818128608
ENSG00043319,ALOX12,2.4740816494870477,0.8475105209752223,154313,0.6123403773820268
ENSG00065305,Sestd1,28.560868278610442,0.29525349456151595,197387,0.5350339060346407
ENSG00067905,SMO,70.04647060400042,0.7217738143703611,53274,0.30195993883162264
ENSG00065391,ALOX15,2.771818564184303,0.3651148946126358,70959,0.5584409306531959
ENSG00002129,TTN,47.62059798515082,0.9781385384097973,111470,0.6869670102342531
ENSG00018724,CDR2,49.491753747004765,0.22867796868090784,78118,0.631796606520459
ENSG00016502,ZDHHC20,55.79372984582789,0.026537577351571473,192451,0.3250456822145003
ENSG00051436,MBOAT2,85.05177323087388,0.5322228477286467,70267,0.4185499567446086
ENSG00009185,HNRNPU,16.830893965699488,0.16755514619674738,168838,0.3732170422474354
ENSG00035807,FCHO2,71.19849955854852,0.3191735652186859,46081,0.3687733799723358
ENSG00015095,RBPMS,93.7931092656085,0.9331152347007607,60193,0.5392791321773817
ENSG00085874,TTN,38.85824365628844,0.9815523442825956,159186,0.31399631154772945
ENSG00017880,ANKS6,36.80838612848386,0.09062607737778972,9568,0.45181534710991006
ENSG00054318,ALOX15,77.11597204385879,0.9634866160408937,103415,0.672012305974188
ENSG00022931,PPFIA2,99.26154655747746,0.45616842189625906,48457,0.512857798225761
ENSG00084600,NCOR1,45.12422088623641,0.2260213546177654,81170,0.6839223527424144
ENSG00029749,FCHO2,44.197890312748086,0.11138126550976324,58294,0.4857758781446959
ENSG00090768,RBPMS,83.9345460467055,0.09367003015535669,60607,0.5717899446337984
ENSG00063307,NCOR2,31.43111466190811,0.6424626590477884,3606,0.45314436651992623
ENSG00094177,MTR,20.09958562206604,0.5233053641897973,70782,0.6401957721843767
ENSG00091868,CEP290,99.34952724808085,0.3963895098527773,41448,0.3275185974911205
ENSG00011248,Sestd1,97.45859780655965,0.6490875828616747,160550,0.48008605692817896
ENSG00043546,ALOX15,54.189764455693116,0.13301091027142464,184918,0.30220823456387913
ENSG00054762,CDR2,28.784743229871147,0.36434604628432476,115095,0.5596750058651424
ENSG00018290,NCF2,58.97627836959675,0.6834537506296514,171933,0.37129316444040716
ENSG00088121,TANC2,91.0897421945755,0.8437661923415667,182117,0.41633006398565264
ENSG00002491,ZDHHC20,12.816548742178469,0.4977417280980845,86810,0.3910149772124785
ENSG00064658,HIPK3,53.972050909743096,0.7732098041796225,171086,0.4110939280787369
ENSG00010551,STAG2,29.871842715863995,0.24647588723387603,26318,0.5388202478961858
ENSG00062842,RBPMS,48.806148581155014,0.06778453716276811,17349,0.6511599780554301
ENSG00069670,ITCH,54.01687902061333,0.27665607782964186,124081,0.33054109780156177
ENSG00008224,RBPMS,29.972443164213757,0.8777064960938641,119229,0.5382666941166139
ENSG00025775,RERE,64.04571346962582,0.6650030355341422,58951,0.6414349532839527
ENSG00087501,MAP3K4,57.29761827792355,0.6530822980702701,32414,0.6356199246487085
ENSG00001691,CDR2,42.59409475529362,0.5419453404964352,197387,0.36910567904975183
ENSG00020854,NCOR1,98.2221856066537,0.9532519093905606,73765,0.463877095195917
ENSG00008531,HNRNPU,11.207554649359464,0.4872079947663972,181639,0.5438006034139313
ENSG00013683,PTK2,83.06219821530368,0.12076820061353744,181549,0.38657776082210105
ENSG00050665,TTN,96.91614745264873,0.3039888042919896,15101,0.4767627347238028
ENSG00098358,ALOX15,18.22962391067593,0.6893378354654749,104642,0.6063782128693056
ENSG00042631,ZDHHC20,36.79206594462102,0.36298220301937045,50827,0.6438591827673847
ENSG00061669,Sestd1,61.82297088207105,0.665123632269365,1194,0.6957937689883731
ENSG00067826,PPFIA2,1.5645870527900452,0.01235123302039598,69752,0.35684635827651096
ENSG00064648,FOXP1,36.78937196834151,0.724344376054372,109566,0.3080907748518536
ENSG00077934,ANKS6,9.75006805859947,0.92842798412191,6816,0.34987634634125847
ENSG00021936,ZDHHC20,82.21731662478344,0.05634247745843435,145306,0.3828024262844538
ENSG00064720,HNRNPU,51.20771146295636,0.1338123917976144,155414,0.651313946133221
ENSG00034362,RERE,84.2731327456376,0.18524153821754008,98405,0.3501365942611168
ENSG00060855,PTK2,58.347270480462456,0.7293553205007003,156522,0.370615344953825
ENSG00034292,EBP,47.256367690726464,0.9381176124844733,132763,0.5764899309527485
ENSG00047985,DNMT3B,58.41303138447649,0.2111445420559216,61715,0.5222221312624608
ENSG00073159,ALOX12,4.564445263802986,0.46305273804094305,137813,0.6522101077907433
ENSG00088793,NCOR1,26.876927851517717,0.11523696936254679,55438,0.6166713068221354
ENSG00093336,KIAA0190,38.56128435436155,0.7435381723121953,32318,0.6312903560081737
ENSG00070509,SMO,73.10345301961635,0.8846993163944109,111114,0.4420188300854897
ENSG00066801,ALOX12,69.32306597836077,0.1763477606416589,7319,0.6395540156018695
ENSG00056112,KIAA0190,8.662933426291563,0.9887780413551435,185601,0.38615441820601254
ENSG00046014,SMO,61.697402955766236,0.5677916969030293,89949,0.43993231239560004
ENSG00079639,RERE,25.309932625127594,0.05033070822413965,43019,0.573465096082139
ENSG00069466,FOXP1,17.1687683479668,0.9625895281710276,162020,0.36883968101394804
ENSG00095259,ALOX12,35.8352727384133,0.5770628406704092,22978,0.5221153630521947
ENSG00019157,PTK2,87.62642519995481,0.7118621933998189,167791,0.4075112737245028
ENSG00022703,NCOR1,48.737710698035826,0.7938726422425837,144170,0.6552324818959134
ENSG00099766,NCF2,3.3435624694235,0.9170011136877771,192957,0.4480141636337001
ENSG00048333,HNRNPU,63.075390204574944,0.879136502880965,104448,0.4843475982077557
ENSG00078286,KIAA0190,37.52614999783557,0.5372580951390389,92471,0.3379723183380504
ENSG00029127,PTK2,23.52407644002087,0.19508973986649314,70130,0.5278774717888582
ENSG00058105,MTR,89.1774734163992,0.5112322504471822,10222,0.6470673625857455
ENSG00078291,CDR2,60.653566758253916,0.4196930018381386,8116,0.33660350331272504
ENSG00047000,EBP,71.53995036430968,0.530186655576158,101178,0.6521439299281862
ENSG00002653,ITCH,79.35107430286759,0.7844300251738259,191939,0.6469603239411786
ENSG00054731,KIAA0190,17.003501773982933,0.6882419748166441,83710,0.44243804746944404
ENSG00046964,FAM58A,35.446769792743495,0.4351537378526813,36458,0.5146233538337213
ENSG00096831,NCOR1,44.95088555308718,0.9574546982175733,137351,0.4488034068737683
ENSG00042912,CEP350,23.116622279743115,0.4617160187347997,78296,0.5156576497589976
ENSG00051157,ITCH,64.01878621454124,0.148087370217869,64268,0.41748578708749967
ENSG00018539,CEP290,42.15764390148764,0.33604145217908377,145087,0.5196373441743801
ENSG00038108,HNRNPU,98.71755174235926,0.31730565620931395,29536,0.6645195985040556
ENSG00061600,MAP3K13,60.769019000321855,0.15479573419973924,110108,0.5495429306620381
ENSG00002227,MTR,12.473068261865972,0.2446569600949714,37605,0.3085019785667125
ENSG00089961,MAP3K4,85.28191396054532,0.46188661682691134,123149,0.4435497446471538
ENSG00020905,FOXP1,17.60993763695745,0.35648384222523466,78707,0.5607511848341244
ENSG00056960,ANKS6,71.50891052592485,0.6422396718187194,139396,0.436077628398208
ENSG00009320,MTR,88.01591648596627,0.6491883899658462,35840,0.4924494883939452
ENSG00045143,ANKS6,99.22301799180543,0.2689098835498187,10722,0.32692142881509817
ENSG00065546,EBP,32.91875052782973,0.11845893142970576,130214,0.5366186588871088
ENSG00039260,Sestd1,98.7742571117089,0.4727613381328166,11370,0.3455939581014005
ENSG00050308,STAG2,54.66463148076206,0.7306566900458006,126138,0.3945015344150909
ENSG00004406,ITCH,93.69062694919505,0.3991972813190019,59509,0.5227764901280939
ENSG00024980,NCOR1,61.637281176014056,0.40567746053855713,136050,0.6182289927049611
ENSG00084409,FAM58A,57.15543486338272,0.8438000935010638,154189,0.4089883806854468
ENSG00071059,ITCH,31.63690264075658,0.6268404204291967,122856,0.393706768874041
ENSG00082981,PTK2,19.485394598009698,0.3820642354673246,171598,0.40364145681398234
ENSG00067437,MBOAT2,90.27915369863908,0.23440114939836565,96466,0.35020956192380964
ENSG00014188,ALOX12,2.517484906504508,0.9003158368020648,113583,0.3241027881124279
ENSG00020065,CEP290,4.574673635023386,0.7056463055172998,43452,0.4744591740567393
ENSG00047103,CEP350,36.130549910196386,0.5807306362351332,70441,0.3696862734488908
ENSG00024059,NCF2,96.43637779742309,0.714093194610688,137266,0.5113526702112606
ENSG00099329,PTK2,2.917898924003892,0.8421217879849378,58512,0.3339367152558732
ENSG00060699,PTK2,51.90298298566781,0.7062260667992193,193201,0.6677909218654596
ENSG00076505,RBPMS,34.644599291296615,0.843322070389966,174444,0.3092462341099692
ENSG00051690,STAG2,24.32576281754527,0.4086418330811439,17224,0.4695130464766366
ENSG00055438,ZDHHC20,17.413250323562067,0.5144296529070982,185244,0.6332797452766128
ENSG00036111,TANC2,98.89798133847148,0.38122803520549553,61262,0.5414496703539737
ENSG00053509,NCOR2,83.07280309395941,0.19514433915398566,71476,0.5440112805798559
ENSG00089058,TTN,19.10915806258159,0.7828695443206117,64172,0.4319801468135731
ENSG00072510,ANKS6,29.015819055229542,0.2925212783316268,34732,0.5818458377471526
ENSG00091395,RBPMS,83.59309256618145,0.5650578898740525,124618,0.3467908975656297
ENSG00013036,FOXP1,24.955553480735425,0.3672843896104031,168022,0.5536008626776103
ENSG00004546,HNRNPU,47.34548232707544,0.17583159562326411,31463,0.40185354879012536
ENSG00002232,TANC2,1.4624266863769275,0.9887602612594426,163524,0.3469947091519605
ENSG00059481,ALOX15,88.11372650645536,0.993910810699676,128383,0.5578775441939767
ENSG00058779,RERE,20.170957999312,0.5183124088949871,190394,0.6031029540665291
ENSG00039735,DNMT3B,91.80855148061401,0.1773303280941505,180811,0.3222911120599535
ENSG00016089,PTK2,30.607532435597218,0.9766120880967432,138018,0.670239392033964
ENSG00013866,CDR2,59.57566351292709,0.7676107668827158,171973,0.6648092790789515
ENSG00017797,MTR,95.31055899768643,0.2844887900818215,158493,0.4195460002704941
ENSG00044490,EBP,63.10319641215483,0.15773444110301493,95435,0.3051206774906016
ENSG00034657,SMO,9.772608126971837,0.015511152366802339,136189,0.39862249718653886
ENSG00049343,CDR2,64.8612440751698,0.857300903555958,42741,0.6238625575129559
ENSG00006039,NCF2,4.467329871284309,0.0640478593425251,108774,0.41829482982502375
ENSG00024140,ALOX15,88.2447968068558,0.6241416850312972,170158,0.399677623334705
ENSG00053178,NCF2,44.50240038891018,0.6620534633701833,118723,0.4128535866576263
ENSG00005276,ALOX12,71.9315402328066,0.048430816141410205,182521,0.30280924235508616
ENSG00067945,KIAA0190,63.94765441269481,0.5466677208829687,72475,0.4589676735130591
ENSG00075782,TTN,38.176018024226636,0.6148372071108471,163634,0.3894055568653299
ENSG00096819,MBOAT2,32.888668403932854,0.26106584439953295,98729,0.4996869662614821
ENSG00063774,NCOR1,89.60307751998775,0.25552626514956667,15186,0.40600123891526235
ENSG00029434,NCF2,58.84930600827977,0.6926214334900908,199739,0.4252375780338137
ENSG00057895,CEP350,44.67913145550024,0.8648562997928495,7101,0.5930718092062641
ENSG00046613,ALOX15,0.9531348766986469,0.9925850303443182,193767,0.6513609298603706
ENSG00095081,RERE,54.24510002482273,0.9188274704882041,196245,0.5871692673943774
ENSG00038147,ANKS6,79.2727645726155,0.42302806977411567,78923,0.5049147955796861
ENSG00008660,ALOX12,57.31879272506344,0.9161742444524636,148087,0.3079995509954199
ENSG00057316,ANKS6,2.346336715575714,0.6941183793226022,176886,0.5648599421344371
ENSG00033099,MBOAT2,11.062893328252521,0.42983174700781923,18339,0.6954320938900267
ENSG00080101,NCF2,33.20781536450621,0.3404807977827887,182370,0.41454220682313503
ENSG00020732,PPFIA2,9.562175629345527,0.5904290045771113,101378,0.6000124240090678
ENSG00065771,STAG2,12.972485163042624,0.7403700894429293,73129,0.3381183523505491
ENSG00038342,DNMT3B,46.193606945384936,0.8239831003797587,39797,0.5633365658321547
ENSG00038404,MTR,22.86654870191288,0.3476014405894694,79284,0.6295577152809197
ENSG00034428,PPFIA2,29.974419485805313,0.05063757606373587,190824,0.4814435417598021
ENSG00021199,ALOX15,74.99989774541017,0.7008161600236591,47351,0.5129129726423519
ENSG00076257,HNRNPU,18.910515995939825,0.8038878828261334,114116,0.6848584658759512
ENSG00077952,NCOR2,73.04424136335228,0.8701540292252758,15327,0.411074555007826
ENSG00091878,EBP,63.183313353126024,0.052909412724837845,85167,0.6663725662479482
ENSG00071224,MTR,94.99641398641712,0.7127776898191619,162626,0.59460066823001
ENSG00058944,ALOX12,87.0970394903919,0.2442284516744162,163202,0.4285600847062993
ENSG00070108,ANKS6,26.4730135639323,0.536088590387798,128520,0.3091284934068124
ENSG00001755,TTN,40.194026912970905,0.2179146982947725,31444,0.32448298693855154
ENSG00056511,ANKS6,83.33098814328315,0.6108164332081676,69562,0.5405370647436507
ENSG00051948,Sestd1,46.01494251336168,0.03846156257666444,84658,0.5467907779856418
ENSG00025683,CEP350,32.67501566934672,0.981991426871313,1487,0.37066547645484316
ENSG00054054,TANC2,22.48545253847871,0.23507758055594918,37151,0.43838696926018306
ENSG00090905,ITCH,76.24101820850284,0.9937038673542434,110001,0.6236270171725189
ENSG00043300,NCOR1,24.618008374470634,0.7706296428456885,166295,0.67930012073796
ENSG00031066,ALOX15,62.56577859055786,0.22849330093936493,30351,0.5221333907448599
ENSG00068482,RERE,37.55076801155587,0.7321938871149752,56003,0.6489756221858828
ENSG00093591,FOXP1,69.90175686790073,0.4284459700849367,104111,0.3876999897299923
ENSG00085136,HNRNPU,29.570162978190318,0.8615507580838326,93093,0.4854003757720906
ENSG00088779,MAP3K4,42.882972079004844,0.9447707242014387,143392,0.33555108439030557
ENSG00083217,FCHO2,17.559186608535693,0.5808945726735578,5538,0.34663259314084255
ENSG00095645,ANKS6,56.557983333032524,0.8473557038481668,45869,0.5757699676446848
ENSG00068666,FAM58A,19.707501995125966,0.018465766372171566,83040,0.3243342023759533
ENSG00026421,TTN,71.65708501399114,0.14924542679566521,68319,0.5879515878063617
ENSG00026346,TTN,83.98102713924025,0.6938778950390462,150505,0.586018602808664
ENSG00059225,NCOR2,32.81103786665598,0.5090298851217933,144221,0.6138071867393458
ENSG00040979,RBPMS,80.36483611772204,0.34945896931517473,51118,0.3707199811204149
ENSG00075320,MAP3K4,31.702546251903442,0.6037683557090844,26627,0.36128054373331825
ENSG00070285,TANC2,30.695979944792263,0.1041634739421261,198361,0.42169253918836547
ENSG00010078,TTN,30.643432856930485,0.23140620766748254,107110,0.623972590767768
ENSG00054024,MTR,23.704309047986637,0.8286631577926487,36764,0.42941554144678934
ENSG00045100,MTR,17.682404975630483,0.16901534872511026,12278,0.6821849686021867
ENSG00033455,FAM58A,93.23440139418064,0.9640161825499954,126551,0.4249132136350111
ENSG00073793,PTK2,84.42680241660682,0.004064692854043761,186072,0.5564685101106297
ENSG00015230,HIPK3,43.233138190361686,0.2145299711107722,62934,0.5026702881814764
ENSG00035818,STAG2,63.31592337197883,0.7974397617497998,112480,0.6002487437835384
ENSG00058247,ANKS6,2.4150307921950387,0.9009731404519299,22525,0.6463372864012153
ENSG00050109,ANKS6,72.20307080674196,0.6804529857113697,165455,0.6994763317760077
ENSG00037083,NCF2,43.65969697754486,0.9675493544185364,152634,0.33307249811907225
ENSG00021591,PTK2,10.401125782283039,0.13679313853814612,96726,0.5713589702261086
ENSG00000525,ITCH,63.91679129503851,0.9203973448273179,18610,0.4109620729178303
ENSG00023736,ANKS6,90.44329381174524,0.19512222419287928,85022,0.48180931103571156
ENSG00019734,FAM58A,17.435137846866844,0.5768272504011926,113514,0.47313947828291597
ENSG00054029,KIAA0190,2.8380288098856843,0.4520740066329052,152475,0.679366100922716
ENSG00014934,CDR2,57.09491294289142,0.94544701363327,63311,0.4958604172884476
ENSG00040124,NCOR2,3.6611977081847047,0.5233427738926337,163184,0.4082422799200676
ENSG00059072,EBP,68.62512103840278,0.21180665286391076,82364,0.33094439960806626
ENSG00074586,ZDHHC20,48.304172775958364,0.9074770108809673,37824,0.6156386291095663
ENSG00019317,NCOR1,38.25294581436155,0.3796914067354126,84724,0.6170838515093026
ENSG00036205,NCOR1,95.90206683650315,0.3791895408918907,150693,0.47144082892977607
ENSG00014841,PTK2,93.91988783569633,0.3278876997550825,124089,0.4961409278104434
ENSG00097360,HNRNPU,27.460347785007755,0.5635195110309311,140582,0.6148459417775178
ENSG00051538,CDR2,52.815846886399996,0.10665755595040083,171610,0.3615052871414173
ENSG00052226,ZDHHC20,72.4702725524353,0.7444899061857957,49824,0.42256293120443195
ENSG00057476,TANC2,61.614178821879264,0.2638762982518368,101282,0.39294883118017
ENSG00025471,CEP290,26.94392563569592,0.6153892033169925,189549,0.6126090341618109
ENSG00089676,MAP3K4,82.86402829663656,0.07224399144391513,143195,0.5159479878780177
ENSG00003897,CEP350,69.85659899303255,0.0186010951207064,181336,0.4282857732491322
ENSG00002092,MAP3K4,45.56226423804366,0.17613243589842043,105642,0.3702192255894057
ENSG00081107,TTN,48.66773701066598,0.36534530977662716,158036,0.38868106473854996
ENSG00078583,ITCH,63.317979224727495,0.621220329664777,53865,0.3073326845281918
ENSG00043423,FAM58A,18.841466019050657,0.06392205606063306,115967,0.46015065058171967
ENSG00050544,KIAA0190,17.237641588564344,0.9853432487090125,46097,0.3386184362850716
ENSG00005868,ALOX12,17.200878298116795,0.2815205076955676,166299,0.37287167029088697
ENSG00070725,FAM58A,5.212244090608342,0.8216641797632539,123495,0.6857053566759975
ENSG00099120,EBP,55.33834935862079,0.9423016455761521,159980,0.3883437549708768
ENSG00042319,NCOR1,99.50006719360519,0.0779056948193041,70649,0.46790119047992484
ENSG00094071,TANC2,87.01081810852962,0.6951077392921525,33455,0.563323951900353
ENSG00053487,ZDHHC20,60.718492608165505,0.13903801184853393,171590,0.389230099072183
ENSG00040602,CDR2,25.046560358208026,0.06429285732186218,118177,0.5301538458278844
ENSG00092198,MBOAT2,24.454732755867447,0.1112975448279393,134825,0.43833770006660533
ENSG00017849,MTR,60.75321305586387,0.5190758268459098,188230,0.6002638613053151
ENSG00035051,MBOAT2,54.824942997747826,0.9272701431102235,116212,0.39721882516848184
ENSG00055491,HNRNPU,50.90930134625572,0.1502129825699361,25396,0.5835963442594794
ENSG00014140,CEP290,81.69850730376787,0.04215016027029883,81498,0.6071878931097339
ENSG00075728,CEP350,64.71599175100687,0.788305392302335,22884,0.3917354395548558
ENSG00013575,RBPMS,85.11207988575941,0.17137648998067112,120881,0.38171469722597395
ENSG00043366,FCHO2,33.01653513852194,0.46016909001964756,129352,0.34852974113645474
ENSG00048912,Sestd1,97.31635435281734,0.485243411010601,189633,0.559606173819869
ENSG00016219,NCOR2,27.177843521056555,0.058331195011712245,17558,0.30604628146745205
ENSG00045155,CDR2,22.84813966685375,0.5259386019783756,78161,0.47029563211414016
ENSG00022423,SMO,11.609013884903142,0.45920227009346926,134429,0.41565271589838343
ENSG00040074,ITCH,84.10899614172548,0.7380865069580068,189054,0.43799425587658564
ENSG00052734,FOXP1,43.487448544431,0.5299978365417027,78860,0.5758864934097698
ENSG00049967,RBPMS,4.292673152384873,0.6014799768084402,108604,0.4626455111409666
ENSG00069465,KIAA0190,68.62798686554412,0.61605638013224,172600,0.5151017910472493
ENSG00010560,DNMT3B,63.12362791192512,0.6482334823927433,187998,0.5699503497738231
ENSG00068879,RERE,6.112135502450133,0.7105518055214587,62862,0.4350021735229462
ENSG00014173,CEP290,18.414903233120448,0.7686615754227512,60507,0.46581497424329243
ENSG00060095,CEP290,90.01484059120489,0.7876855863804377,53234,0.43788717328180793
ENSG00021094,HNRNPU,88.05980580310016,0.7755565620678232,180681,0.33743234840879804
ENSG00037467,RBPMS,42.44505699754103,0.1097461020316256,106349,0.5425155657181648
ENSG00060633,DNMT3B,0.4326495643180883,0.019244225221880185,55538,0.6165475376385205
ENSG00064217,CEP350,13.813061274944339,0.9324500267024389,177734,0.5064097527009518
ENSG00029126,MAP3K13,35.42889947554001,0.18673702839359296,16417,0.4531214384255994
ENSG00025938,ITCH,19.826421734666877,0.595477782112974,2058,0.47829335957519414
ENSG00073869,MAP3K4,90.69428529642171,0.22112484209604877,128451,0.3143036446169836
ENSG00021966,RBPMS,9.899845661442164,0.8886012897104997,17185,0.5933520426727956
ENSG00067146,CEP350,7.264514886631845,0.6213614725592372,104799,0.5269866898716833
ENSG00070342,FCHO2,49.350740510682634,0.20426696585566406,10017,0.5467484439495438
ENSG00053383,MTR,21.634867487935615,0.9103945477754847,55993,0.37895817530807313
ENSG00002113,HIPK3,85.36917013699676,0.6437963884070897,3710,0.5169593440876735
ENSG00030903,SMO,24.587368332203287,0.5318139164258444,14226,0.33172775370885943
ENSG00054610,PTK2,47.89227718865525,0.07480026649796934,160763,0.5969917831298605
ENSG00018697,CDR2,83.33521025321372,0.4635709935172593,100894,0.4554017095024627
ENSG00015066,MTR,74.11851671444992,0.14136324924450383,170896,0.6516822695246327
ENSG00035186,MAP3K4,65.54166609743433,0.7878191546061691,20635,0.5863836072433799
ENSG00068178,CDR2,37.90414597387809,0.7178807151938923,160778,0.5219342089721957
ENSG00080722,ZDHHC20,40.8321229925784,0.9271326572151434,100740,0.5180001747264318
ENSG00012926,EBP,85.47140672962719,0.7236698411389496,182799,0.5058718685165544
ENSG00060413,FAM58A,50.6114652681422,0.6026752428916996,172276,0.6796569562946982
ENSG00035528,PPFIA2,59.98387858912794,0.7020623191833559,79711,0.5173579119785714
ENSG00075897,FAM58A,27.133578802592684,0.2190387624705401,13321,0.3917538760412162
ENSG00029168,ANKS6,35.18709165885427,0.47435701095219807,181915,0.6845377585329131
ENSG00075978,HNRNPU,79.4197150004468,0.636572146107591,23282,0.6981290382514038
ENSG00015523,DNMT3B,47.87431964522695,0.07969380608922683,59220,0.4526098072250322
ENSG00030931,MAP3K4,26.417763869266018,0.7275387266854287,113806,0.3284371868557177
ENSG00085565,PPFIA2,68.97029371158754,0.3710885526153409,187211,0.42985910927170623
ENSG00093555,RBPMS,9.025773291635486,0.3211073111954118,118000,0.46161061882093757
ENSG00086503,MBOAT2,94.89434523550338,0.6378546227093493,164266,0.3089260287470148
ENSG00099551,MBOAT2,75.6925023098716,0.8718539926504167,128526,0.3586959510479794
ENSG00024198,MBOAT2,60.61762598253361,0.2898746310470126,184556,0.5373650391300513
ENSG00059048,STAG2,39.29204040940603,0.6995004219238915,69359,0.5865559408070773
ENSG00032321,RBPMS,52.09236448234063,0.7018667497945683,75199,0.4089852705838121
ENSG00072520,MBOAT2,83.54803075887803,0.6831733374961535,121735,0.5804231394407336
ENSG00076552,STAG2,85.45903945798852,0.7920027905838728,156768,0.5048698869148421
ENSG00050625,CEP350,92.68494941142481,0.5756326814217824,120005,0.39061008954751264
ENSG00068176,CDR2,89.64949800202659,0.9978215000499874,13458,0.34825561751226086
ENSG00082200,STAG2,1.3316689894631195,0.5193660186200812,81793,0.6556658205214686
ENSG00040355,CEP350,29.80618667260744,0.5025449689849392,177860,0.48359694723291746
ENSG00035862,CDR2,40.68384900259229,0.022596434529147058,102957,0.3647971950502091
ENSG00061305,ZDHHC20,19.659100692568575,0.7851347697130145,10873,0.392678904028435
ENSG00087865,MBOAT2,0.29696753038278567,0.9482271484731164,29923,0.3559787399183041
ENSG00067841,TTN,28.343748001572244,0.5355112394131749,43476,0.6567945365109759
ENSG00040341,MAP3K4,28.82838152792254,0.32609154334453805,198574,0.3876997166662786
ENSG00047111,KIAA0190,47.74671522760847,0.3585352407280352,31311,0.6599865460891586
ENSG00027534,RERE,80.54561649377848,0.9299049920922268,60045,0.6382983172829996
ENSG00093706,RBPMS,5.296919106140896,0.648812119014829,94652,0.5056455975043174
ENSG00089514,PPFIA2,68.77829321908253,0.9085288200412232,68004,0.612242233602988
ENSG00010098,CDR2,72.6499316643703,0.653569720492843,29766,0.44768262845398415
ENSG00073115,FAM58A,86.96038987069372,0.3861431764765234,169052,0.5238240397032953
ENSG00037925,FOXP1,95.57797351311548,0.4330680094812831,94753,0.3760816847545128
ENSG00061998,MAP3K4,48.18412259537271,0.5291338353742574,139292,0.5795225366087795
ENSG00070433,ANKS6,9.172963885745967,0.5888766884282759,67422,0.5168601937772337
ENSG00026068,ALOX12,57.64258723538076,0.6078546152478738,18825,0.3649065544155303
ENSG00008775,HNRNPU,83.76490785049573,0.45198106563250984,48424,0.38859622718603337
ENSG00069838,STAG2,79.29665850362575,0.03865465898930509,154671,0.5860235350383802
ENSG00097720,CEP290,84.33214967188621,0.6140903412678865,123195,0.5732240590703199
ENSG00065733,MBOAT2,89.3619494540784,0.5024527713423301,95845,0.48912469262210023
ENSG00049607,STAG2,78.30785218914423,0.6727744642511769,103390,0.48596168791817945
ENSG00070117,PTK2,27.474364784904516,0.7266914703060937,47800,0.30482347938591886
ENSG00008657,SMO,42.69724458493342,0.32802789117656783,110097,0.37139813150154427
ENSG00073595,ALOX12,26.129463794869025,0.2667740478653682,41745,0.5298510159370245
ENSG00067497,ZDHHC20,80.44967242769381,0.15170046101215284,183473,0.5117540470068507
ENSG00096703,SMO,38.77857368608264,0.5306433091022017,30841,0.41758987638948414
ENSG00009623,ALOX12,75.99370943077119,0.06548311885814406,89796,0.6764000991560976
ENSG00092714,HNRNPU,68.78612923106513,0.9745642649719157,156430,0.4063195238239048
ENSG00086509,HIPK3,83.4725083041618,0.10190489134566061,101911,0.48218069613559533
ENSG00099832,PPFIA2,2.541645497086309,0.3920683357972473,28631,0.5526321678586491
ENSG00028273,MTR,47.908837718415434,0.06535943672630229,169407,0.6156464815934297
ENSG00040251,MAP3K13,8.408673141091628,0.9339777234282701,4153,0.5917232885214305
ENSG00009489,FAM58A,87.34449482093157,0.2535218426724969,19663,0.6609843380348823
ENSG00068978,Sestd1,35.11807163439376,0.9760540967320427,147142,0.6128251000737731
ENSG00004710,ALOX12,13.909689763627032,0.9297865399365232,184564,0.5333716223201909
ENSG00037991,ALOX15,77.46022841735781,0.5277021876783252,172912,0.6597768118852475
ENSG00046063,HNRNPU,25.07136856820339,0.9624440757990979,179750,0.36112652164956327
ENSG00011559,CEP350,41.40208431178998,0.3056782079435937,190328,0.3116482574230501
ENSG00057201,CEP350,34.017581430968505,0.622404160794306,192406,0.6426515164411223
ENSG00090745,MAP3K13,11.617486647135822,0.2121661890164438,93169,0.36951926554042164
ENSG00054705,FCHO2,76.47908404524152,0.8537595774690134,159566,0.5385624734039232
ENSG00028369,MAP3K13,11.556679611485855,0.592427078873402,107158,0.6904979627736392
ENSG00099800,MAP3K13,4.869736751885356,0.9151388308291108,40656,0.34914516355983644
ENSG00009885,HIPK3,89.4765897677948,0.6005735841023407,82057,0.43644393654256103
ENSG00003707,TTN,37.866764812205346,0.6090541916257425,58686,0.3423002832972789
ENSG00054016,NCF2,87.45929789599352,0.7343218250648691,197714,0.4875650040401138
ENSG00034880,DNMT3B,90.33705179364095,0.051584666871950846,88711,0.49877535259568356
ENSG00009157,KIAA0190,33.313995383994055,0.45897746503688586,23027,0.5101534687322826
ENSG00055052,MAP3K4,63.222204760749825,0.22127007313463465,14731,0.5961914513604394
ENSG00054231,CEP350,36.76270581364487,0.9342939918269844,58825,0.5131315886419944
ENSG00065467,HIPK3,22.862691788379273,0.9030100788443831,193703,0.4613825243716574
ENSG00062016,HIPK3,86.33968443933215,0.7822529945809953,130751,0.5452754564218278
ENSG00090799,PTK2,85.75028572647743,0.9130206456741373,177076,0.39948439634538735
ENSG00037864,CDR2,93.14829193133096,0.870120524591936,146764,0.32999255931988125
ENSG00076462,ANKS6,5.19260595105131,0.5716866066948639,156520,0.38955924533011027
ENSG00050479,NCOR2,88.98866763964341,0.9528536548268861,171565,0.45169176506502473
ENSG00089884,Sestd1,39.63670779664059,0.513632239524829,98622,0.45820469229538136
ENSG00092394,SMO,47.88255469714456,0.9859846671843142,133592,0.6266542999593776
ENSG00037796,MAP3K4,69.8056506129909,0.9615278762566312,122248,0.45932312820568516
ENSG00088779,MAP3K13,7.526969228009806,0.931686074635995,71829,0.6311283182042411
ENSG00086106,ALOX15,90.35905633215748,0.3362759283457013,155788,0.6497698529421618
ENSG00049526,FOXP1,4.380821378572042,0.3180018917006625,127961,0.41316050410446337
ENSG00084315,SMO,95.38769751962313,0.4458722917777468,29120,0.6691727255710992
ENSG00005086,ANKS6,50.43959100197721,0.18083860667510587,137290,0.37851247325122583
ENSG00097032,TANC2,0.7709588165679349,0.11763531195168053,174168,0.6334623885555435
ENSG00058771,FAM58A,84.45718715947447,0.6855039801636057,58787,0.5047344415883651
ENSG00061211,NCF2,69.82563046641609,0.41488993774091076,64989,0.44077142756256005
ENSG00014774,CEP350,86.72270573188871,0.6112765081689495,45664,0.45260519012103795
ENSG00062137,ZDHHC20,13.547797584728805,0.29344855288922655,47904,0.33012541651628113
ENSG00078982,ANKS6,72.18972008373281,0.3332669485702954,186482,0.42151752167670214
ENSG00075056,ALOX12,1.0087061948979459,0.6769785181081578,3639,0.4499820104139871
ENSG00050446,NCOR2,18.51414668727569,0.2675359617042593,102048,0.34341101536591745
ENSG00098926,DNMT3B,53.50878232317056,0.1546626796777264,50729,0.637268481144623
ENSG00006566,MAP3K4,55.926151294725656,0.9198172724501655,52864,0.5346148927298917
ENSG00093645,HNRNPU,65.92582377703368,0.7390015432210197,40430,0.6273413872490534
ENSG00024469,ALOX12,37.375183240271234,0.15962057675766328,127711,0.45511369870948265
ENSG00015862,HNRNPU,69.66756459435257,0.21916961190899897,83980,0.38163771749465575
ENSG00045741,MTR,72.91555206985771,0.32889647404716826,196919,0.5603624708381314
ENSG00032266,RBPMS,74.14092264596012,0.48310797139128625,198730,0.6078032039697736
ENSG00055774,FOXP1,31.84733331549311,0.08907768087011647,87487,0.542090560140651
ENSG00095180,CDR2,43.56606080463224,0.2094856660430845,2879,0.4439848960906557
ENSG00025079,ALOX12,88.74840349446603,0.013533851332783953,188599,0.6815719300740579
ENSG00088563,HNRNPU,88.91271337211927,0.5972505351313063,158921,0.6457253300776198
ENSG00080625,MBOAT2,32.37367846766713,0.8321125088375301,49828,0.6757289627886014
ENSG00022653,HNRNPU,76.46800945762787,0.17895550214857503,89617,0.533479922056652
ENSG00062394,NCF2,60.71062502567028,0.8843926698306137,29160,0.6283395761917427
ENSG00058337,HIPK3,71.36347173486269,0.39919602714859237,185573,0.5914309724404894
ENSG00071193,TTN,9.672833628314025,0.320375276177137,28905,0.673112392047486
ENSG00038224,CEP350,54.26609350931664,0.22145153225068337,91051,0.35464365946465487
ENSG00084398,ALOX15,75.0363933540893,0.9789001355083506,112488,0.4329119544463145
ENSG00034135,NCOR1,11.37242593462533,0.24977389614786627,143083,0.33490806057116546
ENSG00095874,CEP350,99.05478729963968,0.3678385993762493,191511,0.3453930338459531
ENSG00021569,PTK2,45.38141748219275,0.09347911458336211,94313,0.35608455319919735
ENSG00064698,TANC2,27.625110970141066,0.9694207303315714,160036,0.6115954371108266
ENSG00061364,NCOR1,53.39273222913508,0.04163139302680707,102254,0.5130517500787464
ENSG00076923,PTK2,36.59223666441355,0.37016134938029477,81375,0.6035574619491523
ENSG00039351,MTR,44.53529816032136,0.19926290417266235,21037,0.3959213560482031
ENSG00028597,Sestd1,42.20431023995385,0.31946515105509565,139254,0.5061725055543297
ENSG00038698,CDR2,16.486267285844768,0.14568076895480753,197979,0.49203755124209425
ENSG00048230,NCOR2,6.785480900514629,0.2764312148367243,111062,0.41496477852633395
ENSG00030474,ANKS6,17.16854087581631,0.33022282235407974,121213,0.5848630770814298
ENSG00077792,MAP3K4,91.87769339378575,0.2715539140187099,64086,0.3151981197864459
ENSG00072510,NCF2,98.22683818984703,0.5995445621012457,109498,0.541461265259803
ENSG00025173,KIAA0190,95.07890971102555,0.4142363256995696,184823,0.38834306417847625
ENSG00074159,ANKS6,96.09837672613348,0.26718002653707074,170129,0.6120792099875378
ENSG00071066,FAM58A,47.66426528612022,0.5297330141527182,188310,0.6090890609407511
ENSG00095859,NCOR1,82.86409955046175,0.29305459289516833,143406,0.4559390597485711
ENSG00045844,NCOR2,34.178474497979906,0.6555982565967169,34169,0.35822386742861634
ENSG00067110,NCOR1,87.66103769093782,0.862326010170008,31793,0.6443447450781958
ENSG00043732,ZDHHC20,38.82427453668236,0.8759730044723755,137049,0.37899771302237045
ENSG00021849,ZDHHC20,47.81924680872602,0.14998854103724812,178135,0.37443601686022326
ENSG00057872,TTN,77.42932573040419,0.077134131417394,59708,0.6120864875501981
ENSG00007448,Sestd1,62.58641597921979,0.7492288915853287,133493,0.5902585990744604
ENSG00050319,Sestd1,17.69952441295012,0.9210033593387326,6814,0.6263809613987694
ENSG00068810,FOXP1,91.67732012088511,0.5296209361879725,12937,0.6600055820740749
ENSG00084155,FCHO2,27.656706947138197,0.07203914285069912,84518,0.6674786295647434
ENSG00033200,NCF2,2.836679475385262,0.6860702085094456,85396,0.6166072430963776
ENSG00013796,SMO,68.11802309294346,0.13707887361801263,94079,0.4874991146049754
ENSG00030807,MAP3K4,5.817939144852602,0.42806982344216604,164206,0.4082362510409371
ENSG00028398,KIAA0190,48.73125529080696,0.6812926637000429,123550,0.535254753431141
ENSG00003198,HNRNPU,28.872594943330366,0.8627203367648343,38956,0.4187433343667624
ENSG00006193,ALOX12,69.16165807328679,0.5174911426828966,46740,0.5406430191669386
ENSG00023380,ALOX15,39.88556957750884,0.3255942741287595,173743,0.6126673205675388
ENSG00031336,RERE,17.764843355820105,0.4955665251683805,119197,0.5109477735689876
ENSG00055676,FOXP1,2.235599089643925,0.16243579428169375,94101,0.6508807313322453
ENSG00060841,PPFIA2,98.81846430708748,0.4665926399900512,145410,0.6723065658081154
ENSG00074644,KIAA0190,15.845302817398043,0.6092349224983277,124554,0.5896427798722861
ENSG00016272,ZDHHC20,98.84300301770635,0.2736103285114282,47484,0.4788448081678516
ENSG00056775,MAP3K4,65.12387545906847,0.4141501066332969,22357,0.6384870811984804
ENSG00000181,PTK2,57.87779549451927,0.939500154787999,160056,0.4714363177359455
ENSG00046981,KIAA0190,32.76418525672082,0.021377854192006884,108998,0.4953951668031629
ENSG00011990,PTK2,67.86857161145548,0.8623911189991464,110775,0.6088099054917172
ENSG00048074,HIPK3,86.39227055783421,0.8239103487629053,197036,0.5787893871202223
ENSG00020490,HNRNPU,34.31615849218698,0.34689606988634547,42082,0.5118083911340435
ENSG00001733,PPFIA2,46.47412039793492,0.2979292691260066,105283,0.37977721336568543
ENSG00086252,MAP3K13,4.924764760006539,0.7070506931263217,92977,0.4770517759168385
ENSG00092206,MBOAT2,98.28578959613726,0.8906002235187683,73029,0.31876053740461885
ENSG00099641,ZDHHC20,61.760042330566215,0.05022809090459568,76009,0.4879421370369944
ENSG00083790,ANKS6,94.80361443181131,0.527472323507867,133196,0.5079390082530673
ENSG00021902,MBOAT2,23.424104211452423,0.27190496761366,122797,0.6126093103692831
ENSG00077372,FCHO2,33.28466822504434,0.14016708365105868,44546,0.6811681783636968
ENSG00042817,MAP3K4,33.50919867831868,0.47468686735497456,125476,0.4855635689460065
ENSG00072940,CEP290,54.889537180661485,0.10634332748212816,86293,0.32635022159518906
ENSG00000271,ANKS6,1.312344886968364,0.5305943590922356,81768,0.3158877689816953
ENSG00013725,CEP290,90.07127650001333,0.030472347442397796,66356,0.48750419752331275
ENSG00070317,MAP3K4,58.751852870108834,0.5557117776142392,57569,0.6959864741694396
ENSG00040425,CEP290,73.00755519368533,0.3073150022678385,169709,0.46603108781933494
ENSG00026363,HIPK3,74.174266307193,0.8378909708735531,19398,0.6889475683020625
ENSG00046462,STAG2,15.8655963144124,0.5120189935807401,169391,0.3763877685091996
ENSG00079345,ITCH,57.082697553691716,0.5440469810023807,69504,0.4412071905406971
ENSG00012931,RBPMS,72.86113764424502,0.7200596944368308,158998,0.3847307121477217
ENSG00050910,Sestd1,10.642331184917008,0.19233074542260775,9623,0.5114074587090605
ENSG00017204,ZDHHC20,16.542395314611525,0.09364560952230072,91160,0.37995840032081596
ENSG00000408,CDR2,3.0699284134883986,0.8709806160781117,70802,0.45567036449339576
ENSG00089699,KIAA0190,51.41214231316322,0.925600477523323,196672,0.42800662678645623
ENSG00053176,HIPK3,77.65485508932821,0.7372659164177975,127089,0.6499389705151686
ENSG00013228,ALOX12,96.9487699614973,0.8572107820543571,53425,0.45105520979740504
ENSG00056282,MAP3K13,31.622561334577735,0.6459543241035949,64601,0.42607014728387554
ENSG00043482,PPFIA2,8.340500416278484,0.5496001395858694,198355,0.5118825955674695
ENSG00068417,ZDHHC20,92.80874779013531,0.6928069666443359,111005,0.6434624227872786
ENSG00050105,ALOX12,5.460729844879508,0.7385112731487117,25386,0.6482107101362915
ENSG00060493,NCOR1,2.8372807948469525,0.17990440768942306,117188,0.4750241152186573
ENSG00022809,CDR2,32.601643739260055,0.8258723854493255,32427,0.5989588831096505
ENSG00024852,KIAA0190,28.430637431624206,0.9076684699369735,185874,0.42598575975549513
ENSG00092513,MTR,71.40197478568716,0.6110802975330257,149457,0.30702736202916686
ENSG00044771,FAM58A,18.92806390049201,0.3594269158346971,31143,0.49624340872914985
ENSG00001540,ALOX15,45.62501054219381,0.22805464212814863,77264,0.4510808791015262
ENSG00000704,PPFIA2,90.27955925067286,0.6011078563331397,71727,0.6212578040889821
ENSG00051565,PTK2,11.678731398686992,0.06631517084662486,80393,0.6802994959564108
ENSG00005465,ALOX12,67.71612328817338,0.9160497809056298,128133,0.5877950661767147
ENSG00003735,FOXP1,63.604256628365476,0.4830954146010171,59192,0.3932301996206511
ENSG00028320,HIPK3,79.56080208056295,0.8184322891323296,10227,0.5769497799753608
ENSG00079153,DNMT3B,72.221969944026,0.9331996496359863,12039,0.43293307865222297
ENSG00050079,HIPK3,59.1069488953332,0.19231654876976845,197743,0.46801347983966324
ENSG00033465,MAP3K4,14.689351653073556,0.7189500556126857,47611,0.5891455828969216
ENSG00054347,ALOX12,5.692267578907828,0.7664075410707438,9894,0.3852292391411225
ENSG00035917,DNMT3B,13.82917405614813,0.9395834844511317,58559,0.4698506687896473
ENSG00067253,STAG2,32.022610776349744,0.39906017130732163,162249,0.37361943231253103
ENSG00032704,MAP3K4,22.845270175532185,0.07626225328299052,159476,0.4870235091554636
ENSG00029255,RERE,33.00882100963162,0.7295426004780222,92014,0.6491716194061545
ENSG00000382,STAG2,38.52950854370791,0.1652686245652233,45600,0.548493072416683
ENSG00046905,HNRNPU,61.04511448326488,0.42263094997036366,176937,0.45258846520678964
ENSG00075217,Sestd1,44.78564160318198,0.9394023294152714,35471,0.39841428873852824
ENSG00012251,MAP3K4,55.0777343874836,0.09049913658931252,4440,0.6230848665809521
ENSG00042292,FCHO2,73.07032620032959,0.5387893561225293,121211,0.547040426804129
ENSG00072126,CEP290,55.579593062334276,0.05294200758506307,152343,0.5117664537661137
ENSG00015497,TTN,10.685519566312628,0.8228962665924371,196435,0.49846016665946885
ENSG00053031,MBOAT2,42.01352921921638,0.17863412281537017,187002,0.49391809394918884
ENSG00095401,RBPMS,14.20306560104706,0.04445667372341122,97931,0.6918339765805082
ENSG00002721,SMO,77.0261685433427,0.53296250095069,129127,0.6147196511284214
ENSG00006381,FAM58A,44.65649516985627,0.5667476444512831,62142,0.385250547027412
ENSG00070368,NCF2,95.74866950482678,0.6586776155968573,72852,0.49425753381643023
ENSG00018961,MAP3K4,22.387392967025733,0.8626205042654405,90316,0.6214886717419996
ENSG00003206,STAG2,49.11030309633744,0.05722176225751341,91018,0.5364806423481709
ENSG00091058,TTN,7.682274784123166,0.6498241206838752,29451,0.6467502428994877
ENSG00083965,MTR,91.78997181789445,0.08619421821416062,187266,0.6602052150276756
ENSG00037560,MAP3K13,24.186539421314258,0.8008264331784394,21306,0.4105247169211861
ENSG00044109,FCHO2,75.70094549147483,0.35711847355432946,115976,0.5158169178777603
ENSG00007086,DNMT3B,57.639643039029686,0.4341251317324334,74791,0.549230707846015
ENSG00039785,ZDHHC20,1.9427352401339748,0.5443838379934173,161552,0.6749948775595559
ENSG00082849,MAP3K4,96.52466989329808,0.9319103809881063,146969,0.5733422355846991
ENSG00001202,KIAA0190,93.9732709463277,0.8974824351388462,137356,0.39135592330886015
ENSG00009636,Sestd1,77.32772359059146,0.5935280683124925,126117,0.6756358716408548
ENSG00014594,NCOR2,95.2620476282919,0.32244497298057095,4750,0.3880232766564579
ENSG00058747,RBPMS,72.06642506259425,0.9469209465072748,158641,0.35199009197007475
ENSG00020084,HNRNPU,29.84444889239699,0.7743350345151345,88369,0.6770232264390958
ENSG00057892,HIPK3,42.18259927822328,0.8210316982887862,137008,0.36611091856842254
ENSG00074519,PTK2,17.808567525433894,0.3028672962276818,27381,0.4864166783486433
ENSG00068317,TTN,85.82057898903105,0.010956387574510895,101445,0.5808991920225641
ENSG00038209,FAM58A,42.00829638013101,0.7069027173874466,188267,0.3773214159188907
ENSG00029568,SMO,9.337620252857404,0.31379240590227164,179753,0.5781079963087735
ENSG00076444,FOXP1,34.77832923842868,0.961191680231685,143704,0.646845602631649
ENSG00018247,TTN,32.00200710258172,0.5556004565058887,24522,0.34737214183110554
ENSG00047805,SMO,86.79683449452953,0.9969502487483128,179369,0.47526935937704706
ENSG00000615,NCF2,6.7093478366872965,0.05224965170347107,184685,0.4611263925986817
ENSG00072211,KIAA0190,73.8986677696213,0.41761722749290076,196359,0.44614227287831254
ENSG00071285,CEP290,9.584170391350833,0.6889672874817546,63399,0.31907623626983816
ENSG00029729,MAP3K4,60.9910276959331,0.22003988867008262,162195,0.4518473606537586
ENSG00051426,DNMT3B,33.325324310063046,0.26380955125237093,71528,0.6637077160979391
ENSG00009048,KIAA0190,21.200520320463788,0.7272537162894982,44130,0.3098182324030515
ENSG00044943,CEP350,56.626485800046375,0.6406476111894124,99300,0.47173653650874925
ENSG00040685,RERE,83.03329084187816,0.025812773450084703,93833,0.5255853062782798
ENSG00067956,CEP350,34.90511112361689,0.25709506367590884,59792,0.36673742390446257
ENSG00038840,ALOX12,73.096414468077,0.6783802831513625,64573,0.4370437635566603
ENSG00020332,HIPK3,39.51525783727048,0.20405740660489702,9322,0.4814051124317984
ENSG00072571,MBOAT2,2.3031868543868073,0.8910234889917167,7477,0.5294912238658073
ENSG00072258,FAM58A,7.875157264441446,0.33974859316157735,105490,0.3960589291729507
ENSG00059314,RBPMS,43.94869316999686,0.324002014275116,28132,0.566311254880346
ENSG00004403,MAP3K4,47.29807734567557,0.9984254829921192,124372,0.46863212224692063
ENSG00027028,ZDHHC20,73.63512706609956,0.11339259422469006,8363,0.31474875521629275
ENSG00061045,CEP350,72.40515801539642,0.49841573518383964,61034,0.6834065833486163
ENSG00081720,Sestd1,89.80969792409685,0.11360563675468816,148230,0.40948717896003295
ENSG00085404,TTN,28.24663835311627,0.5000648055815894,85818,0.5396874268552554
ENSG00037373,NCF2,33.81957995687844,0.2470413052643099,46873,0.43263842604147923
ENSG00031413,SMO,69.63801312606503,0.4058074169996334,80871,0.5385180392468969
ENSG00050660,NCOR1,12.459991876989218,0.9016832732880228,122871,0.6394724495367993
ENSG00092672,FAM58A,84.12124876578235,0.13768708267339191,133822,0.3151207877443564
ENSG00037350,ZDHHC20,34.480875652939545,0.5315913501250962,19620,0.592930205928732
ENSG00023274,FCHO2,16.21949035641729,0.5609337416123873,133863,0.6338059565118477
ENSG00028127,DNMT3B,43.50156179248123,0.17007016935486752,173177,0.5716821141386055
ENSG00012081,PPFIA2,42.52954814072384,0.9825051931319257,109840,0.34433867814702346
ENSG00076659,ANKS6,46.14006444413724,0.058541116226733525,109041,0.41876413595032735
ENSG00058536,RBPMS,9.254651061453345,0.9793944576318965,195720,0.6203427716153149
ENSG00092937,NCOR1,7.383529452952975,0.15977659951844136,198977,0.6952875980389333
ENSG00097869,CDR2,87.95993496203602,0.7175513098251811,37285,0.3299016569828419
ENSG00076158,RERE,39.21906532600742,0.333037843508145,171271,0.602783651152578
ENSG00044642,MAP3K13,7.428489333910859,0.6740230178392115,188955,0.5550301792270422
ENSG00024382,TANC2,75.61597701523482,0.04936586508753038,75689,0.4201534162002174
ENSG00038641,TTN,9.068430758582046,0.7596661423974246,53581,0.6569214109057804
ENSG00086877,CEP290,86.46769536500724,0.29687713819387074,165407,0.4858747457700964
ENSG00048591,EBP,5.906252662531419,0.41589315625247203,181491,0.6572028503685726
ENSG00044796,TTN,22.891370132725175,0.8868769398878278,92022,0.30910429634077025
ENSG00072182,FAM58A,78.5833662694087,0.6330562625441613,151574,0.3379045556666016
ENSG00043216,PPFIA2,82.28858450577651,0.9236973636078695,7432,0.36279708238724484
ENSG00038504,PPFIA2,84.79465764461844,0.9797701469819733,127251,0.5958803015583949
ENSG00015413,ALOX15,64.20074474153571,0.4330921877563846,49987,0.6496548366778964
ENSG00025849,ZDHHC20,48.7710740939032,0.09898026553299322,47821,0.6892661684900574
ENSG00062024,CDR2,69.59529970449483,0.5200326801426045,75497,0.3540940149518957
ENSG00017552,CEP290,69.09035464651015,0.575782506146834,195555,0.528123261030714
ENSG00011681,ANKS6,36.22400672985455,0.20577976660336506,34924,0.5384773127456641
ENSG00032112,MAP3K13,33.311512456856704,0.4954647019926137,147680,0.495728651273902
ENSG00080464,PTK2,20.93763875204875,0.6258483480119076,39484,0.4739120865450971
ENSG00085557,Sestd1,65.37729309675494,0.5953449802461109,185049,0.41842870122420933
ENSG00057656,Sestd1,62.725212095673754,0.29901574339456005,181758,0.32274376217836825
ENSG00038076,ZDHHC20,40.543631552949755,0.6590400391864585,8510,0.5495378443120127
ENSG00078968,HIPK3,5.665831607565375,0.9515373594329666,150356,0.6209487314091866
ENSG00019644,PTK2,72.65781878451135,0.27880803434489176,33296,0.31816838122678864
ENSG00008379,DNMT3B,71.16598678781516,0.8387967649143241,35768,0.3480567004227003
ENSG00045400,HIPK3,71.1310105034153,0.963756212576983,96255,0.6565849318040398
ENSG00032974,ITCH,56.72197010406719,0.9592200599282036,63267,0.6212557071756022
ENSG00053225,HNRNPU,62.66944232931265,0.2775619135182005,194022,0.3466742246800903
ENSG00073820,TANC2,62.701621859120436,0.7223542529862703,93425,0.4308242390664979
ENSG00033149,RERE,29.071595801054496,0.9851104803880758,102041,0.698929030963062
ENSG00045026,CEP290,43.26712401229661,0.6492484324951927,81112,0.4182526503989706
ENSG00020533,EBP,95.69418365317108,0.33877787536892756,112722,0.32948216570292016
ENSG00013552,FOXP1,24.809558748065307,0.45361325649626194,169579,0.303057622809179
ENSG00035786,STAG2,88.97278131960454,0.8031348223083905,47615,0.44327264590196025
ENSG00035753,NCOR2,2.144093614219833,0.40846803285465416,7572,0.606817999034583
ENSG00078605,EBP,11.241268053700493,0.508389272442196,176422,0.3428739161134527
ENSG00011497,DNMT3B,3.0531433921076268,0.22257320501696265,106752,0.4736246144600256
ENSG00068432,HIPK3,70.43934872373676,0.06078561277136063,113747,0.5872453586378882
ENSG00068920,SMO,39.91034929060624,0.15780729020203044,191083,0.5267520326886009
ENSG00029139,SMO,46.69341173841215,0.947809948507185,113643,0.6853896365618499
ENSG00062549,STAG2,36.90950417894479,0.4860566548655858,40699,0.429467943366143
ENSG00032099,RBPMS,0.5630635094702963,0.8198449918361951,135588,0.329812450489722
ENSG00084261,CEP350,63.28276974170694,0.8910652659704101,129266,0.3626312494239757
ENSG00057430,MAP3K13,42.386719740223256,0.2330451750635516,4177,0.3896531408287578
ENSG00065414,CEP290,34.849529701679835,0.13339936599208657,57711,0.41196231363761426
ENSG00018725,TANC2,5.00843485471596,0.5166993280959152,186644,0.3357202517747119
ENSG00060814,CDR2,99.95516987353813,0.9540078159311602,179208,0.34720354762646255
ENSG00077022,EBP,68.21553894861698,0.20988973956400236,147975,0.38393384310410145
ENSG00099258,CEP350,33.9897850069664,0.23930744719592112,94404,0.47625044349951884
ENSG00057007,ANKS6,52.51616686904128,0.8114617630732267,194694,0.5732979590908087
ENSG00065622,ANKS6,89.97565616335808,0.8092568957332154,139901,0.3669107470939545
ENSG00058424,ANKS6,86.98389924247014,0.30460519881816683,99749,0.33289977983211755
ENSG00086677,RBPMS,67.72642206058669,0.35985081796750273,86948,0.5418215329826098
ENSG00040287,ITCH,18.72302390492775,0.6753577523316813,43076,0.5304764106211224
ENSG00071342,TANC2,3.981397704287093,0.2170460883862687,177829,0.3731634565069554
ENSG00054821,CDR2,14.675635979661871,0.7194673279026776,165976,0.3078376831777584
ENSG00035840,ANKS6,91.72126444262474,0.5432508871660766,138589,0.47689284738838755
ENSG00006860,HNRNPU,6.491363439711916,0.5184335092610773,48878,0.5492362852313366
ENSG00000848,CEP290,69.80162010211728,0.7429924168494247,159352,0.6214349208186185
ENSG00026091,ZDHHC20,24.797768110194042,0.11293027655112142,69518,0.4894295143243791
ENSG00063994,FOXP1,90.97103924339028,0.16747452136038243,57840,0.5335630861979799
ENSG00042329,ALOX12,51.6296739144926,0.8288833130088041,31436,0.3377713293199782
ENSG00037103,MAP3K4,89.08297659015695,0.7070958005863851,152755,0.5264768841399168
ENSG00046340,FAM58A,85.21424377145453,0.9989033936151677,173046,0.6542201193954724
ENSG00033803,EBP,9.731972871213923,0.9639481212729961,43843,0.4484731687125993
ENSG00035465,RERE,70.22101613067788,0.7854131753440393,4043,0.439254597413664
ENSG00036136,NCOR1,72.75461975286055,0.4048664345296995,59767,0.44378747950815667
ENSG00095226,SMO,26.199483769778876,0.8491919946898624,123044,0.6297586491575604
ENSG00059490,CEP350,22.37574558479565,0.9438853571223482,80788,0.6100634986330904
ENSG00071031,MAP3K13,63.69272346233913,0.811610818049505,29032,0.45685368661136083
ENSG00041547,CEP290,42.85010470575834,0.37614093089992406,82794,0.6205194097007682
ENSG00022367,MAP3K13,4.26101329267391,0.5831784379553924,194865,0.6613054079952764
ENSG00083696,Sestd1,14.87151958748777,0.3082842383674109,47451,0.31849313528690365
ENSG00087000,KIAA0190,25.021022315171482,0.8610837829384902,88648,0.567252081543022
ENSG00068598,STAG2,99.90787056655739,0.09384002669746339,199344,0.6813971826758292
ENSG00040627,FOXP1,70.07160805451004,0.9401163364006461,91121,0.6763881281286819
ENSG00048034,NCOR2,70.73856475706629,0.2467733239213259,40188,0.6911395142629121
ENSG00015650,SMO,91.64269707211406,0.36338444565207606,189099,0.4949457595289867
ENSG00060871,PPFIA2,18.788136559453672,0.40566049080544986,124091,0.3171889239484747
ENSG00001113,KIAA0190,99.57994344630346,0.9080720302571326,33076,0.3687544889247994
ENSG00020956,RERE,57.89419283981422,0.9860293496687637,34259,0.5213271499021062
ENSG00029299,NCOR1,69.18475851553329,0.1603015395272369,144531,0.31377604020091215
ENSG00094196,ITCH,23.083375245551828,0.9181834216827148,145297,0.66926566507532
ENSG00033834,MBOAT2,49.41867265149818,0.8528753707673522,152518,0.6575224266236483
ENSG00097057,SMO,57.34896609749155,0.7064342765858048,140807,0.4578861441306059
ENSG00097991,MAP3K4,21.295287788765627,0.026276734409076075,102391,0.693249217860907
ENSG00075251,CEP350,63.31315213701231,0.5287036181599941,189855,0.3963154322567377
ENSG00098856,ZDHHC20,46.38755325822783,0.7380970021211808,170938,0.5969075770852939
ENSG00016579,NCF2,29.38529845669531,0.5813883993416686,98042,0.6855327513959468
ENSG00097169,SMO,17.21914076785046,0.964727771326932,63094,0.33892368557558944
ENSG00080444,PPFIA2,86.59842146656597,0.4511261531661931,34724,0.5978785308591321
ENSG00093231,MBOAT2,94.65761172246499,0.09878360676645359,55599,0.6197404471909679
ENSG00056761,RBPMS,31.38673509668021,0.19856616883499656,12062,0.4271201490622876
ENSG00006141,NCOR2,47.90700914909218,0.9580376571139331,129591,0.6194382302016735
ENSG00035579,FOXP1,16.84003251355206,0.07142469388428585,189770,0.4353987538077931
ENSG00065983,CDR2,50.149857286362476,0.6357360413878967,110443,0.534523926070465
ENSG00070808,ALOX15,81.92924262921805,0.6300468397389433,177030,0.47525093710164096
ENSG00009846,RBPMS,26.646595738611133,0.4979405193940478,71088,0.6571775427165591
ENSG00050423,PTK2,17.55563955966897,0.9933486022150866,102070,0.6352502288170783
ENSG00018418,STAG2,26.315008089065582,0.046886366375440636,191500,0.5823879125997387
ENSG00089712,MAP3K13,54.99555110981308,0.840610572827205,171171,0.5917765091120634
ENSG00079442,MAP3K4,34.63798565369286,0.0895523555811909,53620,0.39537587029015575
ENSG00035182,NCOR2,27.598156211577574,0.7379783607209471,27915,0.32426293034670667
ENSG00069580,Sestd1,9.276061348625376,0.2723340216106891,94659,0.5752979107561014
ENSG00080812,MBOAT2,51.680709941306525,0.9218458776819223,99109,0.4099894640471553
ENSG00086673,HIPK3,25.97063928487826,0.4375255921081782,163766,0.5952848419963688
ENSG00094425,CEP290,65.71747812345778,0.9527344813052099,194617,0.4339862247632229
ENSG00048584,ANKS6,50.043210440618466,0.1628334972806601,109858,0.6327404601569768
ENSG00011850,CEP290,74.06713999227237,0.761259380595872,180522,0.6726691663466351
ENSG00053712,ITCH,66.46519395563789,0.2787642299870078,147041,0.42394981527039244
ENSG00020254,DNMT3B,87.0476064848167,0.6131185961447002,34401,0.5669014339998406
ENSG00039000,Sestd1,54.1529161251188,0.7381870196493552,119155,0.45017434507008847
ENSG00012412,MTR,77.26434189952239,0.7971318449254331,137874,0.42946971488296337
ENSG00056211,TTN,65.39748449790191,0.5728195368267536,97965,0.6216820791602717
ENSG00090110,PPFIA2,78.73439577276173,0.013897031256209225,118696,0.5332799446963256
ENSG00080763,RBPMS,90.68635095325519,0.09897079193733815,83063,0.4529448427547752
ENSG00069276,FCHO2,73.25845769889348,0.26906062478249315,32011,0.5706942570373099
ENSG00058848,PTK2,74.36927043226643,0.29300339287015975,166170,0.699951031476784
ENSG00096205,FOXP1,90.05614998034088,0.6829384123756689,23693,0.557160805444407
ENSG00054857,FOXP1,60.36181299783324,0.08410939071594825,177700,0.43700440396724843
ENSG00075436,HIPK3,3.48841600009705,0.4304986428812818,134389,0.4753335118947966
ENSG00037077,TANC2,80.62706130575037,0.31171244894239214,88617,0.45344951471233147
ENSG00013447,CDR2,18.87695595347273,0.8022340138320859,31736,0.6806989263539113
ENSG00040975,MTR,55.41110392075894,0.7455744363908474,2463,0.34559221905162574
ENSG00007354,MTR,79.46980855266092,0.837837375490162,6665,0.4199283311668318
ENSG00067317,RBPMS,12.69136586131373,0.3376150468410052,115723,0.3320029594826838
ENSG00001589,DNMT3B,10.967516746751505,0.9964748244525735,4518,0.6198422343463827
ENSG00044816,ANKS6,31.9256010282275,0.6827720890166731,77948,0.36234764903919436
ENSG00027309,EBP,83.43526678064188,0.34740156495419494,160211,0.5636385242082262
ENSG00095448,RERE,44.36284247103806,0.43937452917823794,37811,0.6501043012295471
ENSG00055306,TTN,79.04108812655551,0.6343942999135508,26437,0.6680440882913081
ENSG00020497,SMO,23.76161130093587,0.14493706261096562,43221,0.3291673973087142
ENSG00091292,NCOR1,76.36892182528577,0.6702535482049543,39932,0.5373552910683409
ENSG00027676,MTR,35.250947452179226,0.1837826519436797,20606,0.3124184192379118
ENSG00072511,TTN,46.04115706978096,0.8176713920777314,95246,0.6218326950255585
ENSG00039357,FCHO2,85.86242298664034,0.371179243624272,37837,0.6330908538947406
ENSG00083538,ANKS6,99.87264730909978,0.8839916281813034,91102,0.5833079344551697
ENSG00078073,MBOAT2,69.11860104320168,0.5950178005964324,4884,0.3854384784700682
ENSG00073341,STAG2,98.49826262824149,0.17639252867707322,80894,0.49406912837191763
ENSG00047202,ALOX12,45.53775878428886,0.058937996744294785,14185,0.5932083172164759
ENSG00007162,CDR2,91.79222936806295,0.6930549288466048,83063,0.6305234737672047
ENSG00096223,HIPK3,42.34976291271764,0.3975051854417899,173329,0.6531912768193522
ENSG00051347,PPFIA2,52.78939266106083,0.2527127370070855,97534,0.6031154681074764
ENSG00025236,ITCH,16.446965491053167,0.7942063518220945,11885,0.6391755211467939
ENSG00071977,ALOX15,53.570670846293936,0.7033763291989413,171382,0.5961902981216078
ENSG00098961,PTK2,79.46766546122743,0.20267793645183252,159591,0.40244181100098236
ENSG00080995,RERE,87.36166302821886,0.386093512726874,152972,0.3694355923606314
ENSG00028699,HIPK3,54.69018705497282,0.5186054593848078,127254,0.31072525388222716
ENSG00068755,ALOX15,4.467210391564969,0.11621349994004038,105758,0.47046761215752686
ENSG00040065,NCOR1,90.96249008429882,0.3607214603765795,112458,0.34627300828625635
ENSG00097349,NCOR1,97.24221470167532,0.42876581179424567,189036,0.641805136835523
ENSG00011156,MAP3K4,12.92565247798797,0.9591723800677506,199089,0.39552412015389193
ENSG00071809,ZDHHC20,71.43319469938317,0.5735086911520707,27088,0.6115060063501153
ENSG00062360,CEP290,61.409740953986066,0.027365817846094598,46633,0.5028228057493452
ENSG00031067,SMO,5.376011529852265,0.9653526740671262,105557,0.5228913159147612
ENSG00096261,ALOX12,86.98585905578116,0.6310168316168283,148208,0.30611307331732857
ENSG00044793,FAM58A,67.72650592713674,0.1489561731282668,158607,0.3504735465630262
ENSG00016205,CEP350,20.88568239551605,0.8307133360248442,66420,0.3734194137231526
ENSG00029480,SMO,38.954631896996574,0.9443607148756946,175093,0.37540196604530685
ENSG00019183,RERE,17.832227929217137,0.6280594864759338,70752,0.6490834339067371
ENSG00068131,RERE,53.61307986238983,0.9506016594436297,82380,0.4031489950313603
ENSG00037938,ANKS6,78.12140077454688,0.521942289833249,35465,0.47843806554461166
ENSG00088412,NCOR1,88.35194246420639,0.05359095029154404,132850,0.47949026723218324
ENSG00009846,RERE,38.08377678770609,0.3776401748381608,196181,0.49446125271510755
ENSG00094679,PTK2,39.335853716889076,0.7585007049076251,166166,0.6705813506042311
ENSG00066145,STAG2,22.652575701658726,0.7866438194570958,50683,0.38245933579055696
ENSG00055772,FOXP1,47.786542697513646,0.6337938950807075,158725,0.6918089027629427
ENSG00091937,TANC2,82.6770098109556,0.16842383147125517,23177,0.6843723473039612
ENSG00028641,DNMT3B,8.914122452251927,0.19962944199679733,67868,0.4357030213663992
ENSG00056360,NCOR1,28.32019480576561,0.23029504028845538,74571,0.3042683286241083
ENSG00099874,RBPMS,64.84783228987428,0.06752291411304623,13068,0.3042735352475228
ENSG00094387,ZDHHC20,25.54677887020189,0.9249977213278567,150514,0.6858143469408889
ENSG00046555,CDR2,95.50794344423159,0.3571059886212551,21636,0.49287258773911913
ENSG00051347,TANC2,49.34256114909621,0.16619683969040822,126113,0.4560255791021993
ENSG00047252,STAG2,58.318670058125456,0.7588629022716968,162917,0.395580081178204
ENSG00033813,SMO,62.59892535091812,0.8789236072602421,150460,0.6781907301952356
ENSG00099168,MBOAT2,60.34090870680701,0.3840984479749736,179397,0.6731274210794708
ENSG00084561,CDR2,3.433471019591028,0.09580347368234965,53100,0.37253969551381966
ENSG00010762,PTK2,39.893911341297695,0.643265594136969,28335,0.6717668188549831
ENSG00009766,RBPMS,9.769589817002245,0.2218708336129498,153964,0.33914790198212735
ENSG00062712,MBOAT2,13.706685908192851,0.4704335883093773,1953,0.5321732439598853
ENSG00052488,CEP290,69.7530325395272,0.35631052532890595,13404,0.6882410685053726
ENSG00039317,ALOX12,56.848898145250736,0.12718254562316123,112736,0.552465013418163
ENSG00045361,MAP3K4,39.89934752894933,0.16805244102074746,17481,0.694876679822471
ENSG00007203,RBPMS,13.830561277472931,0.9709465939929075,96052,0.5764006645785762
ENSG00014761,PPFIA2,66.19303043282824,0.47564391034542175,117130,0.44487548972268703
ENSG00017183,PPFIA2,86.66907171761727,0.9587489934921325,37097,0.4787157096750032
ENSG00021929,PTK2,82.13015829427461,0.33598256428675133,49626,0.6013650692192252
ENSG00069854,MTR,57.6749472655169,0.5896724166596927,176284,0.5533305270629062
ENSG00035609,FOXP1,17.650371114894824,0.8503719812624614,41202,0.4714657275840409
ENSG00032996,DNMT3B,40.94560478527177,0.038109225419303505,40123,0.5114455475405179
ENSG00094192,ITCH,66.65971897652642,0.3329864445080677,85890,0.36704465545701376
ENSG00000563,HNRNPU,94.91247722733051,0.7267877635150801,130901,0.34589289967192116
ENSG00089189,RBPMS,36.13214810902308,0.2535614453991173,94080,0.6472615108070614
ENSG00047045,RBPMS,26.982753030428363,0.894803901715511,110735,0.5221010340271501
ENSG00094466,RBPMS,22.387299276175,0.4627894358008757,53441,0.4572660302483423
ENSG00030791,KIAA0190,45.452351676963644,0.6686085142135186,189595,0.5392537297851993
ENSG00003197,PTK2,85.7395148073217,0.7817979649272387,167724,0.3887129657788009
ENSG00024564,DNMT3B,76.84468106341498,0.43253409952570143,193881,0.5156611657909695
ENSG00076141,NCOR2,52.0836611169054,0.9217812763050242,62434,0.5302102294022788
ENSG00055121,Sestd1,94.80628241630859,0.2637715728260892,163455,0.3921724290783817
ENSG00015894,RBPMS,83.82282903538609,0.4796131657923176,27079,0.35779324602958157
ENSG00097340,CDR2,1.380793880456499,0.2029286815577298,47964,0.31259483632821033
ENSG00032555,ALOX12,35.95233416414382,0.2196960608258861,194561,0.6637115192070379
ENSG00046658,CDR2,94.41047662565987,0.49218935896386584,130334,0.39244554593117903
ENSG00060098,NCOR1,37.52482714859154,0.7923321127741328,92054,0.43938211187838805
ENSG00044503,RBPMS,60.28890824613956,0.8973108490734776,152802,0.3904743265249242
ENSG00008373,MTR,77.54825065270467,0.1594627188580232,20974,0.3973391175404465
ENSG00044254,PPFIA2,44.94504540282147,0.3717479274710991,94677,0.4459822388944219
ENSG00018398,TANC2,57.101147677305285,0.9546933142658027,99802,0.4305072951290587
ENSG00028487,ANKS6,33.311020170996585,0.11733840496836834,173618,0.6745470061949421
ENSG00066186,CDR2,65.98398832534794,0.808965270372227,143121,0.42248733691379453
ENSG00007670,CEP290,29.884620112329674,0.35770845960530107,195920,0.41589071004449885
ENSG00077491,SMO,99.30444842234334,0.24051458678951942,98706,0.6460302561279093
ENSG00011900,TANC2,14.080666110864549,0.31878301904573214,144004,0.6417342406036339
ENSG00005533,FCHO2,59.54232504100763,0.6620673823614696,146069,0.42288057714954885
ENSG00037406,MBOAT2,9.382391266453249,0.727821741010417,114101,0.6634739534874841
ENSG00046733,NCF2,97.86517336358162,0.22734806070329694,107143,0.6053422389411501
ENSG00085650,TANC2,47.076288883012005,0.5851065700580763,142521,0.3340775953565083
ENSG00015029,HIPK3,25.153805395873206,0.06002485312673855,199825,0.5709824003156776
ENSG00088839,ANKS6,69.92133871827508,0.9192396854147873,79505,0.6694151945126532
ENSG00063121,DNMT3B,3.3178395555644724,0.5407444762367131,194722,0.43608374607804956
ENSG00052048,STAG2,92.36091235904087,0.9906054965880436,184885,0.325637586025501
ENSG00042157,MAP3K13,87.31026896592996,0.1378493829401154,108075,0.5255534348028661
ENSG00063597,RERE,36.77106479527308,0.4531452928901156,152583,0.633240107787822
ENSG00076282,FCHO2,34.255866070332864,0.5290519455861288,68486,0.5039134540636365
ENSG00003574,SMO,69.63042232305455,0.41503772173856857,120047,0.3794087698642869
ENSG00056644,DNMT3B,78.52081556366406,0.649028143781746,164089,0.44840489139783396
ENSG00063604,ALOX15,31.517290388706886,0.46121483675399755,139886,0.6211684770611918
ENSG00028556,RERE,64.68389343404772,0.6024820603012222,98557,0.37143866390238445
ENSG00072788,EBP,97.59065485944289,0.947525200435048,181805,0.6894752664342332
ENSG00005031,EBP,89.56446102516075,0.48983501755459014,75632,0.6313299088098907
ENSG00002092,ALOX15,79.00042773986418,0.8569012530162224,132029,0.5431424761962679
ENSG00011129,TTN,78.9778636346172,0.3496789082901911,106713,0.3776502736588015
ENSG00064110,TANC2,57.69910065731935,0.248854039305477,1749,0.37562066172218217
ENSG00077329,RERE,60.47167397610491,0.14269416731825824,164034,0.5519715146334164
ENSG00044431,MAP3K4,53.482626881828075,0.6238470644199813,134848,0.4630701382965428
ENSG00060469,ALOX12,55.666293225669925,0.02204896830733971,7794,0.4815179189986537
ENSG00017024,MTR,60.58439426388909,0.12769983351734804,106376,0.6228298865349451
ENSG00011364,HNRNPU,91.39507151625695,0.8041006405889022,179721,0.46422657445368476
ENSG00010952,HIPK3,62.247980920028965,0.7980040050180656,100688,0.5308940026397465
ENSG00046298,FOXP1,89.41185949402502,0.011099683400813798,118665,0.652579347572365
ENSG00077962,NCOR1,84.76800644698027,0.9545440773570851,77561,0.31408423383981104
ENSG00018184,PTK2,11.956207524619932,0.47333009642401025,74987,0.33339141619564255
ENSG00075862,ALOX15,11.896729342051316,0.30186773805993805,82115,0.5384072288141292
ENSG00057158,HIPK3,67.15823638695579,0.5969964663811786,99136,0.5371602410430595
ENSG00038899,Sestd1,82.90630081265728,0.22125042104817683,199104,0.45931346432021214
ENSG00048897,HIPK3,68.47825007907912,0.10990157226444286,120634,0.6763148060814291
ENSG00055488,PTK2,99.52235098438072,0.8787450613264851,82303,0.47929919598635107
ENSG00010187,MAP3K4,91.29275874095893,0.1173730912885097,166805,0.4645604925176141
ENSG00041348,KIAA0190,90.35558763082835,0.33588367372251215,34585,0.5487040469038413
ENSG00031558,MAP3K13,67.86896902842219,0.7141206967726773,16307,0.6954350965763474
ENSG00080246,PTK2,51.12812526398326,0.9344993385571059,63099,0.6160831580895557
ENSG00004483,RERE,19.356404631262546,0.09087339564040064,161881,0.541820017451418
ENSG00091989,ALOX15,90.17269785103785,0.6906723104743023,129569,0.3423590167918671
ENSG00034225,TANC2,47.18474720024152,0.661292705401184,144340,0.3522231822467867
ENSG00096187,NCOR1,6.992960599073772,0.2649026131749289,191224,0.48589617559125065
ENSG00012970,CEP290,16.623248494514954,0.8785365355011572,5985,0.3299856987572614
ENSG00091517,NCOR1,51.015666031276666,0.4219579909344926,16329,0.6412557976344806
ENSG00054589,NCOR2,73.2223008164546,0.24991154346825428,14562,0.361432938664489
ENSG00096879,RBPMS,60.7319196228137,0.5200521149596752,43404,0.6838729899814507
ENSG00004170,HNRNPU,94.05796157708687,0.22489821603302373,91917,0.5395005285728618
ENSG00011578,PTK2,40.35682023513759,0.6762752847883473,113587,0.5575691936482461
ENSG00070939,NCOR1,28.699738643629914,0.20013500863204803,140776,0.331533250527747
ENSG00057098,ANKS6,8.732781848693616,0.8534018093688912,85822,0.48631829147338723
ENSG00048110,TTN,1.6530504870328255,0.712223872153444,15209,0.3804902455159578
ENSG00003014,ANKS6,86.0867870198772,0.9948705451704627,134472,0.3336014124238625
ENSG00099920,FAM58A,53.8600378292034,0.11117538921127412,75559,0.38649599087257297
ENSG00008879,Sestd1,76.43253860828028,0.1793076797954738,124426,0.3809331668502616
ENSG00092057,ALOX12,6.5506233819882524,0.29698323591277787,171640,0.3122735926052494
ENSG00024307,CDR2,24.068657400836123,0.29440694895612607,155463,0.3426600983609622
ENSG00078372,Sestd1,39.57990755029002,0.5540571119769774,82419,0.6610048042546336
ENSG00045290,SMO,30.953077556132758,0.928027860000874,152414,0.6047563388243922
ENSG00036569,SMO,0.4537293624551131,0.07350464143651192,23584,0.6054931766869884
ENSG00024248,RBPMS,28.757119979668243,0.9782944712535122,126063,0.5165260776607161
ENSG00029678,PTK2,8.365482020235238,0.12913773557736252,31077,0.3036244716838433
ENSG00082224,TANC2,53.194783659042564,0.2692357959178291,15987,0.3693637970116087
ENSG00005923,ALOX15,65.6243688363516,0.3706568716537517,116374,0.3482528965895349
ENSG00050277,ALOX15,70.14677639815586,0.5177159280461824,147150,0.3110892748004808
ENSG00050728,ALOX15,92.89439629874464,0.9286738548192575,86184,0.5179794759648289
ENSG00023564,DNMT3B,97.14117772482285,0.5462666684172126,50128,0.5808850652259123
ENSG00007835,MBOAT2,74.41664262935083,0.9938948152224728,107543,0.5123717714622762
ENSG00000297,CEP290,27.734563475168528,0.9683140310269887,14920,0.3840896546761352
ENSG00098862,NCOR2,83.50289293550432,0.7518327680416451,114417,0.5641587778436512
ENSG00045295,RERE,40.17106748368485,0.24629915315808104,183885,0.450632223069966
ENSG00055831,KIAA0190,57.0403641915261,0.07890923134526862,86145,0.6338539117586127
ENSG00056635,FOXP1,63.56580062715602,0.5784382087298524,156333,0.6809031010617378
ENSG00020957,ALOX12,30.239264614414786,0.07354476681342625,17372,0.4426222807570941
ENSG00038299,SMO,0.5228843487885437,0.21589468355769126,150659,0.6309388573681124
ENSG00028261,RERE,19.705482746801895,0.5578493276484479,39793,0.34185150141291515
ENSG00056346,CEP290,30.979091189804087,0.8072483881289259,73528,0.520819894103349
ENSG00011615,CDR2,72.25518497098528,0.6332134003274261,11577,0.5564205052394524
ENSG00081896,HIPK3,99.23465367387159,0.9667012197639806,129955,0.4472934414456843
ENSG00085780,CEP350,2.7988740602810758,0.6189171192980293,95277,0.4100260825778159
ENSG00093110,STAG2,11.15026205092543,0.06319198173650287,77971,0.46166455742661466
ENSG00057257,Sestd1,67.7313333379302,0.09533285050638163,59322,0.4444431814122567
ENSG00069122,FCHO2,88.05569210250039,0.595357188700173,107468,0.4634275080254786
ENSG00023469,MBOAT2,39.98320929269248,0.35891227383556534,119770,0.6790503628948127
ENSG00094357,FCHO2,45.171488620478186,0.4846169894345205,30514,0.45718478471353374
ENSG00033452,CEP290,94.55340483135178,0.23870394353906554,19588,0.5082551080017204
ENSG00017501,HNRNPU,31.66860240518794,0.5001223180251575,110842,0.6415245418541358
ENSG00097508,MAP3K4,30.807031639528947,0.9126523685063119,68866,0.5196679278822305
ENSG00016228,NCF2,18.10188636154354,0.7666109803154524,12593,0.36736507502364096
ENSG00040034,NCOR2,49.02999933412702,0.02286889586477525,137579,0.4209837566551587
ENSG00059972,NCF2,43.88546544269172,0.44004411059398274,184861,0.5680092081049453
ENSG00012612,PPFIA2,19.61463295216039,0.448166294063547,122589,0.34139426977163917
ENSG00033347,NCF2,22.124327433816994,0.6974562204741607,89616,0.49042987876695165
ENSG00001829,RERE,4.270344926479385,0.7659008661904231,191183,0.6982627303797483
ENSG00098567,ANKS6,36.65698882518996,0.07110773392839331,24049,0.5099800702326719
ENSG00067404,STAG2,38.86572711527329,0.06689807533928838,54006,0.3973261026249818
ENSG00051966,Sestd1,27.940641539103073,0.34521080848913144,171831,0.38501241227303545
ENSG00065235,TANC2,91.77997003268477,0.7171780207998937,43161,0.3360112848717107
ENSG00072396,RERE,1.309497181067354,0.20302373889801062,93885,0.40238564326869103
ENSG00045224,RERE,66.11117898925842,0.6396526101130727,46208,0.5028376323276174
ENSG00063823,SMO,7.031096067754284,0.13787020861613175,171495,0.3369621643255736
ENSG00038402,SMO,53.2660474458291,0.28012093634079427,163945,0.4134393775361671
ENSG00089068,RBPMS,12.995916839970711,0.9729783268002578,173806,0.49994713515327427
ENSG00018602,DNMT3B,49.03616704760854,0.026209055995851882,138124,0.5303550583391099
ENSG00010048,MAP3K13,34.82918455451449,0.5322035536853237,196916,0.37027052067850125
ENSG00075641,FCHO2,38.65744454030592,0.09713062766006464,47902,0.4066453179677206
ENSG00099583,PTK2,85.36919904591224,0.8349947403370305,77580,0.6816916852577402
ENSG00022493,Sestd1,67.01560842035154,0.34350325937987625,61125,0.4285394033067471
ENSG00093712,ALOX15,49.215715470956,0.9948094794795742,191428,0.3796422342467283
ENSG00003758,ANKS6,88.80639098273144,0.9731610854809936,97739,0.37518924284199107
ENSG00003144,MAP3K4,73.79496260312308,0.8831058021998559,173100,0.602770590536319
ENSG00018887,DNMT3B,23.80934650610379,0.4294038378432108,127725,0.6187152912916478
ENSG00009396,SMO,46.2989995126876,0.1017370133157558,92086,0.5030059886222262
ENSG00087773,HNRNPU,42.94206277638857,0.6659094673697228,180550,0.4947897912868967
ENSG00085196,MAP3K13,54.739803426623865,0.34368902125595,62256,0.6225052604853154
ENSG00091947,CEP350,30.535441063187076,0.09611374708068332,136107,0.6674998643256603
ENSG00072661,CEP350,9.43450446309264,0.22282539848635463,138470,0.45422430478008424
ENSG00055880,NCF2,87.9189602481581,0.06515591431927881,23527,0.39226977338056557
ENSG00092387,NCF2,70.21368777411813,0.694714744500761,47320,0.4344479255745723
ENSG00010874,CDR2,26.128945923486224,0.8798736903549798,84660,0.6818726572745979
ENSG00036731,TANC2,5.407846595362198,0.20359468315662754,64918,0.32585626797518524
ENSG00059427,MTR,11.27525433700065,0.7448972717203987,60852,0.33654503900911936
ENSG00047398,ANKS6,46.49829860201628,0.6226442909556779,128286,0.3362133683827552
ENSG00070647,Sestd1,64.38939875570745,0.8722823247607451,44983,0.3461848290444785
ENSG00040174,FAM58A,93.8824792100697,0.7246203101969225,192725,0.3691419059762687
ENSG00076364,MAP3K13,96.67568723735671,0.10535634710851194,125377,0.5052866376761634
ENSG00064537,EBP,57.057162966631005,0.9218693101475681,65443,0.4627292705876436
ENSG00055156,FAM58A,43.154293008270514,0.6746523582609941,84931,0.6105482376672133
ENSG00035540,NCOR2,16.581643609300812,0.5747380143403025,172191,0.34061748824924676
ENSG00029564,MAP3K4,63.0318967841651,0.631573008192414,135356,0.4415724626887082
ENSG00023485,SMO,70.76052973392272,0.02654805017659434,74524,0.601050934869223
ENSG00068336,Sestd1,46.54308862758572,0.8763219028049494,26065,0.6260022601761142
ENSG00047706,MAP3K13,62.90803910143664,0.9247600827566569,88455,0.41356762753483867
ENSG00065879,ITCH,59.00704531455195,0.5877478151833854,145921,0.44044190478028356
ENSG00025266,SMO,78.42088287657202,0.038389831717319245,25490,0.5547477931598198
ENSG00056206,NCF2,5.622971641540353,0.27785752342598513,65279,0.5387891258040615
ENSG00077051,ZDHHC20,93.72225145180376,0.684102860039174,53887,0.47268241240806286
ENSG00088295,KIAA0190,39.97776791107771,0.6320560261449217,181463,0.5739670521958413
ENSG00040962,ANKS6,50.31873772271561,0.822230101084745,74990,0.624093869413995
ENSG00040409,ALOX15,15.174604083298405,0.37157348514224176,85014,0.5263759498409187
ENSG00058709,ANKS6,66.15648996496168,0.9864140260646411,21834,0.38632079923874235
ENSG00097021,CDR2,17.097758295423827,0.9315465719931333,62259,0.6693501131248314
ENSG00087643,RBPMS,99.90050921797288,0.3389368177033104,130514,0.3427567410539721
ENSG00035103,RBPMS,66.76878321505552,0.5654798788579054,157289,0.40517064565001276
ENSG00078817,HNRNPU,93.47759745864442,0.3054736063933784,35290,0.629503340245855
ENSG00085725,MAP3K4,66.08476989499165,0.03570423927839106,100946,0.4633815394652717
ENSG00029549,MAP3K4,37.756680879238644,0.7578433229108796,151285,0.6687562454788802
ENSG00072550,CDR2,23.29863010986193,0.3333806573998578,83302,0.39082963493110456
ENSG00027269,TANC2,63.220745877677174,0.15096798458754135,57004,0.5755963139376478
ENSG00032133,FOXP1,87.53968660087693,0.19966939990291144,6056,0.3173778939548231
ENSG00030157,ITCH,33.72524268479692,0.5834541882168115,61053,0.6647138219198391
ENSG00053998,ITCH,82.36904913836027,0.17626248665617483,24641,0.5620755277919058
ENSG00066300,SMO,77.98454146298552,0.11080477467235783,177100,0.5630245314390512
ENSG00050336,ITCH,82.19631989599688,0.9775541231554604,3052,0.36193446199056706
ENSG00040597,DNMT3B,28.09296920636256,0.07396323127352578,111485,0.3472165088273665
ENSG00089552,ALOX12,34.241466381748765,0.03137344487920757,170378,0.44098852017469314
ENSG00008143,SMO,15.261108885195828,0.6908000244674531,16317,0.42181671895228895
ENSG00073862,CEP290,36.58274804024265,0.9926966352498702,11823,0.3229677513190799
ENSG00045977,PPFIA2,87.21462643450366,0.6295248011302265,161480,0.6516772136163504
ENSG00058607,PPFIA2,1.7732866570909889,0.9010260372310291,10070,0.5478694793695735
ENSG00040637,NCOR1,72.80509997163234,0.35169373266603243,6637,0.3533105626848562
ENSG00097764,EBP,56.729552254705474,0.7435620042747356,148101,0.658398157059157
ENSG00095411,FCHO2,53.311053584274326,0.6721718556306554,148395,0.4426894969060127
ENSG00035470,HIPK3,75.71256240387983,0.8628006537883536,155985,0.37003220233569
ENSG00014802,SMO,81.64282610376901,0.2946273922488363,11157,0.6664479061740887
ENSG00029980,MBOAT2,94.4707739685963,0.005737874396030906,177306,0.6068509801381496
ENSG00039001,EBP,86.13175266305883,0.8365387772678773,79172,0.6798511515375782
ENSG00007534,TTN,5.056464488366174,0.3907367543524941,105649,0.4578352865690484
ENSG00062598,STAG2,2.5581747993055126,0.14659272188954742,92193,0.6349372236685598
ENSG00088831,KIAA0190,95.24819426959375,0.26215339021185313,37715,0.30328974201667874
ENSG00032324,NCOR1,42.161518737769576,0.1954009780664846,26477,0.6734691573941869
ENSG00063983,DNMT3B,87.77859847122366,0.08601083197947423,167620,0.45987328672256766
ENSG00059936,KIAA0190,72.93567746304464,0.9867169587868942,134406,0.4128356910102262
ENSG00060101,STAG2,87.80069666817258,0.4709475371249592,197997,0.5655590344553572
ENSG00039125,MAP3K13,53.02197038076527,0.07240386395918585,190926,0.551870998495595
ENSG00056591,MAP3K13,42.05251038466646,0.12465158855079772,129798,0.5156762035532653
ENSG00063646,NCF2,76.43592486795771,0.9825285356694167,197992,0.5958382973566665
ENSG00012039,MTR,63.750996874483455,0.5297328869779566,72705,0.40603002346460504
ENSG00096120,MAP3K13,49.82447653446863,0.6330155877768472,186169,0.491244430845465
ENSG00017533,EBP,82.64833563255203,0.46957977002026785,119272,0.39804223190352134
ENSG00017849,FAM58A,53.2551215051839,0.3154439306068788,126618,0.39905389175983363
ENSG00019444,NCOR2,21.812121897362612,0.28926375341647337,114734,0.6293558543568611
ENSG00022606,Sestd1,15.942743202197885,0.4806879441763787,22716,0.307114463089935
ENSG00075861,PTK2,93.63178478822523,0.33655051876489883,115949,0.5011999026168267
ENSG00051104,MAP3K4,57.43524055494833,0.029214425312175885,38269,0.3614621194312624
ENSG00084700,NCF2,92.98532280910726,0.7161875362267254,139207,0.4374033807683238
ENSG00010090,MBOAT2,18.336588341576544,0.32817120002682054,71621,0.34196545440759935
ENSG00054888,RBPMS,37.65899667430027,0.3608536263551968,59348,0.4105362845981734
ENSG00033853,ZDHHC20,45.982682770339146,0.8907790539051699,116516,0.46206869646015125
ENSG00011882,TTN,82.77628479644889,0.07261415079380407,168024,0.6744355962279681
ENSG00090409,CEP290,23.260327090295142,0.9261215413828093,29262,0.5300654094289776
ENSG00094462,ANKS6,37.37401156932245,0.7846340283051295,52203,0.30447086950369767
ENSG00085531,CEP290,40.45611558225614,0.543176437160996,179136,0.38964462383724535
ENSG00063496,TANC2,5.153860687469436,0.6156994801957144,156512,0.6734410606866743
ENSG00072676,TANC2,38.12958211141763,0.5904696696479719,31008,0.6110833379468488
ENSG00079191,RERE,51.0910269591072,0.6536070365310603,161617,0.6129914517518691
ENSG00040907,HIPK3,23.39946380683262,0.4282601430807721,176910,0.39549737695427095
ENSG00041298,STAG2,35.96244257258885,0.737558537413986,7050,0.42966155655349575
ENSG00031402,TANC2,59.44980794726198,0.6564687272659867,124605,0.4009086350378623
ENSG00005036,KIAA0190,33.074941099374925,0.6088709953528828,139806,0.49170130180615323
ENSG00001420,EBP,40.020412331401914,0.9258848651345769,139678,0.5984836462678496
ENSG00049195,HIPK3,6.3547981717466335,0.4347072013140626,142100,0.42531369905191985
ENSG00025561,FAM58A,69.09147419318703,0.9821146253518607,43674,0.5766825900958087
ENSG00017928,MBOAT2,24.033008683684052,0.08002399335118737,99835,0.45289673839096034
ENSG00011941,RBPMS,76.83511853613503,0.9815419309824973,150495,0.6939796737258187
ENSG00077056,SMO,6.835618570955971,0.0898761365163031,144467,0.4618720768123157
ENSG00003549,ALOX15,32.03448797106092,0.1987309494113908,29409,0.6454484266405401
ENSG00059782,MAP3K13,87.11763431946153,0.22218196780264365,81817,0.6172915439675837
ENSG00019321,PPFIA2,14.239456311773779,0.7656802645261829,103822,0.41153906916813415
ENSG00057588,SMO,91.93650950742278,0.5504983842368806,175792,0.3927674372147118
ENSG00042269,Sestd1,82.89903821890363,0.09029314039553848,112551,0.382003753427969
ENSG00072521,RBPMS,23.46157247214733,0.9772682483064441,106830,0.49699963396546676
ENSG00084298,ZDHHC20,15.653961539847682,0.9843476158121742,185440,0.347227813269064
ENSG00047088,FOXP1,61.2907738478496,0.18566331287585447,50328,0.5692736338137367
ENSG00001371,MBOAT2,13.744081806795293,0.1170003417299057,103616,0.6165618435817247
ENSG00036382,NCOR1,21.156035940216533,0.6435952602125062,117168,0.47792242303939025
ENSG00067195,CEP290,14.516261642511164,0.3668234644205163,4182,0.6630523877101469
ENSG00098536,FCHO2,3.5352342896419198,0.3693332723250171,12948,0.4606865658158996
ENSG00028806,CDR2,38.99551387658177,0.49715852800187554,122517,0.31759282591802723
ENSG00026186,ITCH,86.29614140012957,0.8358065661580282,41812,0.43529774434897783
ENSG00008081,HNRNPU,80.60885390305219,0.5530186860659204,103216,0.6342049995600852
ENSG00056349,ZDHHC20,10.075047900760037,0.16880807774282203,97940,0.3929576456191371
ENSG00052230,RERE,44.41449976149251,0.007884221012625203,23294,0.4829244679650261
ENSG00050414,ANKS6,79.70316904599783,0.6423206282862063,34626,0.40924760662026133
ENSG00024366,CEP290,51.26978860824454,0.19661890727902143,146584,0.4303604089959641
ENSG00091187,ALOX12,24.958146120240965,0.835439250387882,72010,0.4329319239544589
ENSG00051510,HNRNPU,74.27376124459086,0.18897043917647938,77564,0.6522402649410199
ENSG00087158,KIAA0190,66.633322620288,0.887033213085358,199543,0.5107478879499052
ENSG00001622,ALOX15,19.831116942614745,0.810116213380894,103091,0.6126214468693993
ENSG00060931,FCHO2,71.85274044943932,0.8569991894527481,19829,0.6792209883534113
ENSG00074097,EBP,8.200838927904396,0.6580509023059464,123878,0.5675420673813409
ENSG00095477,HNRNPU,44.42720578933549,0.09223141075686359,116827,0.5029389856942746
ENSG00097907,EBP,49.72403608151977,0.36883255465896814,150895,0.3900474178810315
ENSG00037714,MTR,58.229626164036695,0.1558278029198975,130524,0.46982836963086216
ENSG00059888,Sestd1,72.53059593541997,0.29306082121318755,34079,0.5969139457440451
ENSG00048716,FCHO2,7.861027665668264,0.37099224093463434,128930,0.6749606639598313
ENSG00013245,STAG2,3.1385155821488264,0.0977799171287993,125664,0.4240833639542711
ENSG00000275,MTR,60.82642451619355,0.8249425381477202,47105,0.3907801415692497
ENSG00024127,DNMT3B,11.00211534382579,0.37323710116110054,14130,0.45766824488356067
ENSG00036309,RBPMS,57.14340726545522,0.38990354463062493,52702,0.36312637100715606
ENSG00065703,FOXP1,51.320979732065176,0.5784361885405477,100810,0.3549260069601788
ENSG00087736,NCOR1,24.608061496573185,0.8577751429858776,1876,0.39857321835271003
ENSG00012894,HIPK3,94.93784577301541,0.29026712317100234,54365,0.4455515680158937
ENSG00009982,NCOR2,23.49141583077403,0.5632842871145017,167101,0.5685370029637457
ENSG00063029,RERE,87.21780727558823,0.7215780692961212,107286,0.38247170829584154
ENSG00047123,RBPMS,69.74677783447021,0.727825859239775,45157,0.36826375930538147
ENSG00086201,CDR2,72.00266558849303,0.8769543822700904,51408,0.4196100563223911
ENSG00029718,MBOAT2,20.706563570293735,0.7875097724074408,62191,0.43896036375332453
ENSG00064200,MAP3K4,45.6683554516112,0.07929668908560217,148673,0.6157800067685713
ENSG00036652,KIAA0190,45.448532079010754,0.41940827983891393,66543,0.36391583763726504
ENSG00095951,CEP290,37.22730151970516,0.1665690559960571,76555,0.4749645263088778
ENSG00043359,NCOR1,95.86764288094083,0.2711334617741362,180635,0.6318511295827587
ENSG00092121,ITCH,85.94635772959303,0.3473673474578778,173415,0.6202123261282105
ENSG00039514,NCOR2,87.3346263715645,0.02131358554999563,160380,0.508185098414618
ENSG00098204,HNRNPU,75.49452485070141,0.2570140212857459,48910,0.6518645180900771
ENSG00009217,PTK2,36.000223336151194,0.7326678729791881,186325,0.5502975435461034
ENSG00001265,PTK2,95.81367130609758,0.36222753606594615,108655,0.5938274970069639
ENSG00057855,HIPK3,41.866745817099705,0.9418546767284014,115238,0.6804759369427287
ENSG00055689,RBPMS,84.4617253934419,0.1571179684038444,39812,0.420523370899259
ENSG00087991,CEP350,88.90257040860432,0.14264678222316074,120036,0.3786168129324048
ENSG00020371,MTR,40.46910723685766,0.9602313301072425,28176,0.4961660994350827
ENSG00024745,CEP350,14.536287920238367,0.6813546950582583,151918,0.3512182714587298
ENSG00050846,FAM58A,15.11390793510381,0.2211808261562701,64436,0.3982982681714486
ENSG00090249,KIAA0190,70.25750584447069,0.006110001268440413,70787,0.6327940376278707
ENSG00041297,ANKS6,89.34605366968258,0.729935824291014,18500,0.3585231951732547
ENSG00018634,HIPK3,16.453219933246654,0.0009979535545622253,24602,0.6026423806139092
ENSG00088248,ALOX15,53.22910624506688,0.4843311781086166,187762,0.3533893598523228
ENSG00052495,FAM58A,78.855720142908,0.6367540814214587,162622,0.5495903823358044
ENSG00099779,RERE,36.21180910799309,0.7800873396373624,112978,0.36172313402626716
ENSG00092778,FCHO2,78.05579122630837,0.8354618198235179,181288,0.3580673019467971
ENSG00086967,ITCH,70.86840565369636,0.300286422735063,78571,0.307786764514811
ENSG00066907,CEP290,61.61910906026703,0.35123470233159415,64899,0.3644752669689725
ENSG00034097,TANC2,34.98836105861005,0.4178202598258538,47656,0.37376373647145056
ENSG00039873,STAG2,72.09489415108892,0.7157395543171575,46614,0.49355731453195745
ENSG00054978,HIPK3,79.83842431407955,0.37036326897428373,196883,0.6939687867444956
ENSG00042834,MTR,81.2570792356321,0.9758815629286178,120442,0.3084927696628444
ENSG00046150,ITCH,15.262373652296535,0.019708906796294334,1538,0.6742611488385579
ENSG00024923,RBPMS,45.01381757672734,0.890175429642911,16942,0.6368475067307164
ENSG00057948,TTN,1.975600414208889,0.45384457656354726,9867,0.416840938248551
ENSG00014728,FOXP1,31.551763056556105,0.22847534066802255,85104,0.4500000567717942
ENSG00084469,FAM58A,11.556125164438846,0.27319151189875446,135284,0.38699344249896245
ENSG00017251,MAP3K4,38.300941786175855,0.043499042382797226,100199,0.49537657069061103
ENSG00021076,FAM58A,47.63430352199142,0.08168933434984449,21271,0.3393255066919878
ENSG00089781,HNRNPU,66.61320718430456,0.8754623783964642,77292,0.5896220594611623
ENSG00018404,STAG2,33.73478377716216,0.22273218189719357,139471,0.349904746428824
ENSG00093804,FOXP1,68.2281212690085,0.5479498879296815,189246,0.32259599641448117
ENSG00071223,Sestd1,73.81707553696596,0.6252943443811492,138372,0.43640296410783086
ENSG00056829,MTR,38.60736131078384,0.7834943130785488,92081,0.5712312621354221
ENSG00031996,MBOAT2,46.8603139956592,0.8666966825093779,189503,0.48255184579792926
ENSG00007336,MBOAT2,76.19309532471419,0.6892184411785627,159399,0.3368968970728796
ENSG00039921,CDR2,67.09116187868594,0.11363003560593121,142388,0.4951035675996738
ENSG00083495,SMO,47.552085319806835,0.4853753833365172,109381,0.6136143764438786
ENSG00081999,MAP3K13,1.1740209009074132,0.9143506491798824,162873,0.6555133145846802
ENSG00050289,CEP350,71.95173328181703,0.12386461992077691,84509,0.6246985123095155
ENSG00070183,SMO,64.96209867371687,0.8761533175270866,44901,0.3021890453566172
ENSG00055548,ANKS6,56.19590600592649,0.5446338782734798,191221,0.3717829834162974
ENSG00044688,ITCH,83.35096971785676,0.6985452006686517,38736,0.4888251256118685
ENSG00004269,CEP290,84.59687147866632,0.41951096668437093,145041,0.5777906135109014
ENSG00004944,ALOX12,90.8617676539405,0.4055529151552717,91814,0.48097246419539363
ENSG00091509,ITCH,79.54933684333768,0.9937449900636165,85683,0.6694647322151392
ENSG00075879,PTK2,45.51515449913281,0.5185310148274451,29222,0.40981960201426765
ENSG00083008,CDR2,51.69035544744452,0.31325251023063316,97208,0.4893074867782102
ENSG00072713,PPFIA2,83.66277283038372,0.6446410179195372,6650,0.3570240312485658
ENSG00014283,MAP3K4,79.10732974242603,0.561232318829144,21045,0.5872159368227396
ENSG00087168,ZDHHC20,41.76643625433682,0.29316219880383565,87312,0.33992258363500344
ENSG00025999,STAG2,43.68443426208838,0.5854225671235753,65819,0.43568656221523655
ENSG00044541,ANKS6,79.76369088518956,0.39058708808999365,90215,0.44050506171558723
ENSG00092434,NCOR2,75.81205105939391,0.5193583521787296,29410,0.6340566086070036
ENSG00033218,TTN,79.07125457622311,0.6159031951017118,176611,0.6876448081166681
ENSG00055775,RBPMS,69.29235096088496,0.6283725558861353,153081,0.6847675998485315
ENSG00057925,NCOR1,38.77507442450012,0.4398255887355996,117851,0.6057522994879412
ENSG00025373,MBOAT2,61.02761249767566,0.1331262315971068,8064,0.5834461796819099
ENSG00042243,ITCH,99.03526587871742,0.9005821479868211,108879,0.4962941010432745
ENSG00019247,ZDHHC20,70.86619546265135,0.023024157933908107,108365,0.31331962816891396
ENSG00006875,HNRNPU,79.94794369280596,0.2378437821098609,191316,0.6189522145288935
ENSG00074526,ZDHHC20,1.091667819272868,0.4300507629941248,81490,0.3210882654221305
ENSG00037490,NCOR2,31.599490960957187,0.120911358503768,10344,0.4438698027686043
ENSG00033143,CEP290,27.038496633797436,0.8134747018747115,13159,0.4085228752105383
ENSG00007009,FOXP1,43.80405192000004,0.52475968528561,86105,0.5075208673983197
ENSG00066270,ALOX12,72.27234994642396,0.5665979623862962,2378,0.3611972803529303
ENSG00057305,KIAA0190,81.82600511605918,0.9799396024417593,4659,0.42019669119865555
ENSG00019715,TANC2,6.805252632713376,0.029469894143693387,50833,0.3214285180295206
ENSG00012235,ANKS6,80.35343640622268,0.35494810470707316,70080,0.42339198757992946
ENSG00028559,ZDHHC20,27.596552806268527,0.7533387180729065,59146,0.3880716468546396
ENSG00000087,PTK2,80.30812397110545,0.4762826248521336,146006,0.42813979695949983
ENSG00009115,STAG2,35.68875227564388,0.253169772040293,170369,0.42740146703915877
ENSG00084675,Sestd1,94.11453888186203,0.8014117248542441,83658,0.6875371314246953
ENSG00060450,ALOX12,41.21207357575187,0.7431761853626861,70755,0.5186065048502057
ENSG00015201,NCF2,55.693475007804075,0.9858853105293439,159001,0.5772865079252185
ENSG00070299,HNRNPU,14.462683237589246,0.7485759668724731,152497,0.6189333035932841
ENSG00016011,SMO,15.299952922811688,0.6572749005166552,19777,0.456733232549539
ENSG00017091,NCF2,46.0000020451632,0.7510436587976229,7076,0.632167196248538
ENSG00025389,MTR,45.81675231270535,0.6297586875799388,177267,0.3433626667388237
ENSG00018108,FCHO2,51.58110877127221,0.054952597700114514,109464,0.5401682592235889
ENSG00010998,NCOR1,71.86718754379466,0.3140691757484123,27209,0.39539927938935626
ENSG00016410,FCHO2,67.94087867709847,0.9523406960227397,170259,0.5610011453685262
ENSG00061378,HIPK3,56.31955995747578,0.5230985708451029,153012,0.3826948921651478
ENSG00023060,ALOX12,37.92694769267748,0.5144924318413361,121076,0.5635691824549177
ENSG00096085,MAP3K13,96.60885218993069,0.9478995691357925,131636,0.5863734570973205
ENSG00020575,ZDHHC20,37.10824314389677,0.9814057848721711,122546,0.6879303481368294
ENSG00069831,DNMT3B,34.2467803155232,0.7673685629270088,129112,0.6724141413413924
ENSG00097625,ALOX15,24.91031649411928,0.8600920077465048,53965,0.42316910706682054
ENSG00003282,NCOR1,46.94930575955058,0.8343308900817615,161397,0.3044587460165774
ENSG00027085,KIAA0190,60.411596058635766,0.7435005463300091,23580,0.32476918443749125
ENSG00030169,NCF2,26.420728195510357,0.48565996288773894,106599,0.6167689840732167
ENSG00086608,MAP3K4,97.60787603403736,0.19642547416710177,16820,0.40399879527384425
ENSG00079437,CDR2,10.900471015870327,0.9809451560345712,77145,0.3532113095104303
ENSG00082492,CEP350,44.30955719431342,0.7540683141642878,92520,0.4467673116790329
ENSG00076069,CEP290,93.23122048170119,0.622282780983845,1048,0.5975505373370639
ENSG00032371,CDR2,56.44920946604817,0.4205264684034803,28053,0.4773631082076293
ENSG00063104,ALOX12,22.583444659665574,0.5810338331527357,121197,0.3636852026573889
ENSG00034998,ALOX15,95.10451782774481,0.5033270927439997,55845,0.3556611924081116
ENSG00081124,STAG2,45.651585777306046,0.2174865292649274,136746,0.5900821538586556
ENSG00036278,FAM58A,82.1381075610226,0.6560415884512216,101032,0.42280392973685155
ENSG00019272,ITCH,54.41312863333917,0.45370902475647845,148820,0.5695415971107628
ENSG00044737,CDR2,32.426156778906545,0.0335489321965704,27945,0.552607760901985
ENSG00074549,RERE,29.967710772840018,0.021620240616979758,107980,0.6238617350086781
ENSG00071154,FCHO2,50.27107012747257,0.17651096927922982,60285,0.6624841019068163
ENSG00082223,STAG2,70.70041639704411,0.9952440427015473,191018,0.4978203881356089
ENSG00087177,NCOR1,93.26864739021975,0.1242968988726052,69033,0.6490964995146654
ENSG00097426,ALOX12,11.131858361754077,0.6280336249227433,25861,0.6616379458862505
ENSG00085315,RBPMS,24.20429190405593,0.6790829690710912,99374,0.5271342713853955
ENSG00083309,FAM58A,36.84451188880396,0.9182419570703759,14796,0.377762442455583
ENSG00028498,MAP3K13,46.46639144214123,0.4771483184660912,114017,0.4918508893275203
ENSG00069317,RERE,12.637259972723813,0.6557138462233315,102266,0.3805299498220474
ENSG00072748,ALOX12,76.29684879008958,0.5386897753451639,166440,0.44409940246118834
ENSG00011707,CEP350,49.89510960057133,0.11477727278094862,197346,0.3561631641319617
ENSG00054582,FCHO2,81.32516486906904,0.12665948173974872,69210,0.6472627199681434
ENSG00034205,STAG2,85.26318965492766,0.23431364078620276,86148,0.6962129719458707
ENSG00033376,PPFIA2,58.180052343511655,0.8470966798879188,11055,0.43646387471488024
ENSG00058286,CEP350,29.92509392918231,0.7393964591398762,53462,0.47609661418013305
ENSG00099977,ALOX12,40.64928078996858,0.31000765917671436,79151,0.6937995213113413
ENSG00057645,NCOR1,65.99143767309978,0.460334008674129,78913,0.691614873552631
ENSG00014249,FOXP1,33.28814588782576,0.5220893270919633,20218,0.3683412449050099
ENSG00058159,KIAA0190,70.59408637082052,0.7786539066625536,10393,0.5862065321880144
ENSG00062605,KIAA0190,51.92128454685358,0.5471006364885921,145728,0.5536568025651647
ENSG00066706,NCF2,2.826021373091947,0.18131505442781248,52786,0.6168262494413466
ENSG00074967,ALOX12,6.431460626973706,0.1359415951352907,163799,0.4538200236171105
ENSG00013992,ITCH,20.205990515053116,0.8379077114231501,154296,0.43331307237046385
ENSG00022236,FAM58A,58.021809435260685,0.1444150193871775,187888,0.48648241394222136
ENSG00003536,FCHO2,4.192128706543885,0.2776342423056358,156764,0.6467287335931792
ENSG00099126,ZDHHC20,80.2454391974475,0.033351752822362135,139161,0.6354244122350693
ENSG00021998,TANC2,28.409561573356925,0.4955615291083283,122022,0.4573078634470111
ENSG00046598,MTR,70.74575058545727,0.9138398806419833,116921,0.5897032410853871
ENSG00086441,FOXP1,70.4458738219398,0.33544756064039216,52785,0.6131216354261056
ENSG00086381,CEP290,89.9518125715643,0.29592011684767516,106473,0.5844739408930938
ENSG00005381,PPFIA2,53.80048284086462,0.6899330114398923,58580,0.5373501396508159
ENSG00047185,CEP350,18.671064242310376,0.8571285215207053,89942,0.45010547478733665
ENSG00053859,CEP350,31.347525729200743,0.5599892483461476,145718,0.6159346232972225
ENSG00035978,RBPMS,47.92269242727845,0.08094854135990093,61119,0.5989386924544389
ENSG00047616,STAG2,97.43820055256656,0.961488074919377,105088,0.40146797126657274
ENSG00086836,ANKS6,4.24014327700124,0.9058078537523242,173820,0.5814079688707754
ENSG00020523,CDR2,27.126213291780175,0.14448363029828049,44381,0.31551412709876475
ENSG00097029,DNMT3B,10.51883829672029,0.13429460104425783,154674,0.41161607337336337
ENSG00075960,RERE,77.36852580237026,0.8458534532324107,46264,0.6597117616379963
ENSG00068349,FAM58A,52.42058681389706,0.9626182922789464,64049,0.45343730466985843
ENSG00009825,SMO,70.6738640211687,0.8423241476273781,37803,0.44093903979008364
ENSG00035926,ALOX12,13.245919249006688,0.27783356578729923,182840,0.3822099015103246
ENSG00095702,ALOX12,91.31766342354213,0.36515123968340857,168959,0.509729733082733
ENSG00084827,CEP350,32.19980526860192,0.010152267338477072,185673,0.5946692016457752
ENSG00035368,ITCH,50.32996722038785,0.7581790447901515,32212,0.5845859215007685
ENSG00088066,TTN,78.37958661587723,0.6568794489397765,102730,0.5201662462133214
ENSG00047046,PTK2,22.80760328218069,0.14617892500801866,105057,0.5496868153262924
ENSG00043831,RERE,33.164876821904386,0.3241588991732596,104425,0.4685683677957512
ENSG00078565,ALOX12,35.43943940644425,0.8477109261733645,125728,0.5670115060173992
ENSG00016813,HNRNPU,60.24640698628965,0.27760836525961163,166236,0.4016487508028266
ENSG00021474,NCOR1,85.53492063107059,0.8438614961034022,151946,0.6636554352416206
ENSG00086467,CEP350,93.01994763691289,0.32383747290525366,174668,0.33195034344915486
ENSG00050052,HNRNPU,32.946793606419554,0.3705728531890806,81118,0.5550892212337086
ENSG00095126,TANC2,39.52157203664528,0.14325079182231926,111464,0.3042913678154444
ENSG00089840,CDR2,7.799846578342895,0.24372427212777292,11706,0.6143723342182301
ENSG00096224,RBPMS,5.039272007716167,0.02630571340773824,38811,0.554045275397606
ENSG00039284,STAG2,98.20679665346277,0.416859237203422,41863,0.5423694488545687
ENSG00051356,PPFIA2,85.62281793246952,0.20912966721080573,52513,0.37182439889789753
ENSG00046878,DNMT3B,61.851231408208804,0.6532336252799044,154465,0.42910182085334153
ENSG00081168,MAP3K4,76.30886382740496,0.8962150435396018,24280,0.46613277541889064
ENSG00033271,CEP350,17.952131563782558,0.4330817265231005,177914,0.542931306882624
ENSG00057386,RERE,27.70305368932231,0.9985354300801259,176587,0.6178406678379916
ENSG00046524,ITCH,72.57081803441119,0.9820319249376828,50477,0.3356644405745816
ENSG00026465,TTN,86.10699692701884,0.9152880534172195,19868,0.6311569144904972
ENSG00018821,RBPMS,43.254042595846975,0.232494693579414,111666,0.6342714000095286
ENSG00048787,FAM58A,60.377173087252565,0.4961268539022302,151249,0.44618093836972045
ENSG00088114,FCHO2,13.316012552858702,0.2083370399285479,139972,0.5154532380997121
ENSG00075010,HNRNPU,83.857152577049,0.24584691566557804,183206,0.3837321940737287
ENSG00085207,Sestd1,20.645328788041382,0.6794959540258275,18992,0.5365111596723453
ENSG00061857,MBOAT2,72.84420401488326,0.5334836913515225,97196,0.4116473131370363
ENSG00070647,CDR2,15.15413594850392,0.3387931533080838,65622,0.38261286337595113
ENSG00006341,MAP3K13,91.92599951078039,0.019734489400165756,123942,0.689036011467177
ENSG00028815,ZDHHC20,73.92984502318201,0.7543698923601704,130619,0.6677796179390765
ENSG00084515,MTR,49.25856243019785,0.6852313006145155,21328,0.4197649783037357
ENSG00042968,KIAA0190,10.140201271774952,0.6762692044730299,71386,0.5176389501257758
ENSG00095505,FOXP1,71.9935079784802,0.06709459555999375,29027,0.554614021848703
ENSG00074111,NCOR2,63.59705428728903,0.33695434010668956,14318,0.4104871249857265
ENSG00057144,PPFIA2,95.01252627291242,0.502040047855007,43415,0.6316417018265004
ENSG00021622,KIAA0190,2.7931253403310707,0.6436025217351664,101479,0.3662189865265234
ENSG00073967,PTK2,78.3360783269918,0.8900495588582146,108316,0.5163532761562359
ENSG00010984,FCHO2,21.167603958807767,0.1216054150125584,14587,0.6474221140104965
ENSG00075974,RBPMS,50.004393486169306,0.5579531484181272,18835,0.6474843578986731
ENSG00022703,PTK2,56.1124924005042,0.7758836413710345,40264,0.609872118561567
ENSG00008739,SMO,83.09054354624004,0.5102460788181329,56636,0.3598581503840039
ENSG00036793,ITCH,69.6495689634241,0.08671901827886164,63981,0.5882710586198144
ENSG00046218,NCOR2,54.20032745907978,0.37169354954263145,137284,0.6402152157791886
ENSG00090912,ANKS6,25.96067697900152,0.8146965997152962,37847,0.3365094560245896
ENSG00055978,MTR,66.72561049295973,0.08417881851068176,73053,0.30879901622657174
ENSG00034375,RBPMS,37.22998670491657,0.9443230455985205,5921,0.656184499203734
ENSG00003505,FAM58A,18.32654516108151,0.4528604806882601,82628,0.45689875591066637
ENSG00017954,CDR2,67.91802093722661,0.37472362955199023,91098,0.30126026654516386
ENSG00028003,ITCH,23.740086221238588,0.7806579095210667,41047,0.6779553084982934
ENSG00067941,ALOX12,18.694559376625964,0.623189059033104,29702,0.4404518264426753
ENSG00066555,FCHO2,99.27153439978578,0.07938375001946762,25710,0.5621059840644759
ENSG00008285,Sestd1,48.551785383904566,0.8705305951336709,75781,0.5400300038182657
ENSG00034261,RERE,10.259222809440837,0.4463574082210052,32906,0.610495825646405
ENSG00096451,FAM58A,42.613415196780394,0.9731132068877516,64674,0.5216635099472519
ENSG00022159,STAG2,8.777034070716471,0.16076076739439094,153231,0.5339901207651786
ENSG00076117,ALOX12,74.94826818175218,0.37274387739494164,88972,0.4035358629770007
ENSG00018552,PTK2,3.915722857999604,0.7730812592674265,185833,0.4513817043803118
ENSG00038987,DNMT3B,27.02624683029261,0.6203922845455039,156598,0.3082245039555726
ENSG00036738,NCF2,45.53983674857838,0.41215378117277646,72911,0.5176145215928422
ENSG00090733,STAG2,22.80300038735621,0.1898054690682277,121866,0.45266057651344793
ENSG00060033,ALOX12,18.432935633017056,0.8240348287012854,167853,0.48343496853852297
ENSG00088160,SMO,30.226538881781206,0.1320057760423644,129884,0.6836554102997204
ENSG00003349,CEP290,41.82900204614827,0.7586134275627764,46361,0.465114532131072
ENSG00085447,ANKS6,62.29077430850206,0.4383786418893175,28890,0.6903856210521668
ENSG00053814,ITCH,14.04086059327585,0.7928042479702235,190852,0.39879328766915084
ENSG00046790,EBP,41.859682931333154,0.4326837174469903,3765,0.33167055423849817
ENSG00074712,ZDHHC20,61.757154210013056,0.23839126113911213,110572,0.6451369959978333
ENSG00049249,MBOAT2,64.70682956085645,0.2171630451847567,17910,0.3124600407965905
ENSG00059165,SMO,84.67825426000823,0.7958200351663626,107801,0.5078613337371904
ENSG00081244,MTR,59.06113398032412,0.6135456383450288,122547,0.4985167093348476
ENSG00053008,FAM58A,22.47655100454239,0.13296964845609016,26659,0.6270931400615416
ENSG00077931,MAP3K4,81.06983236424576,0.38891814733228536,40274,0.4644038829826049
ENSG00020676,ITCH,73.6744826506745,0.4264793009265887,12390,0.5828381448399067
ENSG00070583,FCHO2,94.05170697554206,0.4254102659997736,171103,0.606348434872934
ENSG00082205,TANC2,4.736226018843192,0.37406085269424505,149460,0.4644899290693821
ENSG00056207,MTR,95.341457483687,0.05317625663093717,71194,0.5887679617469307
ENSG00001196,FCHO2,72.51184659184696,0.02778688555404052,55591,0.4850483159507065
ENSG00007212,TANC2,16.081092916916127,0.5309160812611045,190010,0.4431720245377758
ENSG00083549,STAG2,80.35948343154125,0.7966379871888393,61474,0.6929442471482019
ENSG00097442,TTN,85.06490670910301,0.34516053888483944,47925,0.6935639902186265
ENSG00075765,FCHO2,96.11756530818248,0.3676368396632623,52511,0.6066052979727015
ENSG00093982,FOXP1,11.608755150018712,0.5450764464406113,93211,0.6799105356252018
ENSG00030129,ALOX12,35.42175020625362,0.8022379601442171,194836,0.507162552423736
ENSG00061779,HIPK3,32.858542397582035,0.4290863500606884,189244,0.550222897539745
ENSG00040727,PTK2,43.22532190704798,0.31560700380877615,6559,0.5898008040055893
ENSG00042876,ALOX12,66.14292257805391,0.5665918542779912,22373,0.38650231087513
ENSG00039332,HNRNPU,25.47870199418335,0.0007724053695568056,157645,0.33266001411366225
ENSG00097455,CEP350,40.00659609899457,0.8848567901692911,83041,0.5130051878097072
ENSG00046676,ALOX15,97.3881701220434,0.6570045732450803,79225,0.6228590775795972
ENSG00055449,MAP3K13,70.67042619288623,0.1589581603846386,133320,0.4227018262443949
ENSG00079250,ALOX15,40.611612896155414,0.31008710764812875,17871,0.6973148563549564
ENSG00065565,ITCH,96.58471305215545,0.740984777732896,6968,0.30545211414062057
ENSG00042556,CEP350,32.684085991611255,0.30810835091569166,140549,0.5858309077988648
ENSG00024567,KIAA0190,90.67824339159583,0.829746498451961,57120,0.6533549663070035
ENSG00067129,TTN,71.87714282420579,0.28373523358261465,24193,0.3560322551150682
ENSG00060761,TTN,28.131130011792127,0.32331062133184585,118299,0.32630426442584565
ENSG00093762,TANC2,44.12524237822238,0.21884752442647248,196891,0.38095979321937473
ENSG00015392,RERE,80.76034977640604,0.3012866654491816,124924,0.6282258111400967
ENSG00099361,MTR,91.79144528333325,0.39797132662597445,85241,0.44309928440084834
ENSG00071610,ZDHHC20,58.18370203324497,0.5094587977327801,141482,0.6176136045144582
ENSG00046288,FCHO2,44.7414126909081,0.7650946824423052,72920,0.4561538441858264
ENSG00074753,MAP3K13,79.00489313492966,0.4356378505323236,171800,0.5138919763275455
ENSG00090069,HNRNPU,9.835720903918288,0.6094591624432173,111375,0.6631354217332811
ENSG00073149,MAP3K4,45.29168259161519,0.7453331960672154,94720,0.561152266626769
ENSG00081093,MAP3K13,91.74380646639432,0.04783416601130397,49991,0.5701402115726564
ENSG00084031,KIAA0190,40.36980316133827,0.42348507570318794,166394,0.6856814484873519
ENSG00069258,ITCH,52.560983752019055,0.7625951618410437,16758,0.43787957012947754
ENSG00090745,CEP290,0.052801828364301695,0.813349612436038,64902,0.5796379025280481
ENSG00019040,ANKS6,11.970063094921112,0.58283730591125,189851,0.5284071938616905
ENSG00080333,NCF2,49.04835853916265,0.12838961186981213,20362,0.3171368397063226
ENSG00090801,HNRNPU,34.70641105033654,0.20526576726886347,43282,0.4976285962907715
ENSG00085262,ZDHHC20,93.70982964415745,0.10469466199989241,158652,0.4563985142934188
ENSG00012006,PPFIA2,0.09019612885874384,0.24656630987140105,166859,0.4970138203539175
ENSG00077698,PTK2,17.490885575225022,0.11496247601692877,68381,0.6089473765062257
ENSG00052599,ALOX12,50.585954759874355,0.34546516868121513,96417,0.611227673282261
ENSG00083088,Sestd1,31.116856580094666,0.5407431811458319,68468,0.33411554425836787
ENSG00017922,ZDHHC20,35.73932478078154,0.04656413626388678,175210,0.4335545594825687
ENSG00084221,NCOR1,72.4940422089955,0.6101702672618671,97257,0.47135135236767745
ENSG00061954,Sestd1,34.141696601136864,0.23670944375923242,109238,0.5306300682277111
ENSG00054673,PTK2,61.93030006169858,0.8634516482019169,41854,0.3398367130499969
ENSG00029181,PPFIA2,91.73378539824478,0.46435567777955866,32244,0.43915359426068173
ENSG00037540,HIPK3,68.73277945533832,0.13224270754642553,116122,0.3785968938201755
ENSG00008986,FAM58A,29.861138542080123,0.3539555743196461,45725,0.41988342781388477
ENSG00033563,MTR,82.27068103487355,0.012973821694819754,101205,0.4642404283680158
ENSG00093790,ZDHHC20,81.26549869816505,0.5673244363818442,17436,0.4760648536806752
ENSG00077298,EBP,30.569081543258857,0.7383862852515437,57484,0.5311732105733746
ENSG00037672,ANKS6,3.628378857289827,0.018975010808492843,137138,0.49113893873829617
ENSG00016894,STAG2,80.54277740813379,0.8304146024951633,97080,0.5910349293605413
ENSG00021225,RERE,53.53686572105906,0.398587003622873,72693,0.4341466446323228
ENSG00081432,Sestd1,57.74331793237407,0.14837799367313398,175604,0.5581297061566832
ENSG00021556,CEP290,84.64425197470649,0.9098315195657187,56205,0.5466621372938396
ENSG00024701,CEP290,77.37187191184606,0.4069723982906083,119364,0.6324425368247839
ENSG00036962,TANC2,79.03274489510596,0.4131227764058927,155023,0.5291237941372093
ENSG00001477,DNMT3B,57.93024657778497,0.7260627014500616,170129,0.4181723809386474
ENSG00005345,MBOAT2,8.955512690836077,0.971706975673771,141566,0.6262933764774821
ENSG00070761,KIAA0190,3.085375314269212,0.6357238876824254,51640,0.6030033330497937
ENSG00049997,NCF2,57.07681182781952,0.613635928108372,162584,0.3972362135317475
ENSG00064835,RBPMS,96.8392017424508,0.9014181947410209,56890,0.544954635397258
ENSG00059844,ITCH,27.551603317805316,0.45594286778751236,197834,0.309168248708875
ENSG00043033,TANC2,35.308894262407165,0.6858112222831004,157383,0.6042197930084086
ENSG00047003,MBOAT2,17.591758313738293,0.39343406394406166,131399,0.3459961980120977
ENSG00017188,CEP350,47.37539059288004,0.6931752400746218,162174,0.5821904383190944
ENSG00066828,ANKS6,34.155816544938325,0.9182555318521626,85163,0.3703848418534831
ENSG00005036,RERE,13.935675410699,0.3382499406810715,176983,0.39842524344585245
ENSG00051178,FAM58A,33.62033992625874,0.5335593960261247,48675,0.6454545989519187
ENSG00053519,TANC2,71.7089699444471,0.5847400786299946,135618,0.4513153203186975
ENSG00016430,SMO,91.76404783796823,0.8537631034003794,156567,0.569441147017133
ENSG00082048,PPFIA2,65.89745076474405,0.22506610498822266,2414,0.5934518530433417
ENSG00035135,Sestd1,6.247629483350869,0.0992271488704829,152959,0.43212163329106734
ENSG00049892,ALOX12,37.26580660176312,0.9280104738759586,80746,0.4571523271037075
ENSG00052428,KIAA0190,25.91578745490535,0.497240262202964,62237,0.3954614809836444
ENSG00076537,MAP3K13,16.420626530067295,0.23335665284275853,146487,0.5498500804680226
ENSG00002461,STAG2,41.58027858684873,0.4150619776151909,119735,0.6388200505906598
ENSG00006529,TANC2,73.83384003495286,0.19592861027432507,33604,0.6770290724341825
ENSG00070080,RBPMS,40.05097555759609,0.8922883880973558,111884,0.509030936116451
ENSG00097669,MTR,45.10892716341368,0.055126767719551606,155875,0.6529092773437102
ENSG00012512,FAM58A,1.3876975015011506,0.3046002037334553,179122,0.6878500765932044
ENSG00058269,CEP350,56.65703141603109,0.1866502658176009,137031,0.33517119762201003
ENSG00072665,ALOX12,21.346288176561778,0.6903634727971897,17751,0.673315555085182
ENSG00021372,EBP,52.23306609700672,0.9424306978798113,5447,0.48947372976535375
ENSG00059536,NCOR2,85.71613504755081,0.9566061812250144,156015,0.3168823742391281
ENSG00003086,MTR,67.40619152314197,0.4283494950737339,46328,0.6758854903086026
ENSG00042126,TANC2,42.31034358286401,0.6599493728340519,151335,0.5201405362688923
ENSG00034896,KIAA0190,6.717689021132111,0.4340000423932595,88881,0.6177009863874723
ENSG00038181,FCHO2,32.81959401550115,0.8938036505407889,18067,0.4423158830802536
ENSG00024130,ALOX15,57.90435437077114,0.5269562960216281,77968,0.3512829345602204
ENSG00080307,STAG2,99.835227662865,0.08397690240788858,84316,0.6080017748223574
ENSG00062087,ALOX15,28.023876444709984,0.5438396782718502,124370,0.402817840860592
ENSG00078706,FCHO2,78.11296300865584,0.9221557880783168,184388,0.3542834074320355
ENSG00065486,ALOX15,4.289649233498616,0.12202750004160356,11789,0.3386196481127797
ENSG00055910,MTR,7.196201724668494,0.04181135019184923,48397,0.4675886940970633
ENSG00004700,PTK2,72.43406574090571,0.9193880891245702,3846,0.467434454935188
ENSG00004876,ZDHHC20,15.842972824657753,0.6910643371814672,90136,0.5479346125028062
ENSG00088972,KIAA0190,4.682220261336112,0.7833536126815788,68195,0.5858807400827946
ENSG00086399,Sestd1,8.119098504474964,0.3898247229254489,164915,0.32148578016017776
ENSG00041339,STAG2,34.030232134731484,0.444525975417121,70465,0.3793494989865845
ENSG00077539,RBPMS,78.00191166106303,0.5955679696811282,112860,0.6026138860279727
ENSG00000254,DNMT3B,6.225804090098153,0.7080890637209424,185655,0.501093499170626
ENSG00028142,NCOR2,67.65804158650579,0.7380869887919103,62765,0.6079856886550943
ENSG00090403,ZDHHC20,36.88620013014682,0.20999538752265334,143544,0.3833928751310535
ENSG00060910,Sestd1,97.14923133232747,0.08705446355920654,197095,0.5211213481471482
ENSG00044212,HIPK3,32.93020630681458,0.8405377479759264,84274,0.4339514364864608
ENSG00096976,MBOAT2,58.46583118789454,0.7589452456099879,175162,0.46115581333485706
ENSG00035604,FOXP1,51.63952002606833,0.7094447025754298,5209,0.49339747582781346
ENSG00066591,CEP290,68.14147649798593,0.4285409462748856,11376,0.6657482935989918
ENSG00054285,EBP,64.01448020432453,0.5192564254225487,19522,0.5820755322127202
ENSG00029855,ALOX12,90.46813664219124,0.9128966832243943,103313,0.44285114014180516
ENSG00094266,CEP290,13.710004407380627,0.999850940949429,58182,0.5491456065424776
ENSG00008934,HNRNPU,44.09093028857425,0.4387313091532,58879,0.48787065319485445
ENSG00061354,MAP3K4,60.18759802850469,0.7766725226232292,175580,0.6404713761830247
ENSG00034191,EBP,20.19124935232195,0.37627103461205413,118171,0.3746054866661403
ENSG00067441,TANC2,16.396326233233783,0.5451138764375464,48652,0.38979060804039467
ENSG00011644,MAP3K4,94.02098590075143,0.19015402341842846,179891,0.5467287352309183
ENSG00080955,Sestd1,35.18274913046062,0.7900202290255691,17239,0.47349757225211053
ENSG00090730,MBOAT2,20.147254516898194,0.08206500096777891,176551,0.4640523303528715
ENSG00050588,ALOX15,3.8882520648668373,0.12638809505857784,17586,0.6727587840129323
ENSG00072473,NCF2,40.976184383568615,0.7551792219325499,175705,0.41816474655178415
ENSG00091176,HNRNPU,66.4650164192261,0.12914347660325332,21288,0.6534630595396009
ENSG00042175,TANC2,1.5706549284618898,0.8217685924645683,43134,0.45240967342082455
ENSG00016684,CDR2,12.496902452467317,0.8710082118326764,64322,0.5365640913162041
ENSG00049115,NCOR1,86.81935828766203,0.4672252386528578,36894,0.3383228979596138
ENSG00035048,HIPK3,96.82977994406764,0.06548205749607772,96425,0.32095917001455937
ENSG00081686,ALOX15,14.709629371778021,0.2545513653309509,73007,0.41260518348063147
ENSG00046920,CEP350,16.791904996398287,0.30666210161404905,61173,0.400336256910777
ENSG00067718,ANKS6,78.7307272174258,0.9344551620659355,46491,0.55385931378708
ENSG00088361,RBPMS,88.06101631126204,0.6748067089793013,176499,0.33305407799054304
ENSG00095529,MBOAT2,95.70683587571695,0.08100171252292443,10954,0.603657278207741
ENSG00072649,HNRNPU,59.93871387694934,0.6976878251774322,169885,0.6023912094496409
ENSG00001877,HNRNPU,40.75574833280976,0.6495450538793741,154607,0.3779164516311304
ENSG00097950,NCF2,86.49577892292535,0.3252771254147029,17470,0.5715916273575099
ENSG00018654,FOXP1,89.05418525964778,0.4301627326232982,46007,0.3234862537408259
ENSG00066856,CEP350,12.214816377217385,0.16653060190536328,169577,0.3686945316434642
ENSG00049159,CDR2,6.673248762352113,0.8174225581832815,31798,0.5465095582975805
ENSG00041392,PTK2,75.83883141267029,0.40205720519825205,187727,0.5112044999256664
ENSG00099346,FOXP1,43.326840686205884,0.7584107135547324,143858,0.3416232553270002
ENSG00022330,TANC2,0.05585717549076996,0.5533105884662659,16557,0.6075829729186151
ENSG00043315,Sestd1,37.872431348490245,0.7872846090746167,147851,0.4442295385400633
ENSG00072912,HIPK3,75.38252233786969,0.08415465449733495,185638,0.5646612744624702
ENSG00011430,ALOX15,77.91032410184907,0.5965842355723474,197071,0.5629004672979822
ENSG00010227,CDR2,76.66676920664659,0.06784890491385254,145088,0.5813547235107307
ENSG00093541,EBP,12.537048943056739,0.33636895971653047,193574,0.5308706447796191
ENSG00014294,PPFIA2,90.96469235976909,0.7711996836401885,105078,0.5312961904751645
ENSG00025181,HNRNPU,12.682830382438116,0.35418465285851164,151589,0.5408926457890357
ENSG00058628,ZDHHC20,61.89248287065705,0.8096464777306226,12798,0.5133206604512952
ENSG00004269,FCHO2,64.33901028952718,0.24213556353186994,193030,0.4828541808951826
ENSG00074935,PTK2,35.30257971732487,0.6739221050258148,5226,0.48065875060855257
ENSG00025816,MAP3K13,25.41614439447317,0.19920602837863743,57910,0.5136101310801844
ENSG00017660,MTR,2.4280779437639843,0.3696039664001787,82827,0.41596048625065607
ENSG00012983,TANC2,40.90036035337502,0.18513944852360398,121516,0.5890154464735164
ENSG00037682,MAP3K4,87.78213025127003,0.30973234150273143,131139,0.36425664576292094
ENSG00049650,MAP3K13,93.63318378118451,0.6700296842284552,186597,0.33560443410022855
ENSG00079967,CEP350,90.814972566217,0.7375368231499283,136746,0.6746225975529427
ENSG00087646,CEP350,30.03384380222396,0.369441662416353,97047,0.30542220144666193
ENSG00078671,NCOR2,58.56347095433413,0.02980961478099098,77075,0.3208329379703468
ENSG00000710,MBOAT2,27.850047855581327,0.18749127378259267,138791,0.42204684865697245
ENSG00074610,FOXP1,17.60102585458061,0.858327185954343,97381,0.5798025708011786
ENSG00032092,HIPK3,21.25531486504517,0.4013246753405938,70715,0.4652997392562177
ENSG00045830,TTN,12.007586425817019,0.08427660665919778,66609,0.35323727478481376
ENSG00028756,FCHO2,79.51515269380693,0.568974059944855,129492,0.5584109613110833
ENSG00072304,HIPK3,56.788487111778686,0.9235319349681702,185367,0.6651838785277834
ENSG00034658,FAM58A,67.66395955543496,0.7503083763925867,137418,0.6755060660425923
ENSG00020128,FOXP1,35.891090090933744,0.6322534126295388,49820,0.6338018653041728
ENSG00061913,MAP3K4,58.75846810190032,0.6783973388206405,104805,0.3035830254324037
ENSG00023932,STAG2,85.26669045832098,0.6285267191970831,34235,0.5447402960436238
ENSG00000200,HNRNPU,6.846206237622521,0.39868658499173715,23994,0.32573928337515623
ENSG00022635,DNMT3B,16.48265204807362,0.6868242232311818,23648,0.5489915339485804
ENSG00003097,CEP350,14.83454230662733,0.27181269869578084,43282,0.3862170541611827
ENSG00089680,STAG2,69.70215345359223,0.07836348410923033,199578,0.5567278183079929
ENSG00000750,SMO,12.864798131680889,0.7820412073010574,192352,0.5911895886638148
ENSG00030760,FOXP1,2.5666463909339354,0.2147573441531887,109521,0.5194595680841034
ENSG00009995,HNRNPU,40.61988114606556,0.5732312741377994,27673,0.48515358991322
ENSG00026993,MAP3K13,61.873614503108435,0.6913558759172038,47733,0.5838348227886244
ENSG00076110,ZDHHC20,70.59305022626731,0.9156521473099614,25583,0.5536668153992035
ENSG00003794,EBP,8.355214370288678,0.22176452593037155,169313,0.48201256914479407
ENSG00072491,HNRNPU,77.01753580962838,0.4738349447065129,8414,0.5655034881857286
ENSG00018465,Sestd1,47.96263327223799,0.7539062634476853,99514,0.5138209300281522
ENSG00042682,FOXP1,17.159821325053837,0.9428724727981488,92727,0.5113550911891898
ENSG00033043,EBP,46.809265084988304,0.34357455105917567,52725,0.637663062382869
ENSG00091774,RBPMS,70.45587490651677,0.41270512850940577,141034,0.4695152098504163
ENSG00007747,PTK2,66.9720741163368,0.20183358233927284,147212,0.32991776822454355
ENSG00074552,ALOX12,79.22246718257779,0.4988287732782618,67250,0.6685955301672963
ENSG00069519,HNRNPU,9.04334817060166,0.7905473031273378,40585,0.3042100360169966
ENSG00047883,HNRNPU,83.60282845909407,0.08182650816526948,30212,0.3725377237648128
ENSG00094107,ALOX12,58.710619415534424,0.4787016619865898,78037,0.34274758778523384
ENSG00083221,PTK2,40.24284441685185,0.7831703005607958,193803,0.5185389248533117
ENSG00056389,MAP3K4,85.5000406592306,0.4977895458219336,109502,0.6840791241117139
ENSG00010377,FOXP1,86.14442092096502,0.20624333100554848,99891,0.516967199051092
ENSG00036324,KIAA0190,40.15744547945504,0.14850151625296726,1078,0.386359164352627
ENSG00025041,HNRNPU,34.61160674749679,0.7248896589637451,73822,0.6865791229388243
ENSG00060562,NCOR2,81.90010655155507,0.8311304650824154,8586,0.3903023624873604
ENSG00033856,FOXP1,82.71126954803042,0.29782201075056614,56473,0.659258295450653
ENSG00060921,STAG2,91.7998952088004,0.6061998528072413,30094,0.30101678530082876
ENSG00063358,EBP,1.5217054052760859,0.5980753977970704,141375,0.6867572043560489
ENSG00088314,NCOR2,3.5351538783271685,0.67001441511013,23215,0.5778268303329814
ENSG00037993,EBP,36.325347748364955,0.37463077064025174,103138,0.3017376159989875
ENSG00070403,ITCH,67.92740888241644,0.9789610200607033,8258,0.6697284099691929
ENSG00012577,CEP290,33.4523657269028,0.8611104464834454,84259,0.6155095959698433
ENSG00021394,MAP3K13,9.528800805672944,0.10759065382415511,87171,0.6407592869494522
ENSG00050548,MAP3K4,2.23465323291393,0.14438954975284157,47174,0.6272737791162994
ENSG00084896,RBPMS,10.015044823940622,0.6732954936587298,3627,0.4146721188944569
ENSG00049111,CEP290,96.89020678597701,0.3571969766898243,13977,0.4252556392170009
ENSG00094511,FOXP1,34.604021009378485,0.8251578867295102,4019,0.5114726531152867
ENSG00002150,RERE,60.771251985576455,0.6436361629998718,176158,0.3342489115723393
ENSG00020298,NCF2,62.67626698231141,0.6009736628210061,150955,0.558409270362175
ENSG00009536,FOXP1,86.89321895529532,0.04105833668800252,44522,0.4184905602405509
ENSG00033493,STAG2,24.67024057299775,0.2579152877913494,124958,0.363903445460905
ENSG00092481,CEP290,33.18071628539564,0.8396046236767177,61037,0.3161885636867661
ENSG00032704,FAM58A,93.98601865013657,0.49756282138012775,82008,0.4303392185597644
ENSG00018666,MTR,73.22643443643528,0.0999739725376777,35528,0.30606866565830676
ENSG00030794,ANKS6,75.09748058706613,0.3228102178419716,148403,0.6591038687514362
ENSG00099724,MTR,0.34112397105717784,0.349256311065386,96983,0.36008743087200973
ENSG00099042,ANKS6,97.45270681706043,0.8043569362694506,96746,0.32838550413452305
ENSG00053537,MBOAT2,89.3036168676086,0.29343041705876516,33008,0.3678618894532155
ENSG00085926,FOXP1,19.494034189471733,0.43418049763792443,12625,0.3448591342717603
ENSG00088248,PTK2,28.10913183191608,0.6436541615286504,183172,0.6851804541963876
ENSG00095001,MTR,8.083159754755142,0.44554516932019017,20744,0.6398025412330596
ENSG00091491,DNMT3B,88.54151960933618,0.5364447796985551,61213,0.3865536987261169
ENSG00076599,MTR,8.237109984114099,0.6284295215315291,131499,0.5552199945611351
ENSG00042890,DNMT3B,60.41186281151189,0.5739166686812457,196800,0.47374229047106825
ENSG00098451,MBOAT2,1.318287045929356,0.7590532835969304,72970,0.31116625372157986
ENSG00023591,ZDHHC20,61.66637981417459,0.957502610343461,38575,0.6408596485689245
ENSG00041951,KIAA0190,88.808839825362,0.24395602546781925,73106,0.30183397396223666
ENSG00052655,PTK2,58.85460514979752,0.7198861137867217,161801,0.45597511248069184
ENSG00007731,ZDHHC20,43.84459436322982,0.17641936276179138,184223,0.661184768498029
ENSG00044947,MTR,67.69954582881405,0.14267241708308598,151294,0.3541322476846347
ENSG00038629,STAG2,37.210198456425495,0.8237691399065332,164841,0.44016501545222486
ENSG00027056,NCOR1,29.371403074866553,0.5909426381070695,195645,0.3828659565343459
ENSG00013618,MBOAT2,19.71074810683453,0.874491339078995,49355,0.3582056190091104
ENSG00078717,FAM58A,16.129873045623487,0.5344777909870247,195253,0.41603943645999714
ENSG00026960,KIAA0190,57.39499741172984,0.7246265008323791,128755,0.4709873468573525
ENSG00076916,CDR2,89.35130603665749,0.7826495797447965,23465,0.6260289469615691
ENSG00043977,ZDHHC20,18.212933516605535,0.40974327895095697,152219,0.3186530259744381
ENSG00044814,CEP290,1.3164757921409698,0.5531940360811888,15766,0.46267138087258264
ENSG00016345,PPFIA2,45.11944294382071,0.6292355280251907,80292,0.4939020802975903
ENSG00053451,KIAA0190,31.438610163229907,0.7098738491000944,131926,0.4403235519896056
ENSG00032879,FAM58A,99.66719953273855,0.6153063767351232,46749,0.37948472492528684
ENSG00087692,EBP,32.90503808574354,0.4791211427121981,111054,0.41987273062393177
ENSG00006316,NCOR2,83.72788234874075,0.21469150546567684,70067,0.6442582079395737
ENSG00091550,MTR,0.5044432566659762,0.8049500718235149,122243,0.6125517032013281
ENSG00005037,TANC2,2.0882048018343258,0.39724701527158646,134182,0.47803650154291316
ENSG00089020,MBOAT2,94.80435312839431,0.8607814699807043,172243,0.3772511551620315
ENSG00064002,PTK2,52.45862701508275,0.04773985983130391,158367,0.6701305701509608
ENSG00021401,STAG2,89.39961582158564,0.11297576869736548,64530,0.3819843849713672
ENSG00017506,MAP3K13,23.62221247757098,0.35282395465464034,120845,0.6770792296570456
ENSG00036379,Sestd1,64.70142694875307,0.14807147308686086,34160,0.6302413010792542
ENSG00058728,NCF2,37.60617792679489,0.9391535533681774,137552,0.3675726236302948
ENSG00076648,CDR2,10.481888532054873,0.5310277631353857,166805,0.5091905508035037
ENSG00011490,Sestd1,69.27452961647013,0.0607516710250523,20566,0.31883974913805047
ENSG00000625,HNRNPU,95.44071152244072,0.28435754183304285,26168,0.6902013483208997
ENSG00082865,SMO,6.903619990731036,0.6749297523864338,106763,0.5099541462711161
ENSG00075694,SMO,99.81095114703005,0.8236489555031017,26216,0.3028583748575165
ENSG00042551,PTK2,41.12376817489063,0.32444660632335587,87897,0.40956761757690996
ENSG00004571,CEP290,0.5505577537898931,0.9639055334845031,153495,0.3871753022635503
ENSG00098856,MBOAT2,26.50718629659061,0.38046727748537557,123987,0.5599522944586388
ENSG00065805,PTK2,27.613179557519786,0.5800997812773839,16052,0.4038090949079578
ENSG00090847,MBOAT2,26.860844343371138,0.060885076110100966,107517,0.6630367145138369
ENSG00019127,ANKS6,30.386188173067406,0.785664305263008,75680,0.4098589230119409
ENSG00010208,ITCH,83.78133016077331,0.8161923982007592,187546,0.6986411276586287
ENSG00000816,NCOR2,53.14400572488982,0.7442893905341925,59825,0.6651229421965084
ENSG00047419,ALOX15,45.01099854505456,0.6717299300516366,154873,0.4865232944939547
ENSG00067859,RERE,20.485679692582025,0.06698226529765483,144690,0.5899611342305437
ENSG00078616,ALOX12,17.3470778682983,0.3942443466588609,162850,0.41330695817757973
ENSG00067227,CEP290,48.91847388897587,0.5303968820462812,111312,0.6523399976951902
ENSG00028367,NCOR1,57.0325711069665,0.22100794146231972,145162,0.675855686267111
ENSG00098326,DNMT3B,16.983207289904,0.9190164156933036,79435,0.446512866160677
ENSG00089710,CDR2,52.85550589799535,0.9292968728185202,84327,0.6638954102216026
ENSG00015350,MAP3K4,22.006241051915588,0.8438459370935681,168374,0.6689129016971267
ENSG00067765,RBPMS,49.665139705287395,0.8408404923063935,147756,0.6236475085287256
ENSG00031957,FCHO2,16.229564113321803,0.00559679875585406,170738,0.5616621001478941
ENSG00061883,NCF2,41.668077208588926,0.743084259146202,35941,0.5256507837910662
ENSG00032432,MBOAT2,27.954422902940777,0.07297478394002854,46605,0.3044098939739518
ENSG00089613,TTN,77.14169712694604,0.4692118709838231,97888,0.43422176010345676
ENSG00099608,RBPMS,3.736456617363715,0.1735504704188302,95206,0.37883246265938864
ENSG00081534,MBOAT2,54.672491670705156,0.2434188581538318,24959,0.5056992329474039
ENSG00094198,FCHO2,29.492323582671386,0.751463238085124,117016,0.4238361621067254
ENSG00093075,FCHO2,75.58972678096028,0.4026969557617831,139949,0.33565256213132705
ENSG00088434,PPFIA2,49.0998236913824,0.4939203366965226,184663,0.5740555857315383
ENSG00051841,NCF2,24.345383036641387,0.05664331023499114,47622,0.37004074116559615
ENSG00092281,MAP3K13,71.02436681860145,0.8701446588364334,188914,0.6803836591266881
ENSG00002241,TTN,98.52021592232529,0.1793913038498578,10727,0.6718731105644498
ENSG00078818,MAP3K13,42.58214557231192,0.22777715082210692,143337,0.41281932276785077
ENSG00090613,FCHO2,94.67706858570834,0.302142099333476,54789,0.5865830966016259
ENSG00080006,ALOX12,39.86386103405993,0.001863216712100657,71177,0.3702884838347953
ENSG00066329,ZDHHC20,33.66597179197831,0.3475961677274093,56663,0.652198907817497
ENSG00031352,NCOR1,23.460682954684952,0.2380235911802453,182610,0.5708644784182476
ENSG00062415,EBP,50.678275427505405,0.7173493638071075,23628,0.6826511975901289
ENSG00068309,CEP350,25.197962075911008,0.33068467579519,175978,0.5528540093956801
ENSG00051750,ZDHHC20,56.19569379056577,0.2781770455622171,41062,0.5915585966569357
ENSG00013913,DNMT3B,92.75486699075432,0.1468080036320033,16558,0.3613090399121126
ENSG00096971,ALOX15,95.46350646328278,0.2673302605722947,37502,0.5500717087533062
ENSG00004202,FAM58A,34.11586438072872,0.1467945194282676,139341,0.5195685590101071
ENSG00061079,PTK2,99.74353815409562,0.5510418180004955,188499,0.6093529188903649
ENSG00091116,DNMT3B,33.5099468675194,0.7483890455552668,75250,0.5519871754676424
ENSG00032994,MAP3K4,93.95130526361812,0.37981760726024316,127467,0.3876407107239072
ENSG00048798,FCHO2,13.291760091602212,0.4394942415829014,120360,0.49569808627766165
ENSG00077403,CDR2,74.05516313964895,0.5359485170754373,128247,0.6306181252517933
ENSG00030875,ALOX12,24.77640369821046,0.7356716224611847,70115,0.47547905990034856
ENSG00001259,MAP3K13,3.468239697223452,0.7414762546623428,54417,0.3924098974621496
ENSG00008910,FCHO2,64.09646334458292,0.4794784194380356,160791,0.5738791659936828
ENSG00068435,CDR2,1.5785358224708723,0.9011642504990521,185741,0.659180952059451
ENSG00080987,MTR,55.786948490913076,0.3347225295644324,148976,0.4828205968493843
ENSG00091922,MAP3K4,59.143139389146704,0.10903153926566345,179699,0.5613539859917347
ENSG00029086,NCF2,26.80459320838169,0.6889078563934442,181785,0.4428799772030274
ENSG00085702,FAM58A,38.91827804669698,0.8023278690162658,74864,0.6191263895520476
ENSG00084570,MBOAT2,52.92537585004502,0.09877731595044026,10104,0.6434392166473218
ENSG00014395,NCF2,66.28592118614574,0.5895977508836898,172451,0.45958107654304975
ENSG00088910,SMO,44.02220170370818,0.07468189534469316,110241,0.5596911177688159
ENSG00020328,ZDHHC20,99.3339603519415,0.20030405346859315,84537,0.4933202827901366
ENSG00046417,HIPK3,32.05591432694066,0.9924258355569999,90449,0.43034585703260414
ENSG00054659,KIAA0190,5.238044424558974,0.13137618568886866,145360,0.4288847830709005
ENSG00078917,Sestd1,26.15908889814027,0.10678786866025547,154968,0.4308224122090047
ENSG00053457,HNRNPU,17.038530443395462,0.8519150555844476,77121,0.6482803400972958
ENSG00005032,ZDHHC20,88.16727537413942,0.08668093106037722,174399,0.37133464735909505
ENSG00089935,NCOR1,93.78911287191511,0.957491698775683,73401,0.4114488121413583
ENSG00077804,FOXP1,44.88730861975525,0.36886288838760173,79196,0.4416987910979713
ENSG00075932,FOXP1,17.766263075705012,0.140769776136895,174553,0.49992519343509934
ENSG00069529,DNMT3B,49.8054954193521,0.35856505204401834,155172,0.50632429592321
ENSG00034251,DNMT3B,0.0367720813383543,0.18166218564289272,36433,0.4225675292657551
ENSG00016401,PTK2,17.68092382190374,0.1097024222358608,88310,0.6526238604669755
ENSG00003549,RERE,67.26351913239306,0.6018803332995504,46991,0.46348224576207936
ENSG00068525,ZDHHC20,77.49359836462338,0.8311652123486901,94884,0.6087919561189357
ENSG00052802,ANKS6,9.778016012459345,0.3031568747167651,168764,0.5040495528171471
ENSG00008788,ANKS6,81.03464155105806,0.23356117632895934,107857,0.5020748309356858
ENSG00062104,ANKS6,56.19638445633467,0.9204469889633065,51531,0.6666553803963384
ENSG00029450,FAM58A,54.622439299839684,0.7455388211984574,53377,0.34137231453745565
ENSG00096185,RBPMS,38.13335046789754,0.40344957950384563,67531,0.5288453519664029
ENSG00099268,NCOR1,53.95358663266161,0.6768375997628976,180064,0.3920160499523987
ENSG00064397,CDR2,69.11891711694025,0.5359048517496621,22256,0.5944244100944314
ENSG00095044,NCOR1,21.198031499404745,0.6396917335083045,166821,0.3910049166527882
ENSG00036081,RERE,78.01416732454513,0.054879104612210794,59440,0.3935320451720154
ENSG00044907,STAG2,34.99003639349193,0.6273223759076023,39540,0.5794687593581739
ENSG00074789,CEP290,54.02289269378409,0.8654825505957807,3036,0.5301053293612231
ENSG00033587,MAP3K4,98.83705234405925,0.0013517951910214654,191168,0.30018408326135837
ENSG00076495,FCHO2,36.108149211867456,0.9523803214240746,3715,0.5850142032187795
ENSG00058624,TANC2,95.85105726016934,0.8889996109472006,76178,0.43109305377846857
ENSG00034154,CEP290,1.2996069790603082,0.7482133188011063,152403,0.38957989195460657
ENSG00034729,ALOX12,18.560601856900227,0.5092230813639442,100880,0.688394290211552
ENSG00010449,NCOR2,83.82607270114441,0.683261854235045,37094,0.6127856886094805
ENSG00060929,RBPMS,3.5213643430621833,0.1133531981693574,61451,0.6272419693633247
ENSG00015045,RBPMS,97.57708511003045,0.8929284626119047,146646,0.3879827315356186
ENSG00026307,CEP290,3.6713883775030487,0.23839544765343135,109260,0.5643959299882679
ENSG00000049,STAG2,74.22120669459441,0.6563602808971515,6881,0.33922857259299133
ENSG00093556,STAG2,74.45416383104596,0.3405490183254689,42438,0.5675138732728712
ENSG00069587,MTR,95.29108615743161,0.48347808460111497,48090,0.6913444668317738
ENSG00003456,PTK2,14.606188661488073,0.9923762280477019,147584,0.3115356186994517
ENSG00053932,PPFIA2,34.4718721912277,0.6248638010016164,123521,0.30609321619537555
ENSG00072293,PPFIA2,14.208679186496564,0.6258852330603412,186153,0.39070101197304524
ENSG00086551,FOXP1,71.68032584609026,0.8323119126061687,60730,0.37281737683537314
ENSG00063604,NCF2,90.702273376871,0.48443194688469726,18954,0.35965137240699024
ENSG00022511,HNRNPU,85.43518644481289,0.6965170990542952,111087,0.6301896213215166
