circrna_id,pathway,pvalue,enrichment_score
circ_00000,MDA5,0.02159643323912336,4.031321468553499
circ_00001,TLR7/8,0.004270857313202843,4.7436672167794995
circ_00002,TLR7/8,0.039784799076389765,4.891938407586791
circ_00003,JAK-STAT,0.03803292520944773,3.1083796401187467
circ_00004,cGAS-STING,0.02867821897548387,6.8076833869551265
circ_00005,JAK-STAT,0.023613472797574524,5.85310646084795
circ_00006,MDA5,0.009142594343614995,9.496854981539006
circ_00007,JAK-STAT,0.0463346197466215,3.034705435760255
circ_00008,JAK-STAT,0.00947466317332005,8.400568631948357
circ_00009,RIG-I,0.009067086457804328,3.0189778946606456
circ_00010,RIG-I,0.020163431532128993,9.048889547835392
circ_00011,TLR7/8,0.023315612529106123,8.733567523809432
circ_00012,PKR,0.03952103487705236,1.7265994709953638
circ_00013,MDA5,0.034318375265093175,4.463076135524011
circ_00014,PKR,0.019615309899057094,8.454564724471243
circ_00015,JAK-STAT,0.012838701969621228,9.327668560631938
circ_00016,cGAS-STING,0.03013556406406981,8.51637700993355
circ_00017,JAK-STAT,0.016573470751027164,9.151564133582328
circ_00018,NF-κB,0.007251639603595589,6.3510220915661435
circ_00019,TLR7/8,0.017070482973207585,2.1739243741556935
circ_00020,RIG-I,0.04629136677926197,5.335401565397614
circ_00021,cGAS-STING,0.03464751558742745,5.572650880518371
circ_00022,RIG-I,0.03398848853911898,2.7669896238789367
circ_00023,PKR,0.011145919015954613,6.397606229519363
circ_00024,PKR,0.04214485309473806,8.036662164638173
circ_00025,RIG-I,0.01656413173731054,5.5086118702181395
circ_00026,TLR7/8,0.009244068803603279,6.436381815169728
circ_00027,JAK-STAT,0.034703631664953695,7.467225043179501
circ_00028,RIG-I,0.01532493921699524,4.543781934160311
circ_00029,TLR7/8,0.03764828090681505,4.428099390009361
circ_00030,MDA5,0.00879742895089821,6.8505364210834525
circ_00031,PKR,0.01359742058245635,4.007431195412725
circ_00032,PKR,0.03446158852731758,2.814164495402113
circ_00033,RIG-I,0.013764945499803661,5.003403751887417
circ_00034,JAK-STAT,0.01748931924173149,8.99239847782059
circ_00035,cGAS-STING,0.01324800145755992,7.578204597474997
circ_00036,MDA5,0.014825482817833694,8.892862879333762
circ_00037,JAK-STAT,0.0010092753722544029,9.07727039295432
circ_00038,cGAS-STING,0.02582188753697498,7.531205757230968
circ_00039,PKR,0.034546294080333696,8.97838808223285
circ_00040,MDA5,0.02476095484767847,7.528424366627861
circ_00041,cGAS-STING,0.0196758441934092,8.562397739480774
circ_00042,JAK-STAT,0.017437211504334787,5.622144683969734
circ_00043,TLR7/8,0.016406822671641844,7.961172774388053
circ_00044,PKR,0.04047210473554746,2.6869304840407247
circ_00045,TLR7/8,0.025769348164985915,9.631983508200474
circ_00046,MDA5,0.032104779075650985,5.029885022670702
circ_00047,JAK-STAT,0.009625244364606777,8.42272713593772
circ_00048,JAK-STAT,0.021746201973186056,8.225763759990876
circ_00049,PKR,0.020676570650853862,2.525102140782151
circ_00050,MDA5,0.03231108315282993,1.3162752022000304
circ_00051,RIG-I,0.041219607498867133,4.395025419501185
circ_00052,MDA5,0.04843306984903183,4.100221500137022
circ_00053,cGAS-STING,0.01207198834170025,3.3536773558241837
circ_00054,PKR,0.003658501082252706,8.380038714517022
circ_00055,JAK-STAT,0.028146519501737365,9.814899000037284
circ_00056,RIG-I,0.039019720843010794,2.361260514065467
circ_00057,NF-κB,0.049828964237467376,8.590193174756095
circ_00058,RIG-I,0.01286870080700329,7.727633897268234
circ_00059,PKR,0.03611585280631039,6.865066897614702
circ_00060,RIG-I,0.020104224811431565,9.159676444040848
circ_00061,PKR,0.033396101978667644,3.777507628928063
circ_00062,PKR,0.030594791374910082,7.032995075432942
circ_00063,cGAS-STING,0.01295415483629343,4.387095769620951
circ_00064,JAK-STAT,0.030042789229798545,3.4123581987108147
circ_00065,cGAS-STING,0.04954952027446741,3.932089331523618
circ_00066,MDA5,0.04214077681186625,1.2500870993265112
circ_00067,NF-κB,0.03372061628420587,6.850804738182454
circ_00068,RIG-I,0.009766756574712415,2.8785715285971385
circ_00069,MDA5,0.038501053357349775,3.424175262933088
circ_00070,cGAS-STING,0.0018496541859966426,6.084844025096339
circ_00071,PKR,0.034068350632951966,1.7425130230160257
circ_00072,NF-κB,0.02773597925517245,9.134268103486692
circ_00073,PKR,0.02791123244556584,6.3436648314426085
circ_00074,JAK-STAT,0.022767172492990307,7.747848870214829
circ_00075,RIG-I,0.01945890234719939,7.732783996208806
circ_00076,PKR,0.03329910789675171,7.275190093985161
circ_00077,TLR7/8,0.007695846322103507,3.912905277225498
circ_00078,JAK-STAT,0.04677726504769445,4.155283358827918
circ_00079,TLR7/8,0.019306954983202448,3.729410917060514
circ_00080,cGAS-STING,0.02728310593746894,4.0315331507106364
circ_00081,NF-κB,0.04430383527078152,1.641983045514066
circ_00082,TLR7/8,0.027012678823782506,7.683391816873835
circ_00083,JAK-STAT,0.03320569763945474,5.725758170050065
circ_00084,NF-κB,0.007158456371130713,3.7030617542294424
circ_00085,JAK-STAT,0.012656655896453397,1.1770891944847566
circ_00086,PKR,0.004683656578949446,5.393364029789397
circ_00087,RIG-I,0.041223951747621,8.47665419849023
circ_00088,JAK-STAT,0.029165890192748282,4.9679880765045645
circ_00089,JAK-STAT,0.010096527066246253,3.6429140077635473
circ_00090,NF-κB,0.030217877544964654,4.9807536586663455
circ_00091,JAK-STAT,0.011341904218082326,1.55570557071719
circ_00092,RIG-I,0.004780379348794037,8.390276903538782
circ_00093,RIG-I,0.016845192192847202,3.159579868465425
circ_00094,cGAS-STING,0.012659087146313187,3.294953276306644
circ_00095,NF-κB,0.04625996817198353,7.069860698044491
circ_00096,cGAS-STING,0.005357790484256699,8.241546955273936
circ_00097,TLR7/8,0.0295768038813346,5.1046244866158474
circ_00098,MDA5,0.04936504247554885,8.622540726831222
circ_00099,PKR,0.043204976418331625,2.5393048588679394
circ_00100,RIG-I,0.04461932485199275,6.310036612891336
circ_00101,JAK-STAT,0.01632654990509059,4.662232744115988
circ_00102,RIG-I,0.005163287747818158,8.053923750625348
circ_00103,NF-κB,0.01836498395573794,3.7219830038484973
circ_00104,PKR,0.0025024911162346126,6.9192351574098
circ_00105,NF-κB,0.02756029472197004,9.526380291239322
circ_00106,PKR,0.02359578099001267,4.654373529175286
circ_00107,PKR,0.006886100123796875,3.686087852279051
circ_00108,NF-κB,0.007290886150671404,5.899643778095296
circ_00109,PKR,0.030710476686544298,8.822131409560221
circ_00110,JAK-STAT,0.010277165955166801,4.761951508925791
circ_00111,NF-κB,0.011972547295674468,1.2279901403538425
circ_00112,RIG-I,0.022321176040041926,1.3942157454469848
circ_00113,cGAS-STING,0.009657473588986804,1.5194361126411589
circ_00114,TLR7/8,0.003270065642469397,3.27837834739062
circ_00115,RIG-I,0.005821757239350368,4.9666114638059335
circ_00116,NF-κB,0.024742007922088482,2.2554862421927333
circ_00117,RIG-I,0.03846874025851993,2.0322952131408174
circ_00118,PKR,0.03199769700581792,1.9756911468672191
circ_00119,cGAS-STING,0.030981062079962617,5.013710427397284
circ_00120,RIG-I,0.04016726634947029,9.944708573535857
circ_00121,JAK-STAT,0.04039977308849,4.643664126814421
circ_00122,TLR7/8,0.019183318250444184,8.268466951702129
circ_00123,cGAS-STING,0.00943291249257222,8.643719472248838
circ_00124,NF-κB,0.031108768804318305,5.474078510730828
circ_00125,NF-κB,0.04972555555650238,6.529449016606788
circ_00126,NF-κB,0.0018918408378968531,9.37052020966942
circ_00127,RIG-I,0.027508405634653926,8.4164808448301
circ_00128,RIG-I,0.046867388891248446,4.875734288680768
circ_00129,NF-κB,0.03722080909803826,6.5340051334048805
circ_00130,cGAS-STING,0.004808996006037916,8.965383159849729
circ_00131,PKR,0.011268399156043822,4.105250541090862
circ_00132,MDA5,0.02656475756367642,1.7179690114336286
circ_00133,NF-κB,0.03785840726603665,3.8702089277824214
circ_00134,MDA5,0.021854374619290337,6.712072027095272
circ_00135,JAK-STAT,0.04188058881722512,7.888158831580776
circ_00136,TLR7/8,0.02600062017137493,9.436391683050358
circ_00137,MDA5,0.0229053275741173,3.8290609410416234
circ_00138,TLR7/8,0.028663217728833023,5.111072322817784
circ_00139,MDA5,0.031083229010864636,8.400781292278502
circ_00140,cGAS-STING,0.02307898017923459,7.360138164470267
circ_00141,TLR7/8,0.0446509388230181,7.786924567358202
circ_00142,TLR7/8,0.03639201569596278,1.414030566243063
circ_00143,NF-κB,0.021984942473996003,3.998280792555695
circ_00144,JAK-STAT,0.020903432991991197,7.843342906400156
circ_00145,RIG-I,0.017478184580231863,3.5586128174279072
circ_00146,cGAS-STING,0.036965657805219085,3.497397963432988
circ_00147,RIG-I,0.04142370007105025,2.425063042819145
circ_00148,TLR7/8,0.013636212576502757,9.485866148693026
circ_00149,NF-κB,0.006853033273154692,7.983019941748374
circ_00150,RIG-I,0.016824600924966,9.362592710944638
circ_00151,cGAS-STING,0.017038479663290983,9.719084522733741
circ_00152,NF-κB,0.041345920279735916,3.4975250850588098
circ_00153,cGAS-STING,0.044868788679956584,5.445233981001545
circ_00154,JAK-STAT,0.011049504544992313,3.338188227379359
circ_00155,RIG-I,0.03290428510836437,5.335729609356097
circ_00156,PKR,0.03411787945908156,9.487500633000968
circ_00157,JAK-STAT,0.046615668977599084,3.569257580313785
circ_00158,PKR,0.008739532886004663,5.2194932649530275
circ_00159,MDA5,0.022965773939984786,2.4662742022111086
circ_00160,cGAS-STING,0.028867361034885478,7.706742894724411
circ_00161,MDA5,0.03240813857352734,2.775352572166284
circ_00162,TLR7/8,0.016008891165997758,4.643148468160527
circ_00163,JAK-STAT,0.029894197497135334,2.40421157003237
circ_00164,JAK-STAT,0.040457369247495455,8.284042110389262
circ_00165,RIG-I,0.01930199461296727,2.6474530409473953
circ_00166,RIG-I,0.03698266980282263,8.75350423701795
circ_00167,cGAS-STING,0.03831472802271828,8.926819196496801
circ_00168,cGAS-STING,0.03108002254453784,4.752016628645411
circ_00169,PKR,0.01831970950519941,9.045529435987751
circ_00170,MDA5,0.04855299855342024,5.793443101864195
circ_00171,NF-κB,0.015763108162843497,9.535070118404548
circ_00172,cGAS-STING,0.023738104673166376,6.856346407445811
circ_00173,NF-κB,0.010542057169585051,3.6392898452873714
circ_00174,NF-κB,0.0451160122082034,3.4726989871356286
circ_00175,PKR,0.0034296523900118163,2.962823195915659
circ_00176,JAK-STAT,0.011441818311775265,3.347291225819259
circ_00177,JAK-STAT,0.003017195552137636,6.685024686022874
circ_00178,TLR7/8,0.046419893987107844,5.5611972360347135
circ_00179,JAK-STAT,0.03357405664279719,1.3681696315998975
circ_00180,PKR,0.029971246677100216,4.82076880125368
circ_00181,TLR7/8,0.04022606272997598,9.891939804535472
circ_00182,cGAS-STING,0.01168803198714764,9.917826831292682
circ_00183,TLR7/8,0.0350341013957571,8.942378005008084
circ_00184,TLR7/8,0.03251386064026551,9.632275968524501
circ_00185,JAK-STAT,0.04285347963940478,7.084594730487622
circ_00186,MDA5,0.018489936247857476,9.899499705188731
circ_00187,JAK-STAT,0.02928431927769106,6.09849605544802
circ_00188,PKR,0.04902616885606534,3.5308145302620497
circ_00189,TLR7/8,0.018749251251030614,9.320508790639986
circ_00190,TLR7/8,0.026170999710458887,1.248270326883616
circ_00191,PKR,0.025409914836892342,5.08883861404633
circ_00192,TLR7/8,0.01899608105504101,3.199938425014314
circ_00193,RIG-I,0.0075381498555153895,6.838255380158903
circ_00194,cGAS-STING,0.003375652877206333,3.447620487219921
circ_00195,PKR,0.0014999913407555967,1.6074911285401763
circ_00196,RIG-I,0.002264675497411603,6.758077947479389
circ_00197,PKR,0.04507114040645917,1.7948524362498013
circ_00198,JAK-STAT,0.019678248777216446,1.2167548926159726
circ_00199,RIG-I,0.015382210306896914,7.922467840533143
circ_00200,NF-κB,0.03576300565635221,2.8161009428548516
circ_00201,RIG-I,0.012707278139190387,1.731837629595054
circ_00202,cGAS-STING,0.036098154871793624,3.0097933057635
circ_00203,TLR7/8,0.011196738384939627,4.456416037804345
circ_00204,RIG-I,0.0439949183522154,2.3796121337640237
circ_00205,RIG-I,0.01826990652972118,5.3217909570407755
circ_00206,cGAS-STING,0.02461754842270285,1.2627073567253992
circ_00207,NF-κB,0.048857541998028185,9.6580507707396
circ_00208,MDA5,0.04275386833436401,7.65811605191332
circ_00209,JAK-STAT,0.0028639173531009084,5.395033221663497
circ_00210,TLR7/8,0.021041806734490725,8.28806381928991
circ_00211,cGAS-STING,0.0018138579330354912,2.267854603247288
circ_00212,PKR,0.009534794574496009,2.108099182271398
circ_00213,cGAS-STING,0.0399581008654693,4.40425962051429
circ_00214,JAK-STAT,0.014197135773937525,9.719957736601899
circ_00215,RIG-I,0.01714610447657565,1.1008494382609428
circ_00216,cGAS-STING,0.044548254423041715,2.064203815713843
circ_00217,PKR,0.02668250251325028,8.113077169755236
circ_00218,NF-κB,0.047981369517979794,4.470067216826051
circ_00219,cGAS-STING,0.01329252723411789,2.118396172355954
circ_00220,cGAS-STING,0.03425202523856333,8.930932984733815
circ_00221,cGAS-STING,0.016113095835899524,7.913423408407633
circ_00222,RIG-I,0.02995956628123052,5.492309759658037
circ_00223,NF-κB,0.037988722769490946,9.985638439384346
circ_00224,MDA5,0.04143460975254035,7.282032932542438
circ_00225,MDA5,0.017926113173739076,6.098155677382082
circ_00226,RIG-I,0.043440694103472434,1.2628524808954493
circ_00227,JAK-STAT,0.04926003076097964,8.395748998889644
circ_00228,RIG-I,0.03773350499378415,4.617546395547803
circ_00229,JAK-STAT,0.03455111235447491,1.3707305522768318
circ_00230,cGAS-STING,0.04776603449361471,1.5558751852255994
circ_00231,cGAS-STING,0.043512437538508614,7.586133106817641
circ_00232,cGAS-STING,0.011532895473192861,4.731817773035424
circ_00233,NF-κB,0.023739951472533802,3.353839195993799
circ_00234,MDA5,0.03111601855911153,1.4561691350658017
circ_00235,TLR7/8,0.028336667363976803,8.449756435810272
circ_00236,JAK-STAT,0.02480582594781224,2.3464773684164273
circ_00237,JAK-STAT,0.04906942531927166,8.740170631015776
circ_00238,RIG-I,0.004554659118072812,2.60593438461622
circ_00239,TLR7/8,0.030286877366660907,7.2819518764523234
circ_00240,MDA5,0.017445124005778814,9.913371654296613
circ_00241,RIG-I,0.047185245833866025,2.486804753436004
circ_00242,NF-κB,0.03838652779934713,8.85229084488204
circ_00243,MDA5,0.006649627405908986,8.450214353113026
circ_00244,cGAS-STING,0.01596516477791096,5.881106876977967
circ_00245,MDA5,0.040988316201180534,1.6873693660331697
circ_00246,MDA5,0.0220139035497769,6.196767574849765
circ_00247,RIG-I,0.002859988536322097,1.9792361655676118
circ_00248,PKR,0.027942907047227104,5.4134344717028355
circ_00249,RIG-I,0.02974867051807332,6.549039831556946
circ_00250,TLR7/8,0.027367489533361267,8.494685062160308
circ_00251,cGAS-STING,0.023243031258090636,8.136272079671652
circ_00252,NF-κB,0.02689719035169736,6.771618383126631
circ_00253,PKR,0.04776275972161633,2.5018540100469853
circ_00254,RIG-I,0.007422565036466571,9.448947625958983
circ_00255,PKR,0.03348549876590046,6.688547391640359
circ_00256,PKR,0.008130785910863301,6.120985072271981
circ_00257,cGAS-STING,0.0030106144671951376,5.656852279413611
circ_00258,JAK-STAT,0.03984223557804005,3.470523011579948
circ_00259,TLR7/8,0.03430211601242189,3.5744429828819975
circ_00260,JAK-STAT,0.028357122426068058,8.338416806282346
circ_00261,JAK-STAT,0.0033135281942798358,3.725680015735087
circ_00262,PKR,0.01676729978738268,1.1308625589826389
circ_00263,PKR,0.04071842843409947,4.682966327941379
circ_00264,cGAS-STING,0.046678996063516054,7.342399856560113
circ_00265,NF-κB,0.03951737790977618,5.069071390785526
circ_00266,RIG-I,0.016187250147781187,6.32007618000825
circ_00267,RIG-I,0.017274997597079244,7.740765110493965
circ_00268,RIG-I,0.003010732545102432,3.0071904609670175
circ_00269,cGAS-STING,0.02973072681796688,7.01439658381114
circ_00270,RIG-I,0.008555721063537485,7.399055752141851
circ_00271,NF-κB,0.023851763972028244,7.455378360247435
circ_00272,cGAS-STING,0.01957449379082604,9.668504966967298
circ_00273,TLR7/8,0.008519227879344057,6.024310104352776
circ_00274,RIG-I,0.03388577632258781,5.126461710583515
circ_00275,NF-κB,0.01888144208225567,3.653598107333293
circ_00276,PKR,0.00882468379592323,7.340864485982201
circ_00277,TLR7/8,0.021983659518482645,7.547303832973962
circ_00278,RIG-I,0.04295735165476841,1.8424958186917921
circ_00279,RIG-I,0.014473399662934813,3.3664424712184413
circ_00280,TLR7/8,0.030044159208458553,9.705501686811436
circ_00281,cGAS-STING,0.022047632415036964,9.814291871284857
circ_00282,RIG-I,0.005371294908611779,5.859102033050291
circ_00283,PKR,0.008026567502265602,2.015303170031765
circ_00284,cGAS-STING,0.024551020938759213,7.56219544762123
circ_00285,NF-κB,0.04190088842372388,8.608423998111974
circ_00286,PKR,0.0035592696197114756,2.437694444459203
circ_00287,JAK-STAT,0.04334214159109751,3.6930549750982724
circ_00288,PKR,0.037373652309281975,4.547156768793672
circ_00289,MDA5,0.0193492246235859,8.372909358618365
circ_00290,TLR7/8,0.0015068341320641349,9.232445651123843
circ_00291,NF-κB,0.009711516787209926,5.885801821847679
circ_00292,RIG-I,0.012207962448472994,9.251564395651515
circ_00293,NF-κB,0.015121403710377193,3.483948248704862
circ_00294,TLR7/8,0.022590030734617607,9.79802151768476
circ_00295,cGAS-STING,0.025522491004382943,5.705316238364267
circ_00296,PKR,0.0010336299702275384,8.892560294482198
circ_00297,cGAS-STING,0.04720244357878152,3.4467054495481393
circ_00298,RIG-I,0.04094191216154523,3.925437408978521
circ_00299,RIG-I,0.0331686833090541,5.472948965068586
circ_00300,NF-κB,0.021779780241625846,4.655905629836206
circ_00301,PKR,0.0281756485098736,5.656321169770633
circ_00302,MDA5,0.02553819095159049,4.906482250723259
circ_00303,RIG-I,0.031335547701288935,8.827721002842779
circ_00304,PKR,0.012566203552368854,8.70670327843361
circ_00305,cGAS-STING,0.009642986598708523,3.1689037619154843
circ_00306,TLR7/8,0.009093293208647213,6.822099204676606
circ_00307,TLR7/8,0.049436791490062026,5.3420369536890595
circ_00308,PKR,0.04883654537715798,1.231574550052591
circ_00309,RIG-I,0.04189591721121729,6.477052124172166
circ_00310,TLR7/8,0.030726452000770035,4.984276930956652
circ_00311,TLR7/8,0.038230711892349195,6.55052696757612
circ_00312,cGAS-STING,0.027366566331716212,4.861324407027957
circ_00313,MDA5,0.0333346235973809,9.962777033319762
circ_00314,PKR,0.03705710117741629,9.68569629948633
circ_00315,JAK-STAT,0.04162454196412431,5.414362226217935
circ_00316,cGAS-STING,0.020316924002483774,7.849769288419153
circ_00317,TLR7/8,0.048186662078082525,2.917622495522603
circ_00318,PKR,0.01687702115512318,1.5959955890836135
circ_00319,TLR7/8,0.034228151330846064,6.183298908738544
circ_00320,TLR7/8,0.004082342563340254,5.844302461767174
circ_00321,cGAS-STING,0.022108097232087575,5.014035764417625
circ_00322,PKR,0.018132598450907346,5.042819801415064
circ_00323,NF-κB,0.0386980668761363,5.76079963503849
circ_00324,MDA5,0.047309115693104295,8.272581610162243
circ_00325,PKR,0.003869963787925487,1.9537192109962076
circ_00326,PKR,0.0040871681065769855,4.43782410520477
circ_00327,MDA5,0.03787121206596439,1.4355223367815957
circ_00328,MDA5,0.01659567973752875,2.8066408027600476
circ_00329,RIG-I,0.03977560187082073,5.052268589278926
circ_00330,TLR7/8,0.03938014186295055,7.857373059885458
circ_00331,cGAS-STING,0.005338922555842451,1.5564796796371183
circ_00332,NF-κB,0.028280137746084743,8.419595452382591
circ_00333,RIG-I,0.02283096823076318,9.945547450792285
circ_00334,NF-κB,0.016662441091050074,4.475876265824428
circ_00335,MDA5,0.018556746983725527,2.8164585750175473
circ_00336,NF-κB,0.03398325559134091,4.1406789549886724
circ_00337,PKR,0.029196790127234862,3.3143450311237523
circ_00338,JAK-STAT,0.03347792933945621,4.235089734161801
circ_00339,RIG-I,0.041715626984620634,6.965196005747299
circ_00340,PKR,0.040017351689479994,3.856866481715476
circ_00341,PKR,0.008669049899559862,4.939262865167785
circ_00342,cGAS-STING,0.048499969276089676,1.7156549440936086
circ_00343,MDA5,0.03314386969969044,8.152175593632041
circ_00344,TLR7/8,0.017873071714306906,5.716421456356134
circ_00345,TLR7/8,0.044735069615633845,7.91353650612222
circ_00346,cGAS-STING,0.044243841458895296,1.883041342097037
circ_00347,JAK-STAT,0.008763737737516483,6.43452537872309
circ_00348,cGAS-STING,0.03193022782324586,4.86145656648497
circ_00349,RIG-I,0.005354523218847129,7.210618177336092
circ_00350,RIG-I,0.034268028329893105,3.208863755337584
circ_00351,TLR7/8,0.03163888150626082,8.353070501421552
circ_00352,TLR7/8,0.030761536937544555,6.691153786493828
circ_00353,cGAS-STING,0.010939800683527429,3.939358604668149
circ_00354,cGAS-STING,0.04169656615549021,7.363926533547633
circ_00355,RIG-I,0.04172423641901126,9.242665595137222
circ_00356,cGAS-STING,0.01620533822129605,6.498002731166203
circ_00357,TLR7/8,0.01668074153825888,8.778990456540537
circ_00358,PKR,0.008591595942153972,8.618040726860572
circ_00359,MDA5,0.04177667476510305,1.977081758760748
circ_00360,NF-κB,0.02152552399083102,2.5335324462340947
circ_00361,RIG-I,0.02205571624869857,8.906645614296306
circ_00362,cGAS-STING,0.03530748910549428,1.7884351881858813
circ_00363,MDA5,0.03584776187268019,3.3461162899705577
circ_00364,cGAS-STING,0.024777355113269804,5.828957502937395
circ_00365,RIG-I,0.0223247996598023,3.8701339251207605
circ_00366,MDA5,0.04199931774239064,3.6491639197528314
circ_00367,MDA5,0.021333262090725787,1.9928525396394503
circ_00368,MDA5,0.03177520103261945,9.076375099598025
circ_00369,RIG-I,0.040827391437559986,6.150700608418733
circ_00370,TLR7/8,0.03926099720089082,4.857224545325426
circ_00371,RIG-I,0.04837275043428582,2.126239143011197
circ_00372,MDA5,0.04498799224899464,7.287648390676836
circ_00373,TLR7/8,0.002122663230844677,5.948643325423147
circ_00374,MDA5,0.0039794769647001705,1.4539841211914317
circ_00375,NF-κB,0.04242440653419779,2.5673429472150033
circ_00376,RIG-I,0.005548304079569115,1.35139838641421
circ_00377,RIG-I,0.010216968985041604,9.827910320965032
circ_00378,JAK-STAT,0.01180051722700234,4.999976038194035
circ_00379,PKR,0.04848219980709824,8.932874727127471
circ_00380,cGAS-STING,0.04675377091630117,4.365007330541843
circ_00381,MDA5,0.03777903285492078,2.606768944098089
circ_00382,JAK-STAT,0.0441629506610285,8.688642282285556
circ_00383,cGAS-STING,0.0032864718893531927,2.5361991305065965
circ_00384,JAK-STAT,0.013421407392796524,8.96731877776725
circ_00385,RIG-I,0.04030859695280072,2.498248102417907
circ_00386,PKR,0.04353990881559316,8.376480914528223
circ_00387,RIG-I,0.023717056829784908,5.254930024486197
circ_00388,TLR7/8,0.036312360405758,9.663974024455445
circ_00389,RIG-I,0.04573928869830037,3.319830336305966
circ_00390,JAK-STAT,0.0010834901914471159,1.8886899083978008
circ_00391,PKR,0.010376990240445166,6.920645566524915
circ_00392,JAK-STAT,0.013138956673716104,7.768483234770231
circ_00393,MDA5,0.010521360739567165,6.364725620424654
circ_00394,NF-κB,0.0036783797374290144,6.454537049355267
circ_00395,JAK-STAT,0.0015457749666432682,9.569936523331538
circ_00396,JAK-STAT,0.035334177926864246,2.835060201103471
circ_00397,RIG-I,0.0342700131222192,4.496432891863059
circ_00398,MDA5,0.024611486692539413,7.9629967835921125
circ_00399,NF-κB,0.016053115344743865,5.942996524768916
circ_00400,NF-κB,0.04095164405922293,4.47374531909251
circ_00401,PKR,0.02565163048354121,8.986814427205239
circ_00402,MDA5,0.02691396944685439,9.889681434010406
circ_00403,PKR,0.04748306246466696,3.3509792951219812
circ_00404,RIG-I,0.04178233945220032,1.2054197081479634
circ_00405,PKR,0.013353218950877158,8.386870523301994
circ_00406,cGAS-STING,0.03942810138370086,2.138510030958676
circ_00407,JAK-STAT,0.03911172658377101,1.6696605552572357
circ_00408,NF-κB,0.04841747986566549,4.528956884325222
circ_00409,TLR7/8,0.042129636216575894,2.697955814237121
circ_00410,RIG-I,0.0030142311439767867,2.9341935080793085
circ_00411,JAK-STAT,0.04178016224950205,4.258064177588507
circ_00412,RIG-I,0.013266230577233955,2.3834675615916723
circ_00413,NF-κB,0.006530765036416039,4.578316449447243
circ_00414,TLR7/8,0.008401341258370922,1.6692318042933616
circ_00415,RIG-I,0.0062506568098462875,3.848298059933888
circ_00416,NF-κB,0.0221765827007956,6.7660043877104465
circ_00417,JAK-STAT,0.03684025892809607,4.656173702612341
circ_00418,MDA5,0.016968008560164886,2.6790747356005644
circ_00419,NF-κB,0.041128039769060334,8.0862230891344
circ_00420,cGAS-STING,0.028400284969807812,3.056337887533898
circ_00421,MDA5,0.02342090495656523,7.01145893684632
circ_00422,cGAS-STING,0.013116928926103003,1.0447183586944409
circ_00423,TLR7/8,0.037319283613903714,5.434650158549723
circ_00424,PKR,0.024267053813388017,2.244769383212932
circ_00425,RIG-I,0.012758364129328601,3.694954398569545
circ_00426,JAK-STAT,0.01292790322722891,9.245375529832813
circ_00427,NF-κB,0.024257987237523378,8.03818864372397
circ_00428,PKR,0.02288832030917558,9.41833135425907
circ_00429,PKR,0.047210494832416815,9.924149397737917
circ_00430,PKR,0.02848219302114203,7.286420073889225
circ_00431,RIG-I,0.009918685077099944,6.286372809006387
circ_00432,NF-κB,0.04221010981523718,3.4945155358687017
circ_00433,TLR7/8,0.013366313118845667,1.8403284773261155
circ_00434,PKR,0.005454997394883005,6.156873464342131
circ_00435,RIG-I,0.04433120169293542,7.168863529355663
circ_00436,TLR7/8,0.029767004363984564,5.114852400501887
circ_00437,MDA5,0.015710017670095947,8.68212432585544
circ_00438,NF-κB,0.02599702173564776,1.640075369002727
circ_00439,RIG-I,0.01596647132675419,7.5606260100684946
circ_00440,PKR,0.022752760450106862,5.751312710474114
circ_00441,RIG-I,0.04497569664817785,7.685486996906438
circ_00442,RIG-I,0.004643585102178485,7.533973489682013
circ_00443,PKR,0.009091688280974945,5.119360920756126
circ_00444,RIG-I,0.033773867951100676,4.656922412465898
circ_00445,TLR7/8,0.009087686566325508,3.6307169015927614
circ_00446,JAK-STAT,0.0016785772083185945,8.247243518293814
circ_00447,cGAS-STING,0.004371020141686029,2.00381189009253
circ_00448,MDA5,0.03284115155488439,8.262988418652245
circ_00449,PKR,0.040426905876508434,3.64810144137176
circ_00450,PKR,0.016051555305446528,4.158511490217929
circ_00451,MDA5,0.04592779413105769,7.532638616885928
circ_00452,JAK-STAT,0.040238623897537705,8.886194930335417
circ_00453,RIG-I,0.0086095702076797,9.99170928422386
circ_00454,JAK-STAT,0.00885633151162335,9.672598836846738
circ_00455,PKR,0.015040915343629634,7.165728399127879
circ_00456,NF-κB,0.03738402019494828,5.438277137955234
circ_00457,NF-κB,0.004373300396586317,1.2767541906165052
circ_00458,PKR,0.03767358414646588,8.702113771960688
circ_00459,JAK-STAT,0.03632636229165531,1.9504370842204946
circ_00460,TLR7/8,0.013584241126632323,2.5693271845178747
circ_00461,NF-κB,0.015865098398384344,3.635491622660686
circ_00462,MDA5,0.0069807034361125085,7.192159662663198
circ_00463,PKR,0.047436633600786066,6.3291610274735985
circ_00464,TLR7/8,0.036314969129239025,6.285272601397804
circ_00465,PKR,0.048589150120172564,2.974551132855938
circ_00466,NF-κB,0.0030920147973466008,5.962595009537184
circ_00467,PKR,0.01895362156140353,4.5672786893001405
circ_00468,MDA5,0.013623871994874456,2.4757090194619726
circ_00469,MDA5,0.037036028040718504,1.6680670401428288
circ_00470,JAK-STAT,0.03721248466318078,2.8784857782412834
circ_00471,MDA5,0.01609775587638481,1.1688684905681526
circ_00472,RIG-I,0.04035063301003285,8.522857853453507
circ_00473,MDA5,0.036484609214486145,1.6153129809844275
circ_00474,NF-κB,0.03390354364950154,6.8783572005430615
circ_00475,PKR,0.025324526016405342,6.080489223563865
circ_00476,NF-κB,0.047700612812877845,7.14165118804762
circ_00477,PKR,0.024262687189238935,6.212579671807887
circ_00478,JAK-STAT,0.021883851362302167,7.4225251530045195
circ_00479,RIG-I,0.025776860616942655,5.605023017511564
circ_00480,cGAS-STING,0.002381136171125564,6.917497659766831
circ_00481,NF-κB,0.03145016263727818,2.381102134642265
circ_00482,MDA5,0.014235323008185408,5.255119094663109
circ_00483,MDA5,0.0231841850116132,8.69144987417035
circ_00484,MDA5,0.014053459006996782,3.599253875612451
circ_00485,TLR7/8,0.04183251337952807,8.744108460732178
circ_00486,PKR,0.038143245843904244,3.522079570811551
circ_00487,RIG-I,0.009667438725900396,2.365592418563221
circ_00488,NF-κB,0.036954302821084875,9.783610975744358
circ_00489,TLR7/8,0.03217385761346013,5.014136005380426
circ_00490,MDA5,0.012958883018752119,6.834121017321604
circ_00491,MDA5,0.03993582292643769,2.7895243621985593
circ_00492,cGAS-STING,0.0421362581625819,1.665187698732396
circ_00493,MDA5,0.04153517261933838,5.387732534011479
circ_00494,NF-κB,0.03436162249493156,3.5878432661660664
circ_00495,NF-κB,0.029252911049204473,1.211783068115543
circ_00496,TLR7/8,0.03125189315970292,6.788386927738725
circ_00497,PKR,0.02100129851328527,5.44406382575608
circ_00498,PKR,0.018398158844017753,8.892366995646919
circ_00499,PKR,0.018744467502587524,7.109002708393185
circ_00500,MDA5,0.0013311197986237814,4.492940807054136
circ_00501,MDA5,0.02179256187263498,4.967084661832801
circ_00502,RIG-I,0.04299654044086381,7.362236614716921
circ_00503,RIG-I,0.018884448483696855,1.6979438678375574
circ_00504,MDA5,0.003217205889388405,1.8200024250691158
circ_00505,PKR,0.03482415242114902,3.8590893750221698
circ_00506,cGAS-STING,0.018648778999608786,2.6485460754736456
circ_00507,JAK-STAT,0.027009941651084415,8.169069217555016
circ_00508,MDA5,0.012506038023696885,2.0258786742173114
circ_00509,MDA5,0.012787486753625035,2.448686241140847
circ_00510,RIG-I,0.0160567196471912,5.9747300251516
circ_00511,NF-κB,0.04030628443021063,2.1242382132366107
circ_00512,JAK-STAT,0.004521496711663258,1.0365493417955247
circ_00513,cGAS-STING,0.0330183761254435,8.454143422755656
circ_00514,NF-κB,0.004444003923102504,7.465396638645994
circ_00515,cGAS-STING,0.03935435139948862,9.885988061392851
circ_00516,cGAS-STING,0.037825127314865904,8.52362425851821
circ_00517,MDA5,0.015053887219578219,5.067720513403207
circ_00518,RIG-I,0.036676652632041486,5.3544575421989
circ_00519,JAK-STAT,0.04022121796901124,3.2123102421242633
circ_00520,cGAS-STING,0.031150328286756446,4.52199046895214
circ_00521,MDA5,0.01020845199317157,3.7777984069637065
circ_00522,PKR,0.04338649599809165,9.082310532314814
circ_00523,MDA5,0.04006148347934334,2.428795595975282
circ_00524,MDA5,0.021429648468225662,2.266529610341908
circ_00525,cGAS-STING,0.007050076146565837,1.1750023313023086
circ_00526,JAK-STAT,0.011661195049956382,4.301816441588241
circ_00527,cGAS-STING,0.014320889821147383,7.5681645249713005
circ_00528,NF-κB,0.0372245067436788,8.666120160335009
circ_00529,RIG-I,0.022103299258496717,1.1680311686609826
circ_00530,JAK-STAT,0.048841818414267844,5.034685479018738
circ_00531,JAK-STAT,0.027922328453272544,3.1810616021530373
circ_00532,cGAS-STING,0.02637301417284633,8.889446232062095
circ_00533,MDA5,0.03408596788818871,8.452868036451576
circ_00534,TLR7/8,0.028296994729909885,7.838939148902383
circ_00535,cGAS-STING,0.042569502505979566,6.002636335019925
circ_00536,NF-κB,0.045045921267952566,2.319400481253406
circ_00537,TLR7/8,0.042822758526360034,7.726836235189059
circ_00538,MDA5,0.013767493944003648,3.5344486816463316
circ_00539,PKR,0.031303213699087805,5.678567269278686
circ_00540,cGAS-STING,0.025899030399642614,8.341336069703111
circ_00541,NF-κB,0.03070516551805708,4.974715254387484
circ_00542,cGAS-STING,0.046448140156423026,9.803364353318216
circ_00543,JAK-STAT,0.00960124312257294,2.675130736112346
circ_00544,RIG-I,0.02174465121407236,6.796137370256185
circ_00545,RIG-I,0.0446053141221853,7.271942167352433
circ_00546,NF-κB,0.02091489237461764,8.529229391103758
circ_00547,PKR,0.03530795160176772,3.5621511181666348
circ_00548,MDA5,0.03818695171735267,3.600251629086609
circ_00549,TLR7/8,0.03275703191049587,4.739945020206732
circ_00550,cGAS-STING,0.04323387797393236,8.901977964895742
circ_00551,cGAS-STING,0.04715702761723014,1.2706084121930394
circ_00552,TLR7/8,0.04959208819635456,2.5182426003063743
circ_00553,NF-κB,0.01746755848238218,1.8747635716510602
circ_00554,NF-κB,0.041370220650600954,5.525029470858511
circ_00555,RIG-I,0.005347239001934036,6.755093066404193
circ_00556,PKR,0.01895869331726536,6.817118710730328
circ_00557,MDA5,0.04591210826909646,6.870941061282071
circ_00558,JAK-STAT,0.009254631931202628,1.1048494529585573
circ_00559,TLR7/8,0.01111797048533602,6.191750075996706
circ_00560,TLR7/8,0.023334376520933797,8.619754940959272
circ_00561,TLR7/8,0.03092622122647226,3.6647887052237262
circ_00562,PKR,0.03712335791572872,7.825231989890508
circ_00563,PKR,0.045270705950643274,1.0172259772031294
circ_00564,JAK-STAT,0.023339419351212202,7.56659476621704
circ_00565,NF-κB,0.022785144476755153,9.134844909816051
circ_00566,TLR7/8,0.011893114070332146,2.0855761436159472
circ_00567,NF-κB,0.00207648367243751,8.212790429084727
circ_00568,RIG-I,0.045193821811418886,3.96889604718048
circ_00569,NF-κB,0.03777486534787358,6.301112599510309
circ_00570,NF-κB,0.009624023693979893,3.9075304561913757
circ_00571,TLR7/8,0.03315871955934237,8.17190212369676
circ_00572,JAK-STAT,0.027279300072721054,4.959503533687463
circ_00573,TLR7/8,0.04289172180107426,8.865245274143156
circ_00574,JAK-STAT,0.019250004987078014,7.631559463282577
circ_00575,MDA5,0.042762404607330336,9.890845946058855
circ_00576,RIG-I,0.022943018939094593,9.063725099212329
circ_00577,NF-κB,0.023964928275164287,3.6137924588527017
circ_00578,JAK-STAT,0.01570896312929738,7.979560119130603
circ_00579,MDA5,0.03511747491568978,5.734407012129646
circ_00580,RIG-I,0.0101370302697344,8.792630969408947
circ_00581,NF-κB,0.012698703173105848,4.558830585454405
circ_00582,TLR7/8,0.01290976493997377,1.726322748042076
circ_00583,cGAS-STING,0.020659723185111153,9.160093122804854
circ_00584,JAK-STAT,0.03179381029404791,3.6658398346416923
circ_00585,JAK-STAT,0.03010633638279162,3.3850925281352318
circ_00586,MDA5,0.022882879014409795,4.615867260484691
circ_00587,TLR7/8,0.0021586748688050867,6.826337449845523
circ_00588,PKR,0.005725666372257455,9.110993778483468
circ_00589,NF-κB,0.03867970395503747,5.573688670579961
circ_00590,NF-κB,0.04317499251856724,3.6676339301337317
circ_00591,JAK-STAT,0.009198206023322393,1.31732108993193
circ_00592,JAK-STAT,0.023706850487580953,3.490560265857668
circ_00593,NF-κB,0.0062060232175873715,7.846803437839353
circ_00594,MDA5,0.025196680764675766,4.316744759770462
circ_00595,TLR7/8,0.03884704871864776,3.7915647388660725
circ_00596,cGAS-STING,0.016537740174660857,5.444931009646165
circ_00597,JAK-STAT,0.03372151232689829,2.6366584753800106
circ_00598,TLR7/8,0.02462574074437254,7.395660836983313
circ_00599,cGAS-STING,0.04382633436773743,1.4958938043657797
circ_00600,PKR,0.04995252630415207,6.528647185954575
circ_00601,NF-κB,0.012403228361146563,1.3729882777693843
circ_00602,RIG-I,0.015961951991530055,9.989286652145008
circ_00603,PKR,0.003845001940689088,2.1200235683191933
circ_00604,NF-κB,0.019479601388901358,9.580163463244975
circ_00605,RIG-I,0.04809506041153119,7.612603152981165
circ_00606,TLR7/8,0.040994606044662735,8.159035058179773
circ_00607,TLR7/8,0.005655335124356993,7.645799924100223
circ_00608,MDA5,0.01613766996336516,5.708040759807887
circ_00609,NF-κB,0.02230405715126527,4.4191844417598976
circ_00610,JAK-STAT,0.0016561399343039403,1.1707010037652061
circ_00611,PKR,0.0328805609552606,4.788278463179035
circ_00612,RIG-I,0.011323690777903808,5.642638884857047
circ_00613,NF-κB,0.005349453932892258,1.898300518836961
circ_00614,JAK-STAT,0.004032598104419522,8.66877665665157
circ_00615,TLR7/8,0.026905087196352605,5.196451040366825
circ_00616,JAK-STAT,0.03660719427494644,3.0848627244560323
circ_00617,MDA5,0.022515576914170256,2.6883778793370285
circ_00618,PKR,0.045086093395732975,4.189060182022994
circ_00619,TLR7/8,0.03094441103813565,3.030484305910381
circ_00620,RIG-I,0.031557404534695785,5.4326476084641
circ_00621,JAK-STAT,0.008197447243095526,4.19188864761879
circ_00622,cGAS-STING,0.043689193267195454,6.66829102898479
circ_00623,PKR,0.03230739156507893,9.358624137499618
circ_00624,cGAS-STING,0.039259890461286466,6.966008308444159
circ_00625,TLR7/8,0.044933926380627064,6.875036784197738
circ_00626,RIG-I,0.01914158663921457,5.177420852993711
circ_00627,MDA5,0.04537108433345549,3.6462409167904046
circ_00628,JAK-STAT,0.009593699692224227,8.035401988328458
circ_00629,JAK-STAT,0.009097955717240796,1.4939129915816158
circ_00630,JAK-STAT,0.031726366816534055,8.54743001826266
circ_00631,RIG-I,0.009680726008433432,1.3519066317123984
circ_00632,NF-κB,0.00555825812083305,5.594444040705104
circ_00633,PKR,0.007963812456516933,4.728064668310036
circ_00634,TLR7/8,0.046662728097302715,6.42592608909196
circ_00635,TLR7/8,0.037019416225704455,4.71199527779876
circ_00636,JAK-STAT,0.039809849521452716,8.19907779707929
circ_00637,PKR,0.030494577470853827,9.423831748775923
circ_00638,NF-κB,0.00522678155618619,7.695324553362441
circ_00639,MDA5,0.020635784232100548,1.4986597106620299
circ_00640,RIG-I,0.006601746912964678,4.104009935798352
circ_00641,PKR,0.0073624754944935904,7.822295357240142
circ_00642,cGAS-STING,0.008604759156373766,9.709069820638884
circ_00643,JAK-STAT,0.04542929485345963,6.3449906784509515
circ_00644,NF-κB,0.04248734183820544,6.870355091005019
circ_00645,JAK-STAT,0.04916280513794766,3.4716235861112033
circ_00646,cGAS-STING,0.027304524924280756,3.8485474366747443
circ_00647,JAK-STAT,0.049261398236472284,7.843481540497581
circ_00648,MDA5,0.0033588913400502854,3.4005493555048747
circ_00649,JAK-STAT,0.005450756457411326,7.369727817176218
circ_00650,MDA5,0.03404230971290845,3.7503347632002546
circ_00651,RIG-I,0.015245342208378445,9.192403436485614
circ_00652,cGAS-STING,0.02279700685578469,7.3896995720850365
circ_00653,cGAS-STING,0.0020466424997077257,1.8043515062319149
circ_00654,JAK-STAT,0.018954203335871545,3.4962186659919032
circ_00655,TLR7/8,0.009726024052647914,1.0162763146236686
circ_00656,cGAS-STING,0.03167560839260176,4.362328688543108
circ_00657,TLR7/8,0.029643828348428367,8.371025721347948
circ_00658,TLR7/8,0.0010695256423516692,9.160357020283437
circ_00659,NF-κB,0.028561831895564296,6.752601194593267
circ_00660,JAK-STAT,0.00252288223092166,1.8925267181605236
circ_00661,TLR7/8,0.04088669169204894,3.9031975973675386
circ_00662,NF-κB,0.018858221817155747,3.3102235552218655
circ_00663,PKR,0.04363825812048767,3.5901378910527604
circ_00664,NF-κB,0.003014564372656721,7.25712581658625
circ_00665,PKR,0.025612721333657187,4.9299771263204555
circ_00666,NF-κB,0.043722909338367845,2.6877491585355546
circ_00667,cGAS-STING,0.04457442989714658,9.04012208318921
circ_00668,JAK-STAT,0.006923929849914831,1.1594768721978244
circ_00669,RIG-I,0.019750411597215047,4.056870917005725
circ_00670,RIG-I,0.04008561306777357,9.747328069285668
circ_00671,RIG-I,0.0245481466643821,7.654183301816113
circ_00672,cGAS-STING,0.036977159982000234,1.002351421324069
circ_00673,MDA5,0.011237954506502237,1.7325052173563207
circ_00674,RIG-I,0.023143603531238312,8.998119605276258
circ_00675,PKR,0.0046955506838828,9.07821113999043
circ_00676,TLR7/8,0.03723150001389706,5.916677046652093
circ_00677,RIG-I,0.0352047003098081,3.7943353413417515
circ_00678,JAK-STAT,0.015423402686167952,1.3931768667876314
circ_00679,TLR7/8,0.04700159859396836,5.314122534064813
circ_00680,JAK-STAT,0.022376825912014932,1.4660396035693553
circ_00681,PKR,0.04274281353247117,3.119409420397257
circ_00682,TLR7/8,0.0019280786328789291,3.8106869951835645
circ_00683,PKR,0.02635914201124066,1.8671192262823721
circ_00684,cGAS-STING,0.021189143739089582,5.2294346025868
circ_00685,PKR,0.04177578554008396,1.1263187745438117
circ_00686,RIG-I,0.008820753144261274,8.192050981872143
circ_00687,NF-κB,0.028798274607758457,1.2484466318547363
circ_00688,NF-κB,0.04515065971719078,7.851316037778848
circ_00689,MDA5,0.02019049340219785,9.380082598915855
circ_00690,TLR7/8,0.01684736511899027,8.973067724795733
circ_00691,JAK-STAT,0.017803940033083335,1.7826060834669852
circ_00692,JAK-STAT,0.012469313192936045,8.639083674020569
circ_00693,cGAS-STING,0.0014907059347932447,9.298384444410303
circ_00694,NF-κB,0.022759023021689515,4.7283949303048995
circ_00695,RIG-I,0.03527687171203825,6.437898141753137
circ_00696,MDA5,0.024335165909071747,4.517613478678623
circ_00697,NF-κB,0.003350361900461805,4.095798467349314
circ_00698,MDA5,0.036808415035851735,9.11037405954134
circ_00699,PKR,0.03127791565205958,1.5347726483437594
circ_00700,MDA5,0.040086393033557155,6.347347402199189
circ_00701,MDA5,0.01719880315651235,3.7396508327472975
circ_00702,NF-κB,0.039510680323484274,4.437681661807828
circ_00703,TLR7/8,0.020176859492283126,2.0622236865061296
circ_00704,NF-κB,0.036234202102869616,4.900148003711328
circ_00705,JAK-STAT,0.012001977171881981,6.51267723853139
circ_00706,cGAS-STING,0.002350079489891634,3.048898536177789
circ_00707,TLR7/8,0.009082449575637436,1.3152188759354833
circ_00708,PKR,0.04276073727086058,6.356793386493926
circ_00709,MDA5,0.03497671018759865,8.641541036819753
circ_00710,RIG-I,0.014844189095577408,4.083836169817272
circ_00711,MDA5,0.002580970999180016,4.694729813195838
circ_00712,TLR7/8,0.021359244343155694,9.472517145890908
circ_00713,PKR,0.016627913658370057,5.349226041255709
circ_00714,RIG-I,0.032640501741178746,7.221720133455599
circ_00715,PKR,0.004880216711112502,7.228703871048974
circ_00716,PKR,0.026574471050017905,9.103085565696304
circ_00717,TLR7/8,0.010894633005193048,2.7397073373668395
circ_00718,JAK-STAT,0.0012646036952395855,2.224758612921889
circ_00719,RIG-I,0.04329025350052924,9.548581760298978
circ_00720,RIG-I,0.024274080418294965,6.2438635403243
circ_00721,RIG-I,0.012571478941310454,5.040242030816728
circ_00722,NF-κB,0.012103383211700718,6.329086443454553
circ_00723,TLR7/8,0.005145120683406445,2.4834137480899763
circ_00724,NF-κB,0.017983709664620606,5.226623660524083
circ_00725,TLR7/8,0.008453692405978278,2.6529726586799227
circ_00726,RIG-I,0.027556879230900933,9.542666900237233
circ_00727,cGAS-STING,0.03728110886806478,8.092618182657827
circ_00728,TLR7/8,0.0330803122315752,5.769729764600178
circ_00729,NF-κB,0.006806073650771195,8.498874100534051
circ_00730,JAK-STAT,0.005234449441634681,5.87438768512934
circ_00731,PKR,0.04831470439904599,7.167305926407752
circ_00732,NF-κB,0.0217209106390464,9.302352108837873
circ_00733,TLR7/8,0.02000998656455813,7.163757926284552
circ_00734,JAK-STAT,0.02675955396864952,4.26608509786535
circ_00735,NF-κB,0.028282153915552877,1.3524292038829793
circ_00736,JAK-STAT,0.009260708804893963,9.849654426682376
circ_00737,PKR,0.03006204991775774,9.03671669167552
circ_00738,JAK-STAT,0.04278826024148535,6.002071516248632
circ_00739,TLR7/8,0.023769213420063676,9.634844795914633
circ_00740,RIG-I,0.005265662353386088,3.304375739806944
circ_00741,PKR,0.017389882433031394,2.8738582402998265
circ_00742,NF-κB,0.047673716256713156,5.088400977830043
circ_00743,cGAS-STING,0.03307099028405841,7.454999040507229
circ_00744,MDA5,0.018137990775119725,3.0062672862721675
circ_00745,cGAS-STING,0.04875837853185223,9.13486952362926
circ_00746,cGAS-STING,0.0280981970385708,3.567737033074776
circ_00747,JAK-STAT,0.039454591416455916,5.599452073009005
circ_00748,JAK-STAT,0.045808945947265756,1.5872013737482271
circ_00749,RIG-I,0.005849376906703284,4.030943565765921
circ_00750,TLR7/8,0.016944273476112253,9.624312355006463
circ_00751,NF-κB,0.015219952914666428,4.306343785319932
circ_00752,NF-κB,0.04745502848044071,3.842197468075547
circ_00753,NF-κB,0.04451439287429468,3.453214405477481
circ_00754,cGAS-STING,0.01146692335333217,3.435043158213548
circ_00755,JAK-STAT,0.046173295768617645,8.578470574713844
circ_00756,TLR7/8,0.04291949978207893,3.852713849708059
circ_00757,cGAS-STING,0.029246352976167577,4.505864277352096
circ_00758,RIG-I,0.044683014285709054,4.661888994664558
circ_00759,NF-κB,0.015421442418303559,4.928733726154329
circ_00760,TLR7/8,0.007529239668978536,6.595765888376725
circ_00761,NF-κB,0.026180277210274747,1.2310850448007553
circ_00762,cGAS-STING,0.021848417016340615,1.4490318743812014
circ_00763,PKR,0.04713091203410095,8.031899696791168
circ_00764,NF-κB,0.004643444838480119,2.1147129150018444
circ_00765,NF-κB,0.033267766077376686,5.632949234105562
circ_00766,JAK-STAT,0.008762054568716485,1.8929642173108503
circ_00767,JAK-STAT,0.02788807116895488,8.460589937457963
circ_00768,NF-κB,0.03676204161623912,6.530588147135834
circ_00769,cGAS-STING,0.016930200456716015,5.413179320789986
circ_00770,TLR7/8,0.004486904762877103,2.3159268602992595
circ_00771,RIG-I,0.030836648446535983,3.2635721120445633
circ_00772,TLR7/8,0.032077733655612915,1.6680269515459738
circ_00773,RIG-I,0.002100353086128451,4.322948150817625
circ_00774,MDA5,0.008006342959834831,1.3988404070540015
circ_00775,JAK-STAT,0.01621532436257454,9.985830387044432
circ_00776,RIG-I,0.014397121186632642,2.5024716436655554
circ_00777,cGAS-STING,0.037166428446463874,8.916163468112748
circ_00778,cGAS-STING,0.019091771736046245,5.047799006165041
circ_00779,cGAS-STING,0.0023103405724321,5.614790788246859
circ_00780,TLR7/8,0.04736339131695789,3.690957384026866
circ_00781,PKR,0.013161404854523762,2.0000895246936876
circ_00782,PKR,0.03633377147301187,5.8865950430844896
circ_00783,cGAS-STING,0.0017946372091993978,3.007139996636746
circ_00784,NF-κB,0.039070117577157414,8.54716508731504
circ_00785,JAK-STAT,0.028841208317609508,2.8896637409694796
circ_00786,JAK-STAT,0.01422658758028017,4.47838475681423
circ_00787,JAK-STAT,0.03797299302660674,1.7790840058869402
circ_00788,cGAS-STING,0.018646781461951062,2.4192840691075514
circ_00789,RIG-I,0.028912106613128097,7.699924238968513
circ_00790,RIG-I,0.04411494066141656,3.7931221330615115
circ_00791,NF-κB,0.014200134832511334,5.375381870057659
circ_00792,NF-κB,0.03924568493082291,1.9949810420666645
circ_00793,PKR,0.014600503250546598,7.955370723644916
circ_00794,NF-κB,0.010253349743142813,6.7093128432837155
circ_00795,NF-κB,0.018709557913510994,9.290495754327015
circ_00796,NF-κB,0.003952024880351049,6.282284809637297
circ_00797,TLR7/8,0.03263311083282532,1.4091089731258246
circ_00798,NF-κB,0.0021129297955825637,5.889437986086971
circ_00799,NF-κB,0.04698675534619959,1.836088621953492
circ_00800,JAK-STAT,0.036151885558088626,9.803502637178362
circ_00801,MDA5,0.04000994080510973,9.132449598849117
circ_00802,MDA5,0.01532330021599643,8.150565205254429
circ_00803,TLR7/8,0.013733093718759793,3.31296911989632
circ_00804,MDA5,0.00841165470795029,5.944758882589901
circ_00805,NF-κB,0.002731036913708718,9.705393479098527
circ_00806,cGAS-STING,0.04103188588719186,3.961451643176223
circ_00807,TLR7/8,0.025128629799344306,7.290445342290615
circ_00808,cGAS-STING,0.04134441066178754,8.872990194339998
circ_00809,RIG-I,0.012721570194201965,3.14956952166752
circ_00810,PKR,0.042499217150631034,1.5226785122853994
circ_00811,RIG-I,0.037114385358335514,6.310772626359945
circ_00812,RIG-I,0.014074111781738646,9.235021433043746
circ_00813,PKR,0.02546215645352655,4.327867248558128
circ_00814,NF-κB,0.03036359582799419,8.65865274197529
circ_00815,TLR7/8,0.02701692926645323,7.626019224765232
circ_00816,cGAS-STING,0.0195065849722369,4.077699250666807
circ_00817,cGAS-STING,0.041843069436277,9.209555558432182
circ_00818,cGAS-STING,0.016395260128977678,9.53656930327332
circ_00819,JAK-STAT,0.04165838703638041,9.251087656767485
circ_00820,JAK-STAT,0.049482704421555834,6.880474571610423
circ_00821,RIG-I,0.008141096550403782,4.653034231913008
circ_00822,RIG-I,0.028491269279827737,3.6958925298194134
circ_00823,MDA5,0.00873689454991038,9.189733343619483
circ_00824,cGAS-STING,0.0471240575172561,8.887105144454697
circ_00825,JAK-STAT,0.0377387528571544,6.267664553153666
circ_00826,TLR7/8,0.027444961218272442,9.808617339361323
circ_00827,PKR,0.020579475534410915,3.2188656859636757
circ_00828,cGAS-STING,0.019641364890410185,7.793726163109988
circ_00829,MDA5,0.04592603436426631,5.401977814953074
circ_00830,cGAS-STING,0.024288514976551635,3.898690896729933
circ_00831,TLR7/8,0.03270272448563605,2.86178371569535
circ_00832,MDA5,0.006932996842154039,8.857859457142425
circ_00833,TLR7/8,0.008039154950676423,1.400474127283031
circ_00834,TLR7/8,0.008398411899023397,6.34673122057081
circ_00835,PKR,0.02879038248750787,2.4231314771752697
circ_00836,RIG-I,0.007502630631425832,3.3016896523958015
circ_00837,MDA5,0.022238764178270778,3.19619453065432
circ_00838,TLR7/8,0.025204669137065972,2.5350929542126694
circ_00839,MDA5,0.03746298967396264,9.48693052399958
circ_00840,cGAS-STING,0.008438413114598963,6.109050785981722
circ_00841,NF-κB,0.04981286146180354,4.48508948581626
circ_00842,JAK-STAT,0.010827162872076832,6.847853596527463
circ_00843,TLR7/8,0.04108645553280962,3.1482202342741368
circ_00844,NF-κB,0.024150048865350646,4.973635501858279
circ_00845,PKR,0.023537405488781603,8.900636205338461
circ_00846,TLR7/8,0.006430830409878241,7.28966123510568
circ_00847,cGAS-STING,0.04036520460430127,2.913933055491462
circ_00848,MDA5,0.04765096927736527,8.887328242847843
circ_00849,PKR,0.020448673334623566,9.962122995385673
circ_00850,PKR,0.027073673732402,4.949592295088765
circ_00851,JAK-STAT,0.03845868131801174,5.312898430566597
circ_00852,JAK-STAT,0.022983384501146658,4.022672880561722
circ_00853,MDA5,0.0435061185937476,4.328566580825724
circ_00854,RIG-I,0.03062757229714393,7.155921027958385
circ_00855,TLR7/8,0.022145021829736957,7.326842531552472
circ_00856,cGAS-STING,0.009633212244991786,2.7663303264941295
circ_00857,RIG-I,0.022537866982133944,5.392882530265769
circ_00858,PKR,0.02878375920993684,6.3453482332475994
circ_00859,RIG-I,0.03280432812044927,4.697205967097046
circ_00860,JAK-STAT,0.049931659793422324,9.257581463144454
circ_00861,PKR,0.018504642367970052,4.5894797893719534
circ_00862,NF-κB,0.033544304222646024,1.1344110079968184
circ_00863,JAK-STAT,0.030673027276889676,1.0969412592255534
circ_00864,NF-κB,0.03359295496912932,7.522348865728538
circ_00865,MDA5,0.03136583278625243,1.0237929866023863
circ_00866,RIG-I,0.043040157988155074,7.894637721974539
circ_00867,PKR,0.005930009362822934,7.707337981242782
circ_00868,TLR7/8,0.02922485680655522,1.4203732075976137
circ_00869,JAK-STAT,0.034151863586468406,7.6408186535004345
circ_00870,RIG-I,0.002371678719994611,5.8925208550887165
circ_00871,NF-κB,0.048458550011591564,7.050300093915357
circ_00872,RIG-I,0.00407759583717139,6.535124984380677
circ_00873,NF-κB,0.026549055332657976,3.361418602788253
circ_00874,JAK-STAT,0.02242593495902869,6.413730442215437
circ_00875,PKR,0.0017430871909099987,2.919369913455384
circ_00876,cGAS-STING,0.043308711342851886,8.44831243405553
circ_00877,JAK-STAT,0.005752264860237215,4.36248228249941
circ_00878,NF-κB,0.03427610838178166,6.470843764934516
circ_00879,TLR7/8,0.027536051510338784,3.9928553389586487
circ_00880,PKR,0.04544119876721738,8.326565165990292
circ_00881,TLR7/8,0.0152399153307326,3.2437191407980484
circ_00882,MDA5,0.026306023145152534,3.5040924938211893
circ_00883,MDA5,0.04260329399397772,7.402345436644653
circ_00884,TLR7/8,0.03280855066760846,7.395529249405656
circ_00885,RIG-I,0.008785142731376193,9.313543286913475
circ_00886,RIG-I,0.038330763629300026,2.3824199534632893
circ_00887,cGAS-STING,0.04704008868215411,1.903433725115925
circ_00888,PKR,0.046664295307754,6.709952722777463
circ_00889,MDA5,0.015790660170329394,1.5377715975168587
circ_00890,cGAS-STING,0.008291706401870894,6.0633383110480175
circ_00891,TLR7/8,0.037810988587169976,9.226189767729796
circ_00892,RIG-I,0.02070546599155821,3.601069024541053
circ_00893,PKR,0.011448544573859958,4.605902351778937
circ_00894,cGAS-STING,0.021130106817597968,2.9765060104893193
circ_00895,PKR,0.026237598953980222,7.467061829593326
circ_00896,PKR,0.019453264689904354,2.958460204311897
circ_00897,MDA5,0.008506208335654478,2.700171777080191
circ_00898,RIG-I,0.020036139891121924,9.651859042408383
circ_00899,RIG-I,0.02808669163678878,5.379521959357771
circ_00900,JAK-STAT,0.031093632910948767,4.2912522477929205
circ_00901,cGAS-STING,0.01299565613826453,2.7495077123722194
circ_00902,cGAS-STING,0.02124117461432505,4.333373881701528
circ_00903,cGAS-STING,0.041689109278787106,4.625027804350426
circ_00904,TLR7/8,0.028126987703298075,6.929831486130039
circ_00905,MDA5,0.018007393205083384,9.837614156986463
circ_00906,PKR,0.04156512484793794,2.7025715141222433
circ_00907,MDA5,0.0013857167690828536,3.5871189637022685
circ_00908,TLR7/8,0.00646777813483605,6.136452310775373
circ_00909,cGAS-STING,0.010329689838962788,9.837686301580971
circ_00910,RIG-I,0.040608449914044574,2.8056241851340937
circ_00911,RIG-I,0.01569321816944204,1.4343645402674459
circ_00912,cGAS-STING,0.025981043273806834,3.245947624003749
circ_00913,JAK-STAT,0.018480558184511844,5.422912712827549
circ_00914,NF-κB,0.0038420814683695907,2.180431535355909
circ_00915,cGAS-STING,0.048572261407308394,9.44142634928917
circ_00916,MDA5,0.013920297262448554,3.5520888513526376
circ_00917,MDA5,0.044294396594344046,1.6307719043527211
circ_00918,cGAS-STING,0.02692224303333116,3.5955337757299803
circ_00919,cGAS-STING,0.03221724092528811,1.695443054105485
circ_00920,PKR,0.013002338481511218,2.2469295732896915
circ_00921,RIG-I,0.041225899506774584,9.093236269527527
circ_00922,TLR7/8,0.02026381735401726,1.525924125876147
circ_00923,JAK-STAT,0.014621253603703081,9.057968610275479
circ_00924,TLR7/8,0.037541852734937355,9.834531771616106
circ_00925,MDA5,0.018072999344362642,9.393026658759002
circ_00926,MDA5,0.026950430823030367,2.351235129156513
circ_00927,PKR,0.022695444594116595,1.416921041440942
circ_00928,RIG-I,0.034003846726239066,1.2386466267108096
circ_00929,NF-κB,0.015790496342282336,5.182318932522854
circ_00930,MDA5,0.006730682740911729,5.120838728052006
circ_00931,NF-κB,0.04168696498435323,5.291445174977779
circ_00932,PKR,0.04117622575811471,3.7821990138375248
circ_00933,cGAS-STING,0.03056487912304832,1.4201916157200107
circ_00934,RIG-I,0.005076687510805389,6.953801993127857
circ_00935,TLR7/8,0.04443816863857665,1.466517342214639
circ_00936,MDA5,0.047792655313606575,8.872238444919505
circ_00937,RIG-I,0.03530475728773242,6.359430003127751
circ_00938,TLR7/8,0.025951368478044894,6.907556904303816
circ_00939,JAK-STAT,0.04278004231929433,3.333304071606583
circ_00940,cGAS-STING,0.0011158343544397506,9.829345731822801
circ_00941,MDA5,0.013285401342538042,4.544282505057524
circ_00942,RIG-I,0.025594344071903908,3.844782272234705
circ_00943,cGAS-STING,0.040527049681936225,9.896524368532237
circ_00944,JAK-STAT,0.036059094703016076,1.5813019134281852
circ_00945,NF-κB,0.016704262723909825,8.998618145980682
circ_00946,JAK-STAT,0.034365909518451136,6.771604718669875
circ_00947,cGAS-STING,0.026325977070138586,4.725649840798897
circ_00948,PKR,0.0026218825579714614,4.6053725274416975
circ_00949,PKR,0.0275204112076737,7.917217281197905
circ_00950,JAK-STAT,0.04711269652155233,4.00302940293218
circ_00951,MDA5,0.032539159455369955,8.181226914597161
circ_00952,NF-κB,0.015959246471795654,1.1114379963572838
circ_00953,TLR7/8,0.039707318354565285,7.986305952288979
circ_00954,TLR7/8,0.04420592074642046,9.929105911456741
circ_00955,cGAS-STING,0.020546466254768695,9.27342429577029
circ_00956,cGAS-STING,0.003087132664028993,3.695163153183486
circ_00957,JAK-STAT,0.01781585849328305,5.269522982879916
circ_00958,TLR7/8,0.03214987830004345,1.9383509365888087
circ_00959,TLR7/8,0.038899922890435264,1.2714848321476468
circ_00960,MDA5,0.044472180729169364,1.4640404155001268
circ_00961,JAK-STAT,0.04872510454227288,3.425128656461279
circ_00962,cGAS-STING,0.04097001145424267,9.082394316563116
circ_00963,NF-κB,0.027443756076500705,1.7798654383939243
circ_00964,JAK-STAT,0.023685743165497673,9.547970571172165
circ_00965,cGAS-STING,0.02561695507674083,8.58413056286989
circ_00966,PKR,0.034699112592402874,9.337617045665526
circ_00967,RIG-I,0.011860559561165926,3.222405691322919
circ_00968,PKR,0.012711203084140442,1.3645951905033276
circ_00969,JAK-STAT,0.016749974333309416,4.7514696728072785
circ_00970,RIG-I,0.0436653349166067,1.6667659601655067
circ_00971,TLR7/8,0.04477197656228593,1.1845286408833116
circ_00972,RIG-I,0.004369902788906408,8.504182366246592
circ_00973,NF-κB,0.043782942497254444,5.697963595241703
circ_00974,cGAS-STING,0.03676828877360775,9.066321179830254
circ_00975,JAK-STAT,0.043841799589916984,8.039948734302431
circ_00976,cGAS-STING,0.011941547478201395,4.776153772333814
circ_00977,MDA5,0.03360494789732002,8.144536482441492
circ_00978,cGAS-STING,0.01199316835482496,5.75177830489999
circ_00979,PKR,0.00909249349714453,5.976702469028725
circ_00980,MDA5,0.047199463480538315,4.9965795014580845
circ_00981,PKR,0.022246669298140617,5.654280224912262
circ_00982,TLR7/8,0.03188426640897868,8.482496104482331
circ_00983,PKR,0.030108042280595087,1.636381539178506
circ_00984,TLR7/8,0.03372223792261705,7.900322902098038
circ_00985,cGAS-STING,0.02923555576350868,1.9249502424183547
circ_00986,PKR,0.019943471054686794,5.818427187742816
circ_00987,RIG-I,0.04780430212744612,4.513762734205314
circ_00988,cGAS-STING,0.0474635825663354,1.1129326264094455
circ_00989,TLR7/8,0.023770879716890046,8.653018795074566
circ_00990,RIG-I,0.04847767066857071,6.489698227464179
circ_00991,NF-κB,0.045843971583264004,3.310679696646908
circ_00992,TLR7/8,0.0058458685343396165,3.1527882654745163
circ_00993,cGAS-STING,0.045915103525664316,1.9885116874805484
circ_00994,MDA5,0.01835564989763963,4.403382677823454
circ_00995,TLR7/8,0.032500969534785006,3.3906198665614227
circ_00996,MDA5,0.001398793103308191,5.693025685616061
circ_00997,JAK-STAT,0.023790816773563324,4.622150087305387
circ_00998,cGAS-STING,0.00914361289925758,4.610731109293155
circ_00999,RIG-I,0.037704437207022934,8.879972750099252
circ_01000,TLR7/8,0.009921455223215466,4.237603582528228
circ_01001,cGAS-STING,0.03912193465357885,2.2170716335490206
circ_01002,MDA5,0.016764413201091278,6.915592023965551
circ_01003,TLR7/8,0.04599919308288217,6.310524751416175
circ_01004,MDA5,0.02273408444649396,4.863421690235988
circ_01005,MDA5,0.021042488226381058,7.0315160175812625
circ_01006,RIG-I,0.017544757449743396,7.783880116671601
circ_01007,cGAS-STING,0.0228598749734161,4.420063848155721
circ_01008,cGAS-STING,0.023394019811276697,5.108486806165942
circ_01009,RIG-I,0.023500342406552317,8.873793976181556
circ_01010,JAK-STAT,0.015959598597501245,4.603483070330694
circ_01011,TLR7/8,0.0025559126249547243,9.115121107250488
circ_01012,MDA5,0.032632205515093736,5.8594519354770105
circ_01013,NF-κB,0.030892626910330456,9.307758092608575
circ_01014,JAK-STAT,0.022209314369046454,7.031199995744551
circ_01015,cGAS-STING,0.0018974131552425182,1.8003681745364273
circ_01016,JAK-STAT,0.005139980726277406,1.7126034378026098
circ_01017,PKR,0.028096604471537768,9.591780644650285
circ_01018,JAK-STAT,0.0339981746449957,1.4879347959038032
circ_01019,JAK-STAT,0.04110397487932591,4.033334419956093
circ_01020,TLR7/8,0.015340115692319769,7.38717140563266
circ_01021,PKR,0.020117815853772404,3.5570272522010926
circ_01022,cGAS-STING,0.04781179730147496,7.137841999978634
circ_01023,MDA5,0.01640474687585699,1.3166941758834425
circ_01024,TLR7/8,0.01986252516109093,2.8825522989060026
circ_01025,MDA5,0.004221964414531459,5.662515200947519
circ_01026,MDA5,0.017264391371771257,9.038918498935683
circ_01027,MDA5,0.001893017536352961,5.346739792761882
circ_01028,cGAS-STING,0.02471767091425991,6.613853021269926
circ_01029,RIG-I,0.01675448906527292,8.602210294853448
circ_01030,RIG-I,0.025676571005879063,3.843856617575804
circ_01031,NF-κB,0.042296998488496086,5.049291935269711
circ_01032,PKR,0.018849025137859007,3.463066554442296
circ_01033,NF-κB,0.02904781940173895,8.903269441442166
circ_01034,cGAS-STING,0.002425110854746779,4.251246785236182
circ_01035,PKR,0.01238098373531599,6.812525643348964
circ_01036,cGAS-STING,0.006067693674992833,6.96288975446506
circ_01037,MDA5,0.02795986501569801,4.974112541238531
circ_01038,NF-κB,0.00899977709299499,8.096095869228048
circ_01039,TLR7/8,0.021610321060384866,8.526865848000599
circ_01040,JAK-STAT,0.026869754173979528,3.1611184796386365
circ_01041,cGAS-STING,0.04043368674946885,8.752796497937744
circ_01042,NF-κB,0.026674275065505067,2.4278198501322303
circ_01043,RIG-I,0.039390841789752044,2.9200609868570737
circ_01044,cGAS-STING,0.0058673924645603415,9.702093684201374
circ_01045,cGAS-STING,0.048391560357527084,7.724164222754795
circ_01046,cGAS-STING,0.015073824478052718,3.322542302392768
circ_01047,cGAS-STING,0.021637969253621454,1.3704007099267659
circ_01048,cGAS-STING,0.04679866789794109,9.025334356733525
circ_01049,MDA5,0.043878842103670684,5.703242732185589
circ_01050,TLR7/8,0.04987970030336521,9.975859638781507
circ_01051,cGAS-STING,0.03985224399145731,5.750576731441807
circ_01052,NF-κB,0.01825107118982513,2.8603258741982898
circ_01053,TLR7/8,0.04612432139576499,5.296143356657199
circ_01054,cGAS-STING,0.04290432642405468,3.5020830336795674
circ_01055,JAK-STAT,0.0457333501273925,7.58833313084412
circ_01056,PKR,0.04661926748284618,7.9308368449839355
circ_01057,TLR7/8,0.02725803284827576,4.278744180366834
circ_01058,MDA5,0.04886103129083502,7.674019884064298
circ_01059,MDA5,0.017018165512240314,9.810072550266083
circ_01060,NF-κB,0.03441748163881972,1.6498144837372508
circ_01061,NF-κB,0.0025696041275804107,5.115358832771022
circ_01062,TLR7/8,0.012706931001357426,3.8858232399541786
circ_01063,cGAS-STING,0.011296788341321942,6.065809562910006
circ_01064,cGAS-STING,0.0014988328793949066,3.3243164104753267
circ_01065,TLR7/8,0.03855126140323253,1.202906692564455
circ_01066,MDA5,0.03724510854920594,1.3346044880803252
circ_01067,TLR7/8,0.019301477804498986,4.874394475544926
circ_01068,MDA5,0.04587478755710336,8.876938512928874
circ_01069,TLR7/8,0.04954766675982927,8.437978348509741
circ_01070,JAK-STAT,0.018365986085232353,7.506147343138663
circ_01071,JAK-STAT,0.01967408992408077,7.236060141639301
circ_01072,MDA5,0.04667609641742448,1.290684152648499
circ_01073,TLR7/8,0.0439090988970557,7.236336197129943
circ_01074,cGAS-STING,0.03483435359713945,5.0564756173957175
circ_01075,JAK-STAT,0.0019497940324693713,6.129981008783822
circ_01076,MDA5,0.010649564328346177,1.2349569325722576
circ_01077,PKR,0.03395691411948741,9.547649442935914
circ_01078,RIG-I,0.009959177651413454,8.228379064718485
circ_01079,PKR,0.03220858162144763,9.936715430631724
circ_01080,cGAS-STING,0.02021456825245711,3.5489902253519077
circ_01081,PKR,0.02988297522821717,6.684199546900896
circ_01082,MDA5,0.018186701479916165,1.1169568520898123
circ_01083,RIG-I,0.02171423658308509,3.2862714840404355
circ_01084,NF-κB,0.045025662483227334,7.612958311729408
circ_01085,PKR,0.009889221076733515,5.567337780899604
circ_01086,RIG-I,0.0013742416169082142,6.141449876053477
circ_01087,NF-κB,0.024270716434924393,8.96546987664729
circ_01088,RIG-I,0.04731641781715478,9.356612876233571
circ_01089,MDA5,0.030066913734789525,7.972994830942533
circ_01090,NF-κB,0.009833771018662864,5.992615537862106
circ_01091,JAK-STAT,0.004489170149323413,2.755066413896252
circ_01092,NF-κB,0.004013131070193893,9.716088616675922
circ_01093,NF-κB,0.02878318024439191,9.269315090269346
circ_01094,MDA5,0.010369248035575662,8.853363447074635
circ_01095,TLR7/8,0.03834717417984517,7.1826990293798145
circ_01096,TLR7/8,0.038132355197736154,7.207902867048822
circ_01097,TLR7/8,0.04757333297796732,1.3281044382725935
circ_01098,MDA5,0.032175672871064674,2.427776128112007
circ_01099,PKR,0.04811880682802545,5.559370177987487
circ_01100,NF-κB,0.01064409239913999,2.0100509704566245
circ_01101,cGAS-STING,0.03920014436649537,3.8605599178584287
circ_01102,PKR,0.04980179659115858,3.3190527471039992
circ_01103,cGAS-STING,0.038507055139912164,4.68584412311637
circ_01104,JAK-STAT,0.034839958555654194,6.810263367269304
circ_01105,RIG-I,0.016632938626887105,1.2227421316502767
circ_01106,PKR,0.0065705468777154585,5.920462034399933
circ_01107,TLR7/8,0.025663420057958262,9.836262341254107
circ_01108,MDA5,0.02815639268543649,6.461690966936262
circ_01109,PKR,0.021940180260108463,5.8166625433803905
circ_01110,PKR,0.04277588646868487,2.1067983642336685
circ_01111,cGAS-STING,0.0484196004021813,7.306119867318025
circ_01112,JAK-STAT,0.03885582193493065,1.9374310379058495
circ_01113,RIG-I,0.02365343807810927,8.096981228276656
circ_01114,TLR7/8,0.04604194833442007,8.92764713494123
circ_01115,cGAS-STING,0.019342218269567356,3.287195860299895
circ_01116,JAK-STAT,0.021983054821894294,7.643949034082123
circ_01117,RIG-I,0.039067606275604114,6.766803741669342
circ_01118,TLR7/8,0.01004573235679344,4.960123827354947
circ_01119,PKR,0.030918557012677296,6.45532047735777
circ_01120,cGAS-STING,0.013567790550134233,2.946925911060342
circ_01121,cGAS-STING,0.0041735629066091615,9.270889121518469
circ_01122,JAK-STAT,0.035561316618937994,3.608744649266158
circ_01123,NF-κB,0.015276826836251974,6.421480829154752
circ_01124,MDA5,0.013685908566117847,4.995229012155637
circ_01125,NF-κB,0.047075417971106745,1.0987149712002307
circ_01126,RIG-I,0.03901669307079191,6.287792508585674
circ_01127,NF-κB,0.024204961762351238,8.864501255223999
circ_01128,JAK-STAT,0.006590392929141722,6.4929493996424705
circ_01129,RIG-I,0.03144810839019112,7.84180878380362
circ_01130,PKR,0.006196754120371752,3.6775080177294193
circ_01131,JAK-STAT,0.03566372983867337,7.906579487076158
circ_01132,JAK-STAT,0.00790826621108501,1.0660181569804368
circ_01133,NF-κB,0.04664619489409661,4.892298982315442
circ_01134,MDA5,0.017862870054598103,7.018671364419477
circ_01135,TLR7/8,0.03177319125074197,7.690503810218889
circ_01136,PKR,0.011506828135325334,1.0331891591092055
circ_01137,NF-κB,0.036118611164968784,5.271353957302813
circ_01138,TLR7/8,0.028138848735572836,7.343844414638205
circ_01139,JAK-STAT,0.0032230711144759358,3.899461914161171
circ_01140,cGAS-STING,0.019936962024031828,2.9292610233629093
circ_01141,JAK-STAT,0.044104171113666914,2.022985489481064
circ_01142,RIG-I,0.025487893654981136,5.490085313407432
circ_01143,NF-κB,0.012452276602553828,9.847061584841112
circ_01144,TLR7/8,0.016237031742056825,1.0772380164792397
circ_01145,TLR7/8,0.013404923322228625,4.309890341163969
circ_01146,TLR7/8,0.0049631182972905,1.657437479873515
circ_01147,RIG-I,0.026788939417384992,8.353909956787273
circ_01148,MDA5,0.04327016799085136,3.6115939937399926
circ_01149,JAK-STAT,0.038754865415163445,9.168340827966277
circ_01150,JAK-STAT,0.01715967125699686,7.090745267889473
circ_01151,RIG-I,0.0322987015673217,7.070459284233278
circ_01152,TLR7/8,0.01680429217517813,5.554354628377288
circ_01153,JAK-STAT,0.02760005677131425,1.843341261612483
circ_01154,RIG-I,0.030168641486695777,4.425906173442655
circ_01155,cGAS-STING,0.03521354759928604,1.5826305317323301
circ_01156,NF-κB,0.030009246926489982,8.988069220232772
circ_01157,TLR7/8,0.046136008471489104,9.855029431691975
circ_01158,TLR7/8,0.016375363468312077,1.3073824890509855
circ_01159,MDA5,0.023669683626559034,6.819775769275999
circ_01160,RIG-I,0.021899819074221862,4.008658633511292
circ_01161,cGAS-STING,0.02621877864187427,8.314534671924214
circ_01162,JAK-STAT,0.015430601124295461,2.352637185249706
circ_01163,TLR7/8,0.020704864298401158,2.333865267840854
circ_01164,NF-κB,0.030085523532734776,4.754357177675243
circ_01165,PKR,0.0035763899802874932,7.700118974437746
circ_01166,TLR7/8,0.04040342926470369,2.514803057008682
circ_01167,MDA5,0.0303997779905509,9.674977906613863
circ_01168,TLR7/8,0.0015640982242966382,9.97262756969682
circ_01169,NF-κB,0.012268662070577484,9.627308272892202
circ_01170,NF-κB,0.025835961658503326,5.853279699868916
circ_01171,RIG-I,0.04787614276325969,3.1428811307913964
circ_01172,RIG-I,0.03798147958905793,7.013356672967497
circ_01173,PKR,0.008233012656406621,1.7940542493942206
circ_01174,cGAS-STING,0.012170121318645168,7.904257754287441
circ_01175,RIG-I,0.04518275959291736,5.6606916571474395
circ_01176,MDA5,0.043666096529605174,6.7805048614564765
circ_01177,PKR,0.04162854122368527,8.019954946611325
circ_01178,NF-κB,0.04516991566656423,9.265162647451792
circ_01179,RIG-I,0.028742226727332985,9.433472727469951
circ_01180,JAK-STAT,0.04965188697575397,2.96654866365025
circ_01181,cGAS-STING,0.021192897707126773,9.35232903567244
circ_01182,cGAS-STING,0.03032547889315085,8.285613189343183
circ_01183,NF-κB,0.04812023864330357,2.294608490233449
circ_01184,NF-κB,0.00878104726579764,3.2950019722812476
circ_01185,JAK-STAT,0.0033152332226797187,5.528508514836097
circ_01186,cGAS-STING,0.03544920602981216,1.5868032203166638
circ_01187,JAK-STAT,0.0016983963999536692,6.05503601139954
circ_01188,PKR,0.006673620609786295,1.485687399637595
circ_01189,NF-κB,0.033678982442336226,2.3189383649057276
circ_01190,NF-κB,0.00747469395685002,1.0749748352359583
circ_01191,NF-κB,0.001334782631197542,5.230409900343258
circ_01192,MDA5,0.015619853107896698,7.671010665499738
circ_01193,NF-κB,0.009119046372174915,1.3710188392562443
circ_01194,JAK-STAT,0.0468016926011886,8.497881799103329
circ_01195,JAK-STAT,0.006584513352968457,8.913556984879204
circ_01196,NF-κB,0.022917998783266644,1.1980591666827474
circ_01197,TLR7/8,0.030956862310733618,1.0671590831013273
circ_01198,JAK-STAT,0.02256868796669972,3.7100800881428624
circ_01199,PKR,0.023930737330749987,6.491697319906553
circ_01200,MDA5,0.03249257138714807,4.7819314615817765
circ_01201,NF-κB,0.017422984006494172,3.0261144043324837
circ_01202,MDA5,0.04938747514456599,9.23517645272404
circ_01203,NF-κB,0.049200004786237386,3.995603450994185
circ_01204,JAK-STAT,0.03713576948277489,9.01921184772108
circ_01205,PKR,0.037220274381720216,7.2361646088725955
circ_01206,NF-κB,0.01501506415393876,4.579062242888668
circ_01207,NF-κB,0.049176389040851996,9.352602839977388
circ_01208,NF-κB,0.03447462928529268,7.542264942709906
circ_01209,RIG-I,0.0042060943679943065,6.265112263736083
circ_01210,NF-κB,0.014351237618580471,1.8698645610702558
circ_01211,TLR7/8,0.005025906385539173,4.823268574093462
circ_01212,RIG-I,0.014713103498066694,6.401912907804611
circ_01213,PKR,0.008755833041798377,2.7527389075797144
circ_01214,MDA5,0.04147373232310634,2.3294203119232466
circ_01215,NF-κB,0.034419812475147804,1.2917830817698972
circ_01216,MDA5,0.04750488396358218,6.655520316943134
circ_01217,MDA5,0.004883317641720255,8.566208219423064
circ_01218,MDA5,0.009260029084254055,4.7538520366841395
circ_01219,PKR,0.04633767861026431,1.201805331223221
circ_01220,RIG-I,0.020719797418751105,5.585802302451343
circ_01221,MDA5,0.028589786646828274,9.196442907093948
circ_01222,cGAS-STING,0.045405055887955466,3.310955892231499
circ_01223,JAK-STAT,0.01207046099627775,7.183969102531256
circ_01224,NF-κB,0.025961503009989607,5.991208149243295
circ_01225,cGAS-STING,0.003086611485605329,9.261411768752955
circ_01226,RIG-I,0.013132929179326538,7.590667857895315
circ_01227,MDA5,0.01240013442343078,2.197982888968358
circ_01228,JAK-STAT,0.01969825472709902,1.8181466651263958
circ_01229,MDA5,0.04674863329138127,2.0963006689413293
circ_01230,JAK-STAT,0.048846390732237156,2.326013870399327
circ_01231,JAK-STAT,0.04488943090236958,6.268392573097999
circ_01232,TLR7/8,0.02106017626458289,1.6764785031681848
circ_01233,TLR7/8,0.048298318955991786,5.83603302436781
circ_01234,JAK-STAT,0.011577725308881837,6.7506961641764045
circ_01235,RIG-I,0.0413005830525935,6.211750636550782
circ_01236,MDA5,0.027413120575091026,2.8727245424879193
circ_01237,PKR,0.03004360379968674,8.8786363209378
circ_01238,RIG-I,0.04216733142316353,5.309942426452689
circ_01239,JAK-STAT,0.036092528023372726,2.411018241517048
circ_01240,RIG-I,0.007892175320228179,5.642513075782721
circ_01241,cGAS-STING,0.04262975645845288,8.084989737968654
circ_01242,TLR7/8,0.022719099935293342,2.1669140451636286
circ_01243,RIG-I,0.03963550290902501,6.4811902700156345
circ_01244,JAK-STAT,0.03195297865267199,3.4129012002966173
circ_01245,MDA5,0.015643094232673804,7.975583063364128
circ_01246,NF-κB,0.034803369705328845,4.240034713726465
circ_01247,cGAS-STING,0.01084594768728081,2.8611945401790835
circ_01248,MDA5,0.049097452720936394,1.5061402569504665
circ_01249,cGAS-STING,0.03908815994738337,1.0958036702448433
circ_01250,cGAS-STING,0.0363065310007995,8.238572395133593
circ_01251,NF-κB,0.049861164425313846,5.38911969981292
circ_01252,RIG-I,0.04345821707618075,3.5312431970087426
circ_01253,NF-κB,0.005388756586090589,4.26446038930318
circ_01254,cGAS-STING,0.007762541860163883,2.982666193732304
circ_01255,RIG-I,0.02269248453302041,1.7806917196914247
circ_01256,cGAS-STING,0.043915737946697044,6.795143869109783
circ_01257,MDA5,0.03809995829854923,3.236271943755927
circ_01258,MDA5,0.007933897184645416,8.613020461565526
circ_01259,NF-κB,0.021319329034689846,8.898845834283764
circ_01260,PKR,0.032737025108339105,9.903911307550976
circ_01261,JAK-STAT,0.023313602730888155,9.30618381949359
circ_01262,MDA5,0.03746722959182077,9.267914211726499
circ_01263,NF-κB,0.01838726341277838,3.2260906049824163
circ_01264,NF-κB,0.022450542712610044,4.087136393779709
circ_01265,MDA5,0.009631721076951084,3.1669098665528477
circ_01266,JAK-STAT,0.031043298145399606,8.757857722186063
circ_01267,RIG-I,0.02022281309415066,1.7010248852912269
circ_01268,NF-κB,0.012527657151171972,4.705946474195473
circ_01269,RIG-I,0.03911741387144713,7.417544213114076
circ_01270,NF-κB,0.021458222971693024,2.504377706493131
circ_01271,RIG-I,0.008945109916255571,1.9701978250593715
circ_01272,NF-κB,0.0028239746688268766,7.62666396027547
circ_01273,NF-κB,0.0019378713840365411,4.091952787784018
circ_01274,NF-κB,0.016315006525583663,5.398199433281971
circ_01275,PKR,0.03249604394596198,9.386878696527932
circ_01276,MDA5,0.027434663929053287,5.752238882579555
circ_01277,TLR7/8,0.02125461167939697,1.5356126903560576
circ_01278,RIG-I,0.042047001487661224,1.3458157101546795
circ_01279,JAK-STAT,0.022021711008020434,5.031447582015293
circ_01280,cGAS-STING,0.004086084810427319,5.712610430081328
circ_01281,cGAS-STING,0.02139357413457704,2.8970601841029358
circ_01282,TLR7/8,0.01473701888598469,1.6917206232353554
circ_01283,MDA5,0.048000826113694293,3.962897023591097
circ_01284,NF-κB,0.03826557056273008,4.394818221599465
circ_01285,RIG-I,0.02158713607177717,8.010789744045404
circ_01286,RIG-I,0.041841657571169526,2.1431821164273845
circ_01287,PKR,0.01951963861997559,7.32466073440738
circ_01288,MDA5,0.019888816552563585,9.501704926986138
circ_01289,TLR7/8,0.021624291608990355,3.958934977588885
circ_01290,cGAS-STING,0.019609693990865356,7.315528615105436
circ_01291,TLR7/8,0.011543150788564958,1.9909623922709314
circ_01292,TLR7/8,0.024362309068967664,9.20863268246578
circ_01293,PKR,0.04713268826609697,9.7351504682778
circ_01294,PKR,0.04777097376986177,8.356422325420727
circ_01295,RIG-I,0.027564520401555763,3.5737874826734646
circ_01296,NF-κB,0.011075269198751427,4.550525986223037
circ_01297,TLR7/8,0.011914447394402491,2.8742827932167456
circ_01298,MDA5,0.01482946783256435,4.425578706152747
circ_01299,NF-κB,0.004212923002867162,9.089132937442384
circ_01300,cGAS-STING,0.04135789738954984,2.807457424924122
circ_01301,JAK-STAT,0.03579451204922308,5.139868387472521
circ_01302,RIG-I,0.023444417118300115,8.91300425134753
circ_01303,RIG-I,0.04767390582211982,5.454652410784479
circ_01304,RIG-I,0.019027561229779427,5.590755123326711
circ_01305,PKR,0.002532098960112702,5.194406291559198
circ_01306,JAK-STAT,0.0209539022180588,7.883642435839463
circ_01307,TLR7/8,0.012830903210407248,9.706449816126689
circ_01308,JAK-STAT,0.036280268098649246,8.897965058398565
circ_01309,NF-κB,0.02463059214600809,2.848695135341443
circ_01310,TLR7/8,0.024467762292071482,2.170297946331372
circ_01311,TLR7/8,0.028429777677483666,8.902326534782045
circ_01312,NF-κB,0.010942268315205395,4.2481199962561345
circ_01313,MDA5,0.013980013560937699,6.1122101023685795
circ_01314,MDA5,0.0026979339875486804,9.333429270314136
circ_01315,MDA5,0.003464023979187581,6.313560319789782
circ_01316,TLR7/8,0.02252229817785917,9.064194941720398
circ_01317,cGAS-STING,0.040705210057722346,9.791332063947738
circ_01318,cGAS-STING,0.0050204006128131895,9.529904602048374
circ_01319,PKR,0.02148770622808452,5.173602790696151
circ_01320,cGAS-STING,0.04115662825935373,5.699155656767197
circ_01321,JAK-STAT,0.0035048242067384655,5.97894369640741
circ_01322,PKR,0.049292225237573505,5.9300890441423535
circ_01323,MDA5,0.03228356411860166,8.334033127255212
circ_01324,MDA5,0.023599833736073807,4.076909273611186
circ_01325,cGAS-STING,0.03412687034729579,9.91764382880331
circ_01326,NF-κB,0.04929301326775882,6.157104491555773
circ_01327,NF-κB,0.03293265073709334,8.540443692887887
circ_01328,NF-κB,0.018607531972984693,1.5694684418492633
circ_01329,PKR,0.013101738967641153,5.71167450820762
circ_01330,cGAS-STING,0.009779371780023995,4.626880949694403
circ_01331,MDA5,0.027557144211207394,4.901073774637053
circ_01332,RIG-I,0.02732584978799043,9.534161004565577
circ_01333,RIG-I,0.014429001341481094,2.6765474221844983
circ_01334,NF-κB,0.012372051186229603,3.193186441006148
circ_01335,NF-κB,0.03735888392321639,1.9720951169535144
circ_01336,RIG-I,0.02181629734027339,8.812085496802627
circ_01337,NF-κB,0.015114969241925857,3.0672079628847833
circ_01338,NF-κB,0.024240173397813366,8.741520228526687
circ_01339,NF-κB,0.04960677941422019,6.800985131442337
circ_01340,NF-κB,0.032874999190311796,3.5323509872598473
circ_01341,RIG-I,0.04034858362892345,2.022169580106544
circ_01342,NF-κB,0.019933536007246382,9.241307855937427
circ_01343,NF-κB,0.0027405822057014408,9.86331534500928
circ_01344,TLR7/8,0.02758551264618108,2.374859844161691
circ_01345,PKR,0.007511896496026884,1.4218606462524814
circ_01346,PKR,0.01948901514528514,7.090380886265035
circ_01347,JAK-STAT,0.02880228378658906,4.056549626421624
circ_01348,JAK-STAT,0.04450394222437406,1.3098144567186814
circ_01349,MDA5,0.005817735401421072,9.031350986056886
circ_01350,JAK-STAT,0.020350345144652667,8.794679929496102
circ_01351,MDA5,0.043284307641046564,9.641181633400388
circ_01352,PKR,0.012175628367191736,8.949804187630885
circ_01353,JAK-STAT,0.04454282183559984,1.2208482600357773
circ_01354,NF-κB,0.01092531785030184,2.8278968175959003
circ_01355,JAK-STAT,0.031340112723756905,2.977572931125702
circ_01356,JAK-STAT,0.04991040544312908,8.780552001863114
circ_01357,PKR,0.01635519601653729,8.7094655217809
circ_01358,PKR,0.03715832972509042,8.199980426501797
circ_01359,cGAS-STING,0.006239430180607194,7.989621148513858
circ_01360,NF-κB,0.018917700890926134,7.500236760799433
circ_01361,PKR,0.02263841411044082,3.4965369856623
circ_01362,cGAS-STING,0.04976612085073439,1.7095775491049974
circ_01363,PKR,0.034204807285856204,2.455725735219928
circ_01364,JAK-STAT,0.04427911252027436,7.9162201236919545
circ_01365,NF-κB,0.03854983351103269,7.515595350893747
circ_01366,MDA5,0.01365500920236326,8.705938685664936
circ_01367,cGAS-STING,0.023705718328064597,4.944739909273491
circ_01368,JAK-STAT,0.0304253963692164,5.033929133688719
circ_01369,RIG-I,0.030723473833493557,1.7134229654751278
circ_01370,cGAS-STING,0.021716478427526775,7.101020498759932
circ_01371,cGAS-STING,0.01156502299370224,5.958593738059497
circ_01372,JAK-STAT,0.028203388669921458,1.1881893917476085
circ_01373,JAK-STAT,0.035825365938593645,8.668109110893642
circ_01374,TLR7/8,0.03272471461533933,1.1107861807478978
circ_01375,RIG-I,0.008646851577574974,3.420598305916023
circ_01376,TLR7/8,0.02151735159797571,9.229536805768577
circ_01377,MDA5,0.020618105919954485,8.31383219442897
circ_01378,MDA5,0.008457430057573297,2.605644747329025
circ_01379,RIG-I,0.027130857675262063,3.44862323816396
circ_01380,JAK-STAT,0.011878076015925932,9.575695222634817
circ_01381,NF-κB,0.020316236798861916,6.519395290828348
circ_01382,MDA5,0.011204694543031517,3.8256867404167423
circ_01383,NF-κB,0.006193005493967571,7.591843018605736
circ_01384,JAK-STAT,0.049134740090568535,3.526279345925123
circ_01385,cGAS-STING,0.047832068480380296,3.7107041134117127
circ_01386,NF-κB,0.002693840568522274,8.422834587526978
circ_01387,MDA5,0.030280388433457973,3.7252805308389707
circ_01388,TLR7/8,0.026494667125863302,1.3822538389553178
circ_01389,RIG-I,0.03348216619164874,6.1003531755958225
circ_01390,PKR,0.014491602483651504,7.950344376587566
circ_01391,RIG-I,0.005316731487613297,8.899565404428937
circ_01392,PKR,0.028392761619484196,8.616706382151577
circ_01393,TLR7/8,0.024588687646049375,1.711557826435496
circ_01394,MDA5,0.015727513819007072,4.3212019938498045
circ_01395,TLR7/8,0.005923856429455989,3.7052881244927853
circ_01396,cGAS-STING,0.021140473364855836,9.061469968398479
circ_01397,MDA5,0.04572808063677439,8.483073123120526
circ_01398,MDA5,0.03609923350844139,6.574119351313217
circ_01399,cGAS-STING,0.022746224171457826,7.041431542633981
circ_01400,RIG-I,0.03648550712750351,7.559517670466612
circ_01401,NF-κB,0.028098984591926165,8.282393280242813
circ_01402,NF-κB,0.04608169301939345,8.434270677647088
circ_01403,PKR,0.04283851848214329,9.872418211325638
circ_01404,TLR7/8,0.04364662158772943,1.11177345063318
circ_01405,NF-κB,0.03557020149408388,2.5023027263312425
circ_01406,NF-κB,0.042125836570580645,2.8017890427902277
circ_01407,PKR,0.03658662757585017,3.779588628216791
circ_01408,RIG-I,0.009922105457721854,7.580065162654091
circ_01409,JAK-STAT,0.012046879198214663,1.0080280055839395
circ_01410,cGAS-STING,0.0054054099941492195,5.512665330226919
circ_01411,JAK-STAT,0.0417667757028264,5.2897193555865885
circ_01412,PKR,0.01729399681048044,7.923700631025705
circ_01413,JAK-STAT,0.010500297129030441,9.471282344699276
circ_01414,RIG-I,0.030614002907960833,3.9184062445926013
circ_01415,PKR,0.008645833221474143,6.7363810103402315
circ_01416,NF-κB,0.001964557763299191,4.671716985942055
circ_01417,cGAS-STING,0.039022791680166626,3.593838294254049
circ_01418,PKR,0.014252073568415301,1.954074764949989
circ_01419,TLR7/8,0.03887274271151215,6.611934768283442
circ_01420,PKR,0.022120801989942977,4.944113462306986
circ_01421,RIG-I,0.03464206415258703,5.602280782796568
circ_01422,PKR,0.02154206849614641,4.404757461558374
circ_01423,MDA5,0.04924090879125114,5.434250544732311
circ_01424,TLR7/8,0.03389871507525676,1.8376631706751354
circ_01425,JAK-STAT,0.042406358201956894,4.857724380722669
circ_01426,PKR,0.006563602088760034,3.9145072294802903
circ_01427,NF-κB,0.03940235507277679,2.8460253893839416
circ_01428,TLR7/8,0.002151729745418906,2.40206700954601
circ_01429,TLR7/8,0.017738840357710423,7.6994710262938755
circ_01430,NF-κB,0.031886028495804734,7.878507570237526
circ_01431,NF-κB,0.013837684159667338,3.2760529400938134
circ_01432,RIG-I,0.0016846607233477972,1.0031299171572008
circ_01433,JAK-STAT,0.01324799794237284,1.5763293976019652
circ_01434,RIG-I,0.04821794899539725,5.257380732627319
circ_01435,MDA5,0.02384794733798465,4.036326320835531
circ_01436,TLR7/8,0.0077141954747256105,3.2500637864045614
circ_01437,cGAS-STING,0.02850539136115645,1.3678808901779322
circ_01438,NF-κB,0.02373132676158755,1.8238016400352377
circ_01439,NF-κB,0.04929034523889247,4.971831424694742
circ_01440,JAK-STAT,0.048178496000137475,1.4736914001931143
circ_01441,NF-κB,0.02441098099509099,4.636176851971086
circ_01442,TLR7/8,0.005405019819706865,6.531431507120193
circ_01443,PKR,0.005093918867513578,4.862049488651338
circ_01444,RIG-I,0.013046374172817846,4.90154058842905
circ_01445,RIG-I,0.03796184655031499,4.898925654837817
circ_01446,PKR,0.04419921705969497,4.406100839958969
circ_01447,TLR7/8,0.021992292322515768,9.163570871500955
circ_01448,PKR,0.03725380786708889,5.01593577861069
circ_01449,RIG-I,0.037136503139389945,4.772843514317069
circ_01450,NF-κB,0.027256827325234177,6.0687967716288345
circ_01451,PKR,0.005699064123586947,6.262073542770957
circ_01452,TLR7/8,0.03577163048785805,2.5996728983768858
circ_01453,JAK-STAT,0.029529384163429588,5.03970807799321
circ_01454,JAK-STAT,0.003501946175909858,4.397954990200105
circ_01455,JAK-STAT,0.03899219957387141,6.043257490069634
circ_01456,NF-κB,0.015300439601596168,6.671743853413771
circ_01457,RIG-I,0.014489644763225049,7.56246442978415
circ_01458,cGAS-STING,0.007731976091204946,8.468287534959156
circ_01459,NF-κB,0.01805841476438562,5.783082214879151
circ_01460,PKR,0.009124229386041592,5.301394901566105
circ_01461,JAK-STAT,0.004314383180086185,5.385425613114885
circ_01462,RIG-I,0.00948107032720245,1.9447315227006916
circ_01463,RIG-I,0.0036581008899610845,7.489658756560642
circ_01464,RIG-I,0.021304693298855898,5.410517422405227
circ_01465,TLR7/8,0.02218929514410936,2.1455164997226337
circ_01466,cGAS-STING,0.028792778693566837,6.2836630066144785
circ_01467,RIG-I,0.047962377227195686,2.796476690245959
circ_01468,PKR,0.0034747437210113307,9.13001893601399
circ_01469,JAK-STAT,0.007209890223776606,1.69987855355475
circ_01470,RIG-I,0.017486775637581234,9.689629964879668
circ_01471,JAK-STAT,0.04312629402135425,8.918218260677472
circ_01472,RIG-I,0.0434894027543795,6.703265177254903
circ_01473,PKR,0.01881049736655906,6.143216002652052
circ_01474,PKR,0.01832846664851102,3.719960498647873
circ_01475,MDA5,0.04940074979038182,7.615233755892513
circ_01476,JAK-STAT,0.032931082007398145,9.48446993827127
circ_01477,TLR7/8,0.04809181197211696,9.270389316811332
circ_01478,RIG-I,0.0256554911360411,7.990887473385213
circ_01479,MDA5,0.015485786516683388,5.535616273640633
circ_01480,cGAS-STING,0.01778996464385412,5.900286400528408
circ_01481,NF-κB,0.00638480619855819,7.80103328739236
circ_01482,MDA5,0.021858819817414648,7.633704201276978
circ_01483,JAK-STAT,0.028586515618665185,4.251730092538791
circ_01484,TLR7/8,0.03200382114767897,2.3911036197534807
circ_01485,TLR7/8,0.03975848460601296,3.3988743774028443
circ_01486,JAK-STAT,0.011718454279108947,1.8464472916951542
circ_01487,cGAS-STING,0.04050165788011976,7.89279485754448
circ_01488,RIG-I,0.02877741627428732,6.96857330283673
circ_01489,cGAS-STING,0.00756793190692727,8.233508002740683
circ_01490,PKR,0.024272153482630357,6.232450905364469
circ_01491,MDA5,0.04420728330631175,5.5944461743547285
circ_01492,JAK-STAT,0.013063521397114041,7.914031598708441
circ_01493,TLR7/8,0.028924386260921888,2.7343746370762085
circ_01494,JAK-STAT,0.012829777254917397,9.681072146115588
circ_01495,PKR,0.005337966837089968,8.535338186328392
circ_01496,NF-κB,0.048851463362578264,7.816589013300198
circ_01497,MDA5,0.04942085440275725,6.020656979391978
circ_01498,MDA5,0.020881572346603365,2.6495426426754998
circ_01499,PKR,0.010993249822262553,2.2361903385467956
circ_01500,PKR,0.014639638429841239,6.952173637995009
circ_01501,TLR7/8,0.0046985781725123864,7.63870018445885
circ_01502,TLR7/8,0.038692757288682704,5.286434862719913
circ_01503,MDA5,0.04494713973262824,3.9717047538225785
circ_01504,RIG-I,0.022145104329823716,2.171791528350384
circ_01505,JAK-STAT,0.025413592999452624,8.462097607284699
circ_01506,PKR,0.009029460087686968,2.574594079404541
circ_01507,TLR7/8,0.040019794283011105,2.1273595492080917
circ_01508,MDA5,0.04821264318498755,3.5389613076120554
circ_01509,JAK-STAT,0.031089896120551592,5.116600195406429
circ_01510,JAK-STAT,0.04499349857058171,6.3788704508798455
circ_01511,NF-κB,0.03458244188852549,5.836595630068437
circ_01512,JAK-STAT,0.025547170131779085,7.054447317796383
circ_01513,cGAS-STING,0.04812923063835705,2.7643884600354323
circ_01514,MDA5,0.011249958079770184,6.875333210739561
circ_01515,JAK-STAT,0.02898627033982698,6.36237188940072
circ_01516,cGAS-STING,0.001271708778340662,7.401520428651937
circ_01517,RIG-I,0.03524944188645455,6.472333883764484
circ_01518,RIG-I,0.022574789678418878,5.048330508545803
circ_01519,PKR,0.0050041924189235965,3.799456945689226
circ_01520,PKR,0.04071947715570556,8.646811537007324
circ_01521,RIG-I,0.02461105916935686,7.851244682403154
circ_01522,JAK-STAT,0.0050637904440735786,6.149665344648
circ_01523,cGAS-STING,0.03142741416310355,4.623827023341425
circ_01524,RIG-I,0.04348369814953335,2.0539902244632033
circ_01525,JAK-STAT,0.011481794014722674,6.023330509347343
circ_01526,JAK-STAT,0.03283255182549596,2.408530445049636
circ_01527,TLR7/8,0.026119311502619667,8.569620283326927
circ_01528,NF-κB,0.017805896558445215,2.5741605536778773
circ_01529,RIG-I,0.0027372982044471437,1.930250519979073
circ_01530,PKR,0.022135969795726407,4.338016434273947
circ_01531,cGAS-STING,0.004891246510040179,9.577537888747766
circ_01532,JAK-STAT,0.006023240446367398,9.094488785746073
circ_01533,PKR,0.02387806205369745,5.255156245323607
circ_01534,TLR7/8,0.036680402495982076,3.086287911659925
circ_01535,MDA5,0.01003452210582527,1.3209824871210496
circ_01536,RIG-I,0.0019606394094300334,4.574263008889201
circ_01537,NF-κB,0.03661450207721003,2.791520605367251
circ_01538,RIG-I,0.028716837508501587,8.887785556347708
circ_01539,TLR7/8,0.005820933685511154,9.33402797287716
circ_01540,TLR7/8,0.024726646971509777,2.6895715987244153
circ_01541,MDA5,0.022261977019064825,4.284650910314065
circ_01542,RIG-I,0.026709095049596666,5.532647388332605
circ_01543,cGAS-STING,0.02294989392368209,3.668091016900162
circ_01544,PKR,0.017304310716016465,4.383774292140076
circ_01545,TLR7/8,0.006586129844664449,8.848220455222595
circ_01546,JAK-STAT,0.001516976592693384,1.2259014241506485
circ_01547,cGAS-STING,0.047199870371712964,5.191950371433235
circ_01548,NF-κB,0.002446239053770921,3.271819998454421
circ_01549,PKR,0.007834066971823522,3.137869008969711
circ_01550,cGAS-STING,0.008066579552465078,5.438623146698622
circ_01551,TLR7/8,0.03384492701017521,3.2487208209212475
circ_01552,TLR7/8,0.005380040537854761,2.6920106869210496
circ_01553,cGAS-STING,0.027178419669775543,1.2595642763257122
circ_01554,cGAS-STING,0.02589890587047341,6.815621132056888
circ_01555,PKR,0.013423142688534555,8.204188690437679
circ_01556,TLR7/8,0.027380868733003206,4.543163255667913
circ_01557,JAK-STAT,0.016991349894080108,9.520906551163398
circ_01558,RIG-I,0.017499809212020326,3.1962860867155904
circ_01559,MDA5,0.03186760263229607,6.240676045450553
circ_01560,JAK-STAT,0.011281382371094096,9.949605810157628
circ_01561,TLR7/8,0.011898110510997595,2.174058880341176
circ_01562,NF-κB,0.0038627972283911682,7.521728163776264
circ_01563,MDA5,0.03093693316541519,5.636142906182666
circ_01564,MDA5,0.047447967792999896,3.5953283970725605
circ_01565,NF-κB,0.013440563902504685,7.651447257853538
circ_01566,NF-κB,0.044292069410738585,9.63941323954179
circ_01567,MDA5,0.0016451847562099404,2.3403238967423965
circ_01568,PKR,0.042815297613226784,8.364273175504172
circ_01569,TLR7/8,0.04135913574407898,2.475264110557682
circ_01570,PKR,0.02477182597391841,8.368689600353852
circ_01571,NF-κB,0.014340982369412364,5.532332287658498
circ_01572,MDA5,0.01120354836234012,4.525559302010215
circ_01573,RIG-I,0.007781816495309515,4.668433784657255
circ_01574,NF-κB,0.028495783666497992,5.799649793969618
circ_01575,MDA5,0.02823994616611186,2.506946604188875
circ_01576,PKR,0.017426718991296053,4.976299983409115
circ_01577,TLR7/8,0.039373155114741154,2.1716202469210035
circ_01578,RIG-I,0.01878969540901817,6.603871314096106
circ_01579,TLR7/8,0.040970575739193535,3.1879510010327596
circ_01580,TLR7/8,0.049144328112652305,5.456964227034402
circ_01581,MDA5,0.038119331462244485,7.296505082992179
circ_01582,TLR7/8,0.04707067669075273,3.001473900632438
circ_01583,NF-κB,0.008371503792599233,5.053062200023922
circ_01584,PKR,0.029793644386751635,1.516176724011423
circ_01585,RIG-I,0.0038017302578800707,1.6512246913311004
circ_01586,RIG-I,0.01760760614775312,2.2384454986592175
circ_01587,JAK-STAT,0.01230319716387598,8.532229620473965
circ_01588,MDA5,0.04664011440119146,3.891706636558758
circ_01589,PKR,0.04327582016711943,7.487103719242472
circ_01590,MDA5,0.025547692487170065,5.7130863591847225
circ_01591,MDA5,0.020647017233847705,5.373652843222522
circ_01592,NF-κB,0.010931374619348004,6.371253072913959
circ_01593,RIG-I,0.026575676445919075,6.112133127017317
circ_01594,TLR7/8,0.045043204171802395,8.592786576741432
circ_01595,MDA5,0.022439690373351764,8.492261153850823
circ_01596,NF-κB,0.04601400867139112,6.9085340712214105
circ_01597,cGAS-STING,0.013959030799438967,6.902728599735493
circ_01598,cGAS-STING,0.04838948678512559,6.778629285616274
circ_01599,cGAS-STING,0.02823726493449182,8.206550591457361
circ_01600,cGAS-STING,0.03978257001616524,4.59224528780513
circ_01601,NF-κB,0.04182121133442911,4.08587495701887
circ_01602,MDA5,0.011336974857820387,3.4285025018686124
circ_01603,MDA5,0.008623221827295764,8.7406896830854
circ_01604,cGAS-STING,0.0019207028473212625,1.2687531979787279
circ_01605,MDA5,0.006645651877344496,3.459257607616536
circ_01606,PKR,0.010486836160729943,2.498318392794316
circ_01607,NF-κB,0.029034114749258058,8.108422483755554
circ_01608,JAK-STAT,0.02291932282004981,4.351570350503813
circ_01609,PKR,0.03184805781248389,2.9526108338933987
circ_01610,RIG-I,0.013968482283219064,4.964195507767271
circ_01611,MDA5,0.013229953506671777,1.6189192873179925
circ_01612,JAK-STAT,0.026958144020523527,4.935697444808142
circ_01613,NF-κB,0.019917077187992637,7.568623329967073
circ_01614,MDA5,0.020707303686885836,3.7571317698690643
circ_01615,TLR7/8,0.03110032831730494,3.6949381791882576
circ_01616,RIG-I,0.016357470360110943,3.6191443663955813
circ_01617,JAK-STAT,0.015263975835398388,5.641858379930146
circ_01618,JAK-STAT,0.0432068557504685,6.148950892150189
circ_01619,PKR,0.007657956703794277,4.779936944235501
circ_01620,JAK-STAT,0.03513750199754676,4.729071503341802
circ_01621,PKR,0.019389164489777694,8.338560527844846
circ_01622,NF-κB,0.022201831360732165,4.864869212550074
circ_01623,PKR,0.023912569064918548,9.00781792204891
circ_01624,PKR,0.029179564432779467,5.301477106350848
circ_01625,TLR7/8,0.020818285857786025,4.892973751803949
circ_01626,cGAS-STING,0.04609979147747997,3.766524543022639
circ_01627,PKR,0.008139639530130617,3.1673498209476234
circ_01628,MDA5,0.023195972673587178,6.278523563662063
circ_01629,MDA5,0.037326787603764414,6.852570744050457
circ_01630,RIG-I,0.02517617593592991,2.037190774661493
circ_01631,cGAS-STING,0.0011003352406569694,2.0260835347694135
circ_01632,MDA5,0.03388783865691135,1.237750291402417
circ_01633,JAK-STAT,0.03525078153255045,5.390187855865646
circ_01634,PKR,0.004019921679364025,7.570960897974891
circ_01635,PKR,0.02141884748624752,7.690539099438801
circ_01636,NF-κB,0.03154946434706167,7.547714868053001
circ_01637,MDA5,0.005256341245464821,6.425166837942444
circ_01638,TLR7/8,0.038984696416972615,1.0070207894097747
circ_01639,RIG-I,0.024748738425932174,6.959706447788045
circ_01640,JAK-STAT,0.046617333224352624,9.193662020747503
circ_01641,MDA5,0.035161248510002956,1.9049971585517809
circ_01642,NF-κB,0.007379506034334435,8.074475244073376
circ_01643,MDA5,0.017493180407982367,3.6475049382385345
circ_01644,NF-κB,0.0031374121178156735,2.039236672471345
circ_01645,MDA5,0.023617487386871805,7.426691641188636
circ_01646,RIG-I,0.02093355006358122,9.288537921726443
circ_01647,NF-κB,0.026692232463173985,9.82645533524578
circ_01648,TLR7/8,0.0069628076218036464,1.1801939077552817
circ_01649,NF-κB,0.023515592996433323,7.089097451230816
circ_01650,cGAS-STING,0.0015499577303784747,7.325365016335393
circ_01651,cGAS-STING,0.00863988798198729,4.580898195976577
circ_01652,RIG-I,0.04771469928660567,8.97210041033513
circ_01653,JAK-STAT,0.023118406174858382,2.9346929224928555
circ_01654,RIG-I,0.046924927957216575,7.118452585521748
circ_01655,PKR,0.024827367135288055,3.897190958270472
circ_01656,PKR,0.011374356017649946,8.329306049199063
circ_01657,cGAS-STING,0.00743057795588218,2.728335852794244
circ_01658,JAK-STAT,0.0066419724784226655,2.5848910730958905
circ_01659,PKR,0.03783517119763372,9.130729574190969
circ_01660,RIG-I,0.004059842377213819,3.8159137023905636
circ_01661,TLR7/8,0.004477452155548135,7.5771245598084755
circ_01662,PKR,0.014094007490333398,2.1000343167312376
circ_01663,RIG-I,0.004372101230839156,5.8078145658133575
circ_01664,TLR7/8,0.029384394342685062,1.869851528607299
circ_01665,RIG-I,0.017557239607200216,6.618077914506726
circ_01666,JAK-STAT,0.02476132180318297,3.179193059537798
circ_01667,NF-κB,0.006602618359477689,8.429510400176849
circ_01668,cGAS-STING,0.017440439790442647,2.1807057119371276
circ_01669,JAK-STAT,0.013306675492879328,1.7563544588602649
circ_01670,NF-κB,0.012918821664666173,7.547741871455775
circ_01671,TLR7/8,0.04241499414550758,2.0377042961587972
circ_01672,JAK-STAT,0.03168147962795029,7.030396091570796
circ_01673,MDA5,0.03345915664119465,6.84898596081452
circ_01674,JAK-STAT,0.025437297680719836,8.097085462214105
circ_01675,JAK-STAT,0.03475608779404684,9.999567306882124
circ_01676,cGAS-STING,0.029718563281689047,2.565158006818808
circ_01677,JAK-STAT,0.002636023666810876,4.172832599604158
circ_01678,cGAS-STING,0.005778856171548534,3.2237792583699636
circ_01679,JAK-STAT,0.014029647864404759,4.260885789450679
circ_01680,NF-κB,0.03778173587596092,1.0893767612228764
circ_01681,MDA5,0.015215421914057965,5.385758574930434
circ_01682,TLR7/8,0.03888873948145029,7.6667149445725915
circ_01683,JAK-STAT,0.020756178813312057,1.3569025128423382
circ_01684,NF-κB,0.026167508268153693,4.185866127790945
circ_01685,cGAS-STING,0.02070623269357051,4.3739604078125645
circ_01686,PKR,0.02753595900183283,2.131681005991166
circ_01687,NF-κB,0.02887956242440464,5.260958633024
circ_01688,cGAS-STING,0.005773028371463547,6.240127872644687
circ_01689,RIG-I,0.04324484353198216,4.312643349927171
circ_01690,PKR,0.02708634168208353,1.7630619823624851
circ_01691,RIG-I,0.012370983888251596,6.499104996303063
circ_01692,TLR7/8,0.042561287942288806,5.936382106267521
circ_01693,cGAS-STING,0.0020193564716593747,7.514265006649795
circ_01694,PKR,0.0195294475404954,6.018320031991379
circ_01695,RIG-I,0.04780769286252504,2.8916935301577507
circ_01696,PKR,0.04853215866273076,3.6767764259568567
circ_01697,TLR7/8,0.013484246718829241,4.121388321311077
circ_01698,JAK-STAT,0.045477791836579025,4.350056555889711
circ_01699,PKR,0.041123446754559215,3.6607100117558002
circ_01700,PKR,0.04960869893970295,9.691774320090051
circ_01701,cGAS-STING,0.0012896977614815443,9.22050279598204
circ_01702,NF-κB,0.040488705124447875,5.801421367248944
circ_01703,cGAS-STING,0.01045222083157921,9.32883865455971
circ_01704,PKR,0.017467476980108417,7.044422960614985
circ_01705,MDA5,0.011734742888212042,7.583895096362181
circ_01706,TLR7/8,0.0035835877059124887,4.6177535276332975
circ_01707,PKR,0.014114248827186381,2.828935857815176
circ_01708,RIG-I,0.018143065108148823,2.7477733498301475
circ_01709,MDA5,0.030049307206324916,6.926510867408844
circ_01710,RIG-I,0.014127412559369987,1.409868379155161
circ_01711,RIG-I,0.030053636045926688,1.9212091890368441
circ_01712,JAK-STAT,0.026945085255727867,1.4760777732954027
circ_01713,TLR7/8,0.03396470307690514,1.926345934229733
circ_01714,TLR7/8,0.007694564195112689,4.475856843268867
circ_01715,NF-κB,0.04558518273570918,6.945625791645655
circ_01716,cGAS-STING,0.011570306611700762,7.138199310220344
circ_01717,cGAS-STING,0.04415911827646794,5.334857556548996
circ_01718,RIG-I,0.03417126314770777,2.713810387200991
circ_01719,cGAS-STING,0.019303826295068393,9.704747498103954
circ_01720,NF-κB,0.046976823500696346,1.6663688129113066
circ_01721,MDA5,0.04051826183203567,2.9733724209411947
circ_01722,TLR7/8,0.030102894588715453,8.879206039682702
circ_01723,NF-κB,0.045131591141399766,4.569246644838859
circ_01724,NF-κB,0.017704629249329754,7.684313357669696
circ_01725,TLR7/8,0.0364295332147324,2.417126820307745
circ_01726,MDA5,0.025584103595864483,1.344378074448343
circ_01727,JAK-STAT,0.046681117971765586,5.441647541137603
circ_01728,NF-κB,0.01939376049314106,4.936643251735381
circ_01729,cGAS-STING,0.02358748147415985,5.622438766207398
circ_01730,cGAS-STING,0.0457195947859643,6.232788573184951
circ_01731,JAK-STAT,0.029529974937619632,9.223055500096239
circ_01732,MDA5,0.021425953776109983,8.684856806076052
circ_01733,cGAS-STING,0.005005776376866957,2.137786811983728
circ_01734,cGAS-STING,0.019584096530524522,5.920658555744657
circ_01735,RIG-I,0.005606716297837068,5.964285055426821
circ_01736,RIG-I,0.003925652487194481,2.7207364299585324
circ_01737,TLR7/8,0.019830978504300836,2.3047669011273264
circ_01738,PKR,0.007588408121152016,7.073192595577364
circ_01739,RIG-I,0.013974823510474427,8.290843744775689
circ_01740,NF-κB,0.012581033048788683,5.895848368384918
circ_01741,cGAS-STING,0.021218041157478988,3.0377737084946648
circ_01742,NF-κB,0.038361130658160277,5.157111760946169
circ_01743,JAK-STAT,0.009488185803165045,4.464780803045427
circ_01744,TLR7/8,0.018483961712192746,5.398865043164407
circ_01745,RIG-I,0.04006557034207128,3.8521202019252683
circ_01746,MDA5,0.04588226309453799,9.616396030172023
circ_01747,cGAS-STING,0.00641541599386384,4.464444169918416
circ_01748,RIG-I,0.016547673342836904,3.174178215925206
circ_01749,TLR7/8,0.045703538640358095,1.546897046427737
circ_01750,PKR,0.030464481316207305,9.138626186567848
circ_01751,NF-κB,0.03480776161147007,3.6451971659092512
circ_01752,MDA5,0.02797743507673154,1.7764247612575677
circ_01753,cGAS-STING,0.02337638423572948,5.3984278902856575
circ_01754,JAK-STAT,0.02002742405668326,1.6449880571869975
circ_01755,NF-κB,0.024284958625843303,5.173845365262573
circ_01756,JAK-STAT,0.02823648720529555,2.85350755631048
circ_01757,TLR7/8,0.01873916572734097,7.853608912741324
circ_01758,JAK-STAT,0.04856148671584065,6.301224814707336
circ_01759,JAK-STAT,0.0204265131379993,7.667930651677635
circ_01760,PKR,0.018881283262133244,6.688060010051048
circ_01761,MDA5,0.019729998568324643,4.457701115249117
circ_01762,MDA5,0.033192142038359504,7.0751860289576465
circ_01763,TLR7/8,0.014878434482975305,1.2628423106785567
circ_01764,JAK-STAT,0.04674638519644588,3.5455903299796527
circ_01765,cGAS-STING,0.005345885395242268,4.163904349800555
circ_01766,RIG-I,0.03635440017337833,1.421176360567618
circ_01767,NF-κB,0.03205949375116538,5.677972139772591
circ_01768,RIG-I,0.02256441330435794,5.87917017637615
circ_01769,PKR,0.012582272769281144,3.4096899578864224
circ_01770,cGAS-STING,0.02446962611052475,5.812043819795338
circ_01771,NF-κB,0.021718879265035736,1.4804410725968324
circ_01772,MDA5,0.0052086025168610476,6.8559488541662565
circ_01773,PKR,0.024786248032157825,5.7020564587723905
circ_01774,cGAS-STING,0.025441161491625126,3.8922372507369176
circ_01775,cGAS-STING,0.014018950219380252,3.2378506805749057
circ_01776,TLR7/8,0.03496866278511867,5.52630070576202
circ_01777,cGAS-STING,0.010437872330848509,1.1806051576221783
circ_01778,MDA5,0.020450376932876504,7.857340717314852
circ_01779,TLR7/8,0.02082052654627221,4.239125196155943
circ_01780,JAK-STAT,0.012788647840483655,8.966835301563453
circ_01781,RIG-I,0.02578413337850225,5.893325400984616
circ_01782,TLR7/8,0.027774256175371638,3.218639142227953
circ_01783,cGAS-STING,0.022794185241601782,4.80433712696248
circ_01784,cGAS-STING,0.030898869245268412,7.9116668781215695
circ_01785,NF-κB,0.023702492412048515,1.524889262001874
circ_01786,NF-κB,0.024691931902265978,1.4427677533255865
circ_01787,TLR7/8,0.03330320517905076,4.200717864050271
circ_01788,JAK-STAT,0.017051652727452904,4.378136628161269
circ_01789,PKR,0.03951017634963398,6.567785261347164
circ_01790,MDA5,0.029556144825892416,5.930434851658086
circ_01791,cGAS-STING,0.0463757243186777,8.775656164143559
circ_01792,cGAS-STING,0.008132569874411069,6.724945899655412
circ_01793,JAK-STAT,0.011368256815291938,9.791139996214365
circ_01794,JAK-STAT,0.022607354242176074,1.3994939253673524
circ_01795,MDA5,0.034976005303741106,9.544360130981381
circ_01796,cGAS-STING,0.0282489876734271,6.374015093769371
circ_01797,NF-κB,0.019732381447519647,1.6400660245408767
circ_01798,PKR,0.03403011063988114,3.9576924267875917
circ_01799,TLR7/8,0.020027409548571382,9.466402372537916
circ_01800,PKR,0.0344931392288409,5.318390477101273
circ_01801,MDA5,0.02750707870100354,6.662144137779984
circ_01802,PKR,0.0010588184552496613,8.17343618178407
circ_01803,MDA5,0.012125243608904272,8.428141338655815
circ_01804,RIG-I,0.025435185423905243,4.896851297871271
circ_01805,JAK-STAT,0.0360383365426343,6.393215568599336
circ_01806,PKR,0.020199842590429826,2.958859252342852
circ_01807,MDA5,0.021158445507619132,2.4900518813072545
circ_01808,RIG-I,0.0016735801242680432,3.1497980468162083
circ_01809,PKR,0.031397890928129425,9.084537491219628
circ_01810,cGAS-STING,0.041157574890864725,7.603523148040841
circ_01811,TLR7/8,0.02454294746701187,1.0112654465002386
circ_01812,cGAS-STING,0.015275584066670019,3.8414434042674426
circ_01813,JAK-STAT,0.04094969204196424,1.7249147926042423
circ_01814,TLR7/8,0.04057862938802583,8.488271621511279
circ_01815,MDA5,0.04887338771854184,3.6080749523192854
circ_01816,PKR,0.0013109202320846203,3.3813831347918057
circ_01817,RIG-I,0.039005366904477104,3.741147313648538
circ_01818,PKR,0.02388154609648403,2.998900847979959
circ_01819,TLR7/8,0.014789916306769183,2.955521910422149
circ_01820,MDA5,0.029615014933136046,8.458945440683477
circ_01821,PKR,0.0028346241297720555,9.754207277126707
circ_01822,JAK-STAT,0.03195198437622921,9.147219210483104
circ_01823,PKR,0.0018156505492662083,3.175368038189069
circ_01824,cGAS-STING,0.028234592858877822,1.248948021715398
circ_01825,cGAS-STING,0.0030495354923210675,8.015563411420667
circ_01826,PKR,0.04469241214365316,9.177391016068794
circ_01827,TLR7/8,0.014855406468229908,6.201008571105717
circ_01828,JAK-STAT,0.038198714253131184,6.698280151734392
circ_01829,TLR7/8,0.029291593453027943,6.884325830542828
circ_01830,NF-κB,0.048748860540649794,5.1180133123975455
circ_01831,PKR,0.0024556672409495146,4.563009189773414
circ_01832,NF-κB,0.005757290577076117,4.412473213429179
circ_01833,RIG-I,0.02112680698718508,4.8758617562151425
circ_01834,NF-κB,0.012968538519855455,7.078079867589466
circ_01835,cGAS-STING,0.015946539742331487,8.859880407515792
circ_01836,JAK-STAT,0.013388848788662842,4.562479670260562
circ_01837,MDA5,0.014427905028163268,6.916890863603044
circ_01838,PKR,0.042155069672633924,9.957338538359114
circ_01839,RIG-I,0.006349221341094505,9.044998231792219
circ_01840,JAK-STAT,0.009648005791883952,6.048188119248468
circ_01841,RIG-I,0.019424402400646038,8.902574725199308
circ_01842,cGAS-STING,0.03787109410042255,1.0171731784262168
circ_01843,RIG-I,0.02439871043378569,6.3377107328928615
circ_01844,PKR,0.03829213018914704,7.6939098528302265
circ_01845,RIG-I,0.021856962147338527,6.569914298161492
circ_01846,TLR7/8,0.039103068378479815,2.24106682383597
circ_01847,RIG-I,0.01249029865543156,5.8109933733369035
circ_01848,RIG-I,0.04654266692896866,8.13492492213712
circ_01849,NF-κB,0.02297105293370166,1.0590848653406466
circ_01850,PKR,0.004741298279395367,4.500938124811411
circ_01851,RIG-I,0.043903981891923134,4.493860133032085
circ_01852,cGAS-STING,0.001641208652337813,2.3624556122712286
circ_01853,JAK-STAT,0.038009526490906304,4.195481797606153
circ_01854,cGAS-STING,0.04892729397231256,3.828120904026692
circ_01855,RIG-I,0.01667236558469868,6.85020928834571
circ_01856,JAK-STAT,0.002156537948102477,1.3124064366150132
circ_01857,MDA5,0.012546225593423666,3.1160401824789736
circ_01858,MDA5,0.04310429805714614,1.5458587854235195
circ_01859,MDA5,0.027073013734571792,7.539114574704152
circ_01860,MDA5,0.017836278340900163,7.04639007390752
circ_01861,RIG-I,0.049572880595137925,1.7480186435954388
circ_01862,JAK-STAT,0.006592675701377446,6.178949353910105
circ_01863,MDA5,0.04173934530080254,5.776950537593393
circ_01864,TLR7/8,0.007237587254632616,8.619093440139116
circ_01865,cGAS-STING,0.02412697679141217,7.559922926251265
circ_01866,cGAS-STING,0.04597596758341472,8.718945764727483
circ_01867,NF-κB,0.02262074698347552,2.087790606899641
circ_01868,MDA5,0.024935772972368226,8.738487091561922
circ_01869,NF-κB,0.020525387888570865,1.3672830208817017
circ_01870,TLR7/8,0.04235540900996032,4.281477594658682
circ_01871,PKR,0.02102289445196227,8.629716101008071
circ_01872,RIG-I,0.019038393921098837,8.285692810068277
circ_01873,JAK-STAT,0.040884461359454116,7.303983987290869
circ_01874,RIG-I,0.022359533188990952,7.92948131219376
circ_01875,JAK-STAT,0.013108994112892493,6.956875709215627
circ_01876,cGAS-STING,0.03813318428414105,8.807968487159279
circ_01877,MDA5,0.02193441413056102,1.3355328787762941
circ_01878,MDA5,0.0453327807051694,3.1716726586686748
circ_01879,TLR7/8,0.01612410544155952,2.1851276197448573
circ_01880,cGAS-STING,0.005145255151165863,9.874570819544353
circ_01881,JAK-STAT,0.04421448607212668,4.3995979893564074
circ_01882,cGAS-STING,0.005982260738153265,8.584024394135527
circ_01883,PKR,0.007468687540231577,8.463486153450466
circ_01884,TLR7/8,0.008377822388069913,5.1462579774171
circ_01885,RIG-I,0.014932536475181623,2.622440759223109
circ_01886,RIG-I,0.03122862203645908,7.2794226874296895
circ_01887,JAK-STAT,0.034268308667839836,5.516311038167693
circ_01888,cGAS-STING,0.043325230702241174,3.8853145753164693
circ_01889,TLR7/8,0.043628133834646796,2.8720486998223893
circ_01890,cGAS-STING,0.02901710175206671,7.729103256121097
circ_01891,TLR7/8,0.015031230950035373,3.7125875351232343
circ_01892,MDA5,0.04839773838803877,2.5460406811803398
circ_01893,MDA5,0.04529234255244608,9.917484203230888
circ_01894,MDA5,0.02931146721703305,3.463561879794792
circ_01895,NF-κB,0.04496011232853015,9.348816387256466
circ_01896,cGAS-STING,0.0466914379390565,9.405674304782732
circ_01897,NF-κB,0.003784200462040247,9.807955912618745
circ_01898,RIG-I,0.03965013702941038,9.976478922061876
circ_01899,MDA5,0.002135409685722247,6.277373812736869
circ_01900,JAK-STAT,0.026811247689692126,4.536047591835276
circ_01901,TLR7/8,0.01294584977522079,2.14701490639825
circ_01902,JAK-STAT,0.04303239850487651,6.943273618317024
circ_01903,JAK-STAT,0.0408908914706251,9.724426164220398
circ_01904,TLR7/8,0.031212645491826944,4.083303431901637
circ_01905,cGAS-STING,0.031817005594840825,5.479399532535169
circ_01906,PKR,0.010180265447492457,9.647265622234166
circ_01907,RIG-I,0.021549781639543186,3.842482310992067
circ_01908,MDA5,0.04315047861480664,3.550891256138928
circ_01909,NF-κB,0.03727378017641568,4.513385770626412
circ_01910,cGAS-STING,0.042331713807113515,3.0197475729509726
circ_01911,NF-κB,0.02957562822529442,3.3928806270528105
circ_01912,cGAS-STING,0.034912073479043695,5.052092972798795
circ_01913,RIG-I,0.004375462046462376,8.968178767061394
circ_01914,PKR,0.026758979858279935,1.08553972981818
circ_01915,RIG-I,0.03348968372873267,6.6855175917504415
circ_01916,JAK-STAT,0.03513306280513753,4.616350133788282
circ_01917,PKR,0.03538453111958954,9.78191950650062
circ_01918,MDA5,0.047076360228498065,3.301342057588797
circ_01919,PKR,0.013397555723379619,3.4219408913759146
circ_01920,NF-κB,0.041945282225982906,1.5534732006220582
circ_01921,TLR7/8,0.021520877320974702,3.2802706039502603
circ_01922,cGAS-STING,0.040634042585296924,2.2690470244082435
circ_01923,RIG-I,0.044383498710474055,7.847523003615882
circ_01924,NF-κB,0.0165586695074624,1.237746920902389
circ_01925,TLR7/8,0.005061382131953361,3.4452997703038033
circ_01926,cGAS-STING,0.005246260823285597,2.616712032695555
circ_01927,RIG-I,0.03446592502761782,1.0347532146181195
circ_01928,TLR7/8,0.010986689111115666,4.767796306708876
circ_01929,cGAS-STING,0.013149533316629165,1.5939144850865181
circ_01930,NF-κB,0.03763928448935474,8.313530355980248
circ_01931,TLR7/8,0.03850516684355883,5.51029591677915
circ_01932,NF-κB,0.013649553029038912,8.623429711821583
circ_01933,JAK-STAT,0.027611500414197757,7.63788914921242
circ_01934,TLR7/8,0.026489824005819885,1.0477906497803768
circ_01935,PKR,0.015409518273292493,5.795604741958135
circ_01936,MDA5,0.04507843678886643,1.753329025571771
circ_01937,PKR,0.013845290518496162,7.602807355321499
circ_01938,NF-κB,0.00835369468800394,5.248485766728155
circ_01939,RIG-I,0.0346025330768674,2.6294149029922735
circ_01940,NF-κB,0.02962711965393999,8.439486351045119
circ_01941,cGAS-STING,0.04702719644596469,6.469229557662475
circ_01942,NF-κB,0.046068435353977116,2.366297223226343
circ_01943,NF-κB,0.04207893358075619,2.275912817190873
circ_01944,PKR,0.02834987972979168,5.98346384382727
circ_01945,RIG-I,0.03165697403828749,2.6191637190529256
circ_01946,MDA5,0.005000089491573799,8.080135940479428
circ_01947,cGAS-STING,0.04994315811407146,4.297725505251568
circ_01948,PKR,0.04990690069719096,7.201370421502668
circ_01949,NF-κB,0.04071503178766667,8.395599606733132
circ_01950,JAK-STAT,0.023161234868840776,9.291375688927026
circ_01951,PKR,0.02214019515178552,7.4543376558819
circ_01952,RIG-I,0.004218713041156406,9.68580373281912
circ_01953,JAK-STAT,0.012281982134739251,8.569386972258801
circ_01954,PKR,0.009002030781101879,3.0655942637506257
circ_01955,NF-κB,0.01224684801252265,2.582328475982897
circ_01956,TLR7/8,0.005679827117703238,6.227199712111327
circ_01957,NF-κB,0.01261822758045232,4.66395833744277
circ_01958,RIG-I,0.034124709828944375,7.3752726392530645
circ_01959,NF-κB,0.04748140167263493,2.749606297948417
circ_01960,cGAS-STING,0.0424611138280801,8.027830038142344
circ_01961,NF-κB,0.04870390817590551,9.566171176783426
circ_01962,PKR,0.023656641768226027,1.3699528904191087
circ_01963,RIG-I,0.03731532993339285,5.598905865669559
circ_01964,NF-κB,0.0478093095869366,8.243169732358675
circ_01965,PKR,0.034430624709178306,9.912126662604534
circ_01966,MDA5,0.010410691946768483,1.1058156653180475
circ_01967,RIG-I,0.006913278304183177,8.48401420137519
circ_01968,PKR,0.03620409545350404,5.844975760635449
circ_01969,MDA5,0.01727194744877428,9.689761574834744
circ_01970,RIG-I,0.009147664713985815,1.207229887951806
circ_01971,cGAS-STING,0.022739207649133154,9.806362682279604
circ_01972,MDA5,0.011512470543015102,9.576513673292755
circ_01973,MDA5,0.02899199431479693,5.040788242426926
circ_01974,MDA5,0.04166354264014248,8.185732962471032
circ_01975,NF-κB,0.04452951409963198,6.924032511420135
circ_01976,NF-κB,0.04288397629574163,3.9133878965771007
circ_01977,PKR,0.03816118768664933,5.899448576673969
circ_01978,TLR7/8,0.037318008135585126,5.772194457701206
circ_01979,PKR,0.018710008440066407,2.1454440611063434
circ_01980,PKR,0.011199480050082363,9.461567035752516
circ_01981,TLR7/8,0.008319034474634644,6.742033436285699
circ_01982,TLR7/8,0.027467513975109818,3.986592521154014
circ_01983,RIG-I,0.03083635951777968,9.828303317923929
circ_01984,JAK-STAT,0.04284303837935393,2.626199227955405
circ_01985,RIG-I,0.0246408769286052,2.929475559845867
circ_01986,RIG-I,0.014871363643954017,8.131937817379109
circ_01987,MDA5,0.03236858592455902,3.218483256543884
circ_01988,JAK-STAT,0.017850103907908907,9.738911634359111
circ_01989,PKR,0.0010725764967401683,3.9307704435458373
circ_01990,RIG-I,0.0077744722176532185,1.2851320050609867
circ_01991,RIG-I,0.0019960063255265266,6.365585413486779
circ_01992,NF-κB,0.04938697706904456,3.0072688349720966
circ_01993,cGAS-STING,0.03106071962840186,8.408811046383217
circ_01994,MDA5,0.018370435578747117,2.2789465082969746
circ_01995,PKR,0.04633299452776703,8.342242421509896
circ_01996,PKR,0.03488786960328462,2.6018896191783494
circ_01997,NF-κB,0.002483106902572271,6.131104862488145
circ_01998,JAK-STAT,0.03819836454547969,2.5692252508501774
circ_01999,PKR,0.03128657625075596,1.3822043715566106
circ_02000,TLR7/8,0.024485104475760376,8.473618575413678
circ_02001,PKR,0.005487102125820019,7.929336466367605
circ_02002,cGAS-STING,0.007152572595645393,6.363352154476635
circ_02003,PKR,0.030925372251040688,2.285048864655563
circ_02004,NF-κB,0.010399379331863315,8.725525966434876
circ_02005,cGAS-STING,0.019976547827530867,6.902197606877299
circ_02006,TLR7/8,0.029309941363507747,6.244181017171028
circ_02007,cGAS-STING,0.01702119191253025,9.971142387662384
circ_02008,NF-κB,0.015038566474986085,6.156561044612305
circ_02009,RIG-I,0.041692996348137466,3.9975357772696998
circ_02010,NF-κB,0.04497448012891787,4.227838249751789
circ_02011,MDA5,0.034855946921404875,9.869216208160912
circ_02012,RIG-I,0.010331276896478364,7.4289432587978075
circ_02013,TLR7/8,0.006194393114150539,9.002713704078753
circ_02014,NF-κB,0.03390775871200606,8.498923925673889
circ_02015,RIG-I,0.04012808539694148,6.604733887217298
circ_02016,TLR7/8,0.037423786739704167,5.096513740675536
circ_02017,PKR,0.0401031997508843,2.0019392022986544
circ_02018,RIG-I,0.02280658437254192,7.078191545243855
circ_02019,cGAS-STING,0.04866380539431894,1.9923805085499307
circ_02020,TLR7/8,0.008459340975287943,3.6374788164175227
circ_02021,JAK-STAT,0.029060086601365404,9.103721478473954
circ_02022,RIG-I,0.03817112845528973,3.3587350302024213
circ_02023,JAK-STAT,0.04366832755590319,1.6587995033847944
circ_02024,PKR,0.012830911480166976,2.1995603374654373
circ_02025,NF-κB,0.017386158478425444,1.1731559548037604
circ_02026,cGAS-STING,0.04119608301092014,8.91630275189421
circ_02027,NF-κB,0.00139038149313222,8.16969181314036
circ_02028,PKR,0.04785958755198975,1.1429700518636996
circ_02029,RIG-I,0.043201518246297,7.958368127175828
circ_02030,JAK-STAT,0.0403928672935083,8.033556540144666
circ_02031,JAK-STAT,0.023183376816880735,1.5074631440462833
circ_02032,RIG-I,0.04762391386019423,7.38016053839787
circ_02033,MDA5,0.031383889499552994,4.37275744967695
circ_02034,TLR7/8,0.008160374734748902,1.4375686211793024
circ_02035,cGAS-STING,0.025649076654728962,7.659233801114425
circ_02036,JAK-STAT,0.011613779062635197,4.343041450185453
circ_02037,RIG-I,0.033873958950004175,3.391554166124682
circ_02038,PKR,0.019067679971719244,3.963264302242044
circ_02039,RIG-I,0.029475832291561414,6.763032777057414
circ_02040,PKR,0.0050147142038900775,3.2975523508143967
circ_02041,TLR7/8,0.02910618061376595,6.6595947141418534
circ_02042,MDA5,0.004876316798337308,2.400553014968181
circ_02043,MDA5,0.0425513750232418,1.9074973462918856
circ_02044,NF-κB,0.04458698531714443,4.255356408970198
circ_02045,PKR,0.04961922594900021,6.290820232584332
circ_02046,cGAS-STING,0.011737621872580706,5.087629002140471
circ_02047,cGAS-STING,0.040567947457709856,8.55187507347927
circ_02048,MDA5,0.004806210533222964,7.0146288665281125
circ_02049,NF-κB,0.04032061230008414,4.483551301729321
circ_02050,PKR,0.020022308710742853,1.228600337673518
circ_02051,cGAS-STING,0.02009171045063881,2.2920507275397797
circ_02052,PKR,0.014090457611719502,6.965028339317115
circ_02053,MDA5,0.012489578657015488,6.635268881224864
circ_02054,cGAS-STING,0.01764929966096945,9.072648437941021
circ_02055,RIG-I,0.002628807923859915,4.240113295393773
circ_02056,cGAS-STING,0.033304451304512345,6.34748259983302
circ_02057,RIG-I,0.048613878948369244,4.408953569192974
circ_02058,TLR7/8,0.02290198747636032,1.0376577369051394
circ_02059,TLR7/8,0.04270702905944054,6.737092552213707
circ_02060,JAK-STAT,0.034747982873397025,6.550082230237105
circ_02061,cGAS-STING,0.030903069723090853,7.026722846733335
circ_02062,NF-κB,0.0012100075791717344,1.6890106459167196
circ_02063,RIG-I,0.034962438802371584,7.2302550928361
circ_02064,JAK-STAT,0.03848125478040849,5.235041471738017
circ_02065,RIG-I,0.031732317716973275,8.138257823499945
circ_02066,TLR7/8,0.03161439126891695,6.775420331657801
circ_02067,MDA5,0.02373233811812867,1.9335137308969808
circ_02068,RIG-I,0.013050830218054272,6.604343270425909
circ_02069,PKR,0.033737414385495754,8.697973682623147
circ_02070,RIG-I,0.003922666427937598,5.476707446707698
circ_02071,RIG-I,0.02303613807398727,7.798835412627378
circ_02072,RIG-I,0.03883910316315617,2.390256878747542
circ_02073,cGAS-STING,0.03587371751329377,9.160292010439962
circ_02074,RIG-I,0.03936046402968548,8.445927933253357
circ_02075,cGAS-STING,0.015808687790305007,2.100086860111943
circ_02076,PKR,0.04492882723416543,4.00031772827416
circ_02077,JAK-STAT,0.02850673757095433,3.0639652406055147
circ_02078,cGAS-STING,0.04141999789565272,6.196403285450704
circ_02079,JAK-STAT,0.022174400109142754,5.939608625157825
circ_02080,cGAS-STING,0.03736998625502157,2.8993769398403706
circ_02081,NF-κB,0.01698936638939835,9.36013212318516
circ_02082,JAK-STAT,0.013805803797667302,9.623580319141277
circ_02083,NF-κB,0.006800097644591992,2.8721730510885126
circ_02084,TLR7/8,0.02133582995178603,4.06998575512218
circ_02085,RIG-I,0.04734216658910345,4.921367671579297
circ_02086,RIG-I,0.011006520332273353,3.7459460179201596
circ_02087,cGAS-STING,0.03468252447483473,7.185267949039916
circ_02088,JAK-STAT,0.049089112660980434,8.05016990205341
circ_02089,MDA5,0.02104846138513897,7.595011962322253
circ_02090,cGAS-STING,0.006881004753766261,5.555451815161203
circ_02091,JAK-STAT,0.03928880182808905,4.496707962413326
circ_02092,cGAS-STING,0.04750687267070455,3.8450638801494703
circ_02093,PKR,0.006850701013097095,6.075962947511688
circ_02094,NF-κB,0.004818144767048348,8.598882234732532
circ_02095,PKR,0.01683066052848991,4.253762456507843
circ_02096,PKR,0.012499459717289465,6.378726407480573
circ_02097,MDA5,0.04513899846490354,5.0090740701692615
circ_02098,RIG-I,0.026884523865809966,4.8928257171848
circ_02099,MDA5,0.0011654147908162996,5.241432717901599
circ_02100,RIG-I,0.04001067148756817,9.55748875712341
circ_02101,MDA5,0.011036552879431644,6.671686970803383
circ_02102,MDA5,0.0229384343368867,5.881086769338226
circ_02103,cGAS-STING,0.0017286914547067597,8.285247410159997
circ_02104,JAK-STAT,0.03500758896795916,7.207831303669485
circ_02105,MDA5,0.039343047472630406,8.023707366360917
circ_02106,NF-κB,0.01182231310617908,9.1845707575144
circ_02107,RIG-I,0.02423607211636526,4.2206035268796835
circ_02108,PKR,0.012481338567248635,3.066605958857358
circ_02109,JAK-STAT,0.041251594095625684,7.987180837308712
circ_02110,NF-κB,0.011733693213055948,2.7983555522725547
circ_02111,TLR7/8,0.014573477392740057,3.1162091192905774
circ_02112,NF-κB,0.03917225027785464,2.2738645427470816
circ_02113,NF-κB,0.01677272929950094,3.118519959503167
circ_02114,MDA5,0.01680013157678804,7.27336237554281
circ_02115,TLR7/8,0.004098351817341892,4.864090394905616
circ_02116,MDA5,0.01771058015458183,3.1042267930465255
circ_02117,TLR7/8,0.0419126507473669,4.09656926543568
circ_02118,JAK-STAT,0.01766972536867136,7.903142268051097
circ_02119,PKR,0.007688778423424823,1.2027705962241884
circ_02120,PKR,0.002500459849200635,2.586633715245733
circ_02121,NF-κB,0.041839845567763254,9.086571995389223
circ_02122,NF-κB,0.00914377917915133,2.1083663948489333
circ_02123,NF-κB,0.03574985524108778,5.108534777923378
circ_02124,NF-κB,0.03233960662076462,2.7142146660314013
circ_02125,TLR7/8,0.003350894800341029,4.779327486975539
circ_02126,cGAS-STING,0.03475841322976126,1.6760062109386575
circ_02127,TLR7/8,0.0380692392485447,4.778006690879404
circ_02128,JAK-STAT,0.03859923830992326,4.720913566823114
circ_02129,NF-κB,0.04076560196389885,2.1824510957012553
circ_02130,JAK-STAT,0.04453270078039216,2.183349986222022
circ_02131,MDA5,0.008480800011701494,4.876315328546357
circ_02132,NF-κB,0.00768007486515666,6.399305290400726
circ_02133,RIG-I,0.02509678819767862,8.415990313208994
circ_02134,MDA5,0.019266930954236476,2.052014999233265
circ_02135,PKR,0.029905068170953945,5.215057270163207
circ_02136,TLR7/8,0.012412130301599707,7.264596253950289
circ_02137,MDA5,0.02828130879493579,6.96781955115962
circ_02138,JAK-STAT,0.020991368685790043,4.344791830954726
circ_02139,NF-κB,0.01129193425164321,1.8347422655336905
circ_02140,MDA5,0.008461593997370565,8.889675278529602
circ_02141,RIG-I,0.028571276167375308,6.742840595335314
circ_02142,NF-κB,0.03811218863080745,5.273656941181596
circ_02143,cGAS-STING,0.04357504323343676,7.9776938817212155
circ_02144,cGAS-STING,0.016882400437611,6.468982993278499
circ_02145,NF-κB,0.0391348727455213,8.482656820444861
circ_02146,MDA5,0.028611335096863894,4.655824432500263
circ_02147,TLR7/8,0.04132159811406074,5.206065304013808
circ_02148,MDA5,0.042610250926780155,9.996070083354644
circ_02149,RIG-I,0.04152355363880249,7.308210555919107
circ_02150,RIG-I,0.04520273953158617,3.923674336034987
circ_02151,TLR7/8,0.04585941335781785,4.674489599304271
circ_02152,PKR,0.046057828843490176,4.106317859707759
circ_02153,cGAS-STING,0.02977533849248019,3.8761842446430137
circ_02154,NF-κB,0.0037711011705488023,1.2155260756626332
circ_02155,cGAS-STING,0.007775238808117658,1.9385843185783826
circ_02156,JAK-STAT,0.011090154245489255,4.745324753031595
circ_02157,PKR,0.009417448156690187,5.482953928364389
circ_02158,cGAS-STING,0.047802192828434766,2.8950851557459334
circ_02159,TLR7/8,0.010583610965602869,3.393522875891458
circ_02160,TLR7/8,0.00998759545853111,3.1442998542840646
circ_02161,RIG-I,0.03664124134137034,7.07635648738156
circ_02162,JAK-STAT,0.019217021328361044,2.5843778513803497
circ_02163,NF-κB,0.04323533663674731,7.95965023156452
circ_02164,JAK-STAT,0.01278750819287252,7.591161854302398
circ_02165,JAK-STAT,0.03724487475714296,3.1916676070504213
circ_02166,PKR,0.029065138376679022,7.316160509947
circ_02167,cGAS-STING,0.007995454254534087,2.035926077561573
circ_02168,cGAS-STING,0.017670891275140127,3.7147210093953653
circ_02169,PKR,0.024294270550977343,5.913788015697117
circ_02170,PKR,0.017781375857554814,1.3873808112726949
circ_02171,RIG-I,0.011191663312075186,1.6328037299261569
circ_02172,JAK-STAT,0.013066409100681,6.789262086599201
circ_02173,cGAS-STING,0.014059923572837887,1.8261803811246786
circ_02174,MDA5,0.04769540839536603,2.7240837968946634
circ_02175,JAK-STAT,0.030315624166874045,3.394410973274339
circ_02176,JAK-STAT,0.02607758580453046,8.499587447155296
circ_02177,RIG-I,0.017515022768173787,8.996281900427096
circ_02178,NF-κB,0.026459487040377146,2.1985583895043606
circ_02179,RIG-I,0.04805096965526949,3.3481589315931237
circ_02180,NF-κB,0.022590147343358995,4.484138674180409
circ_02181,TLR7/8,0.007688941835783933,9.685471353894139
circ_02182,RIG-I,0.004900165527673805,8.66939867963808
circ_02183,RIG-I,0.006870397544865777,3.1025414375870017
circ_02184,MDA5,0.032815503730421594,8.536015747670897
circ_02185,JAK-STAT,0.035304806545471266,2.15620819548665
circ_02186,TLR7/8,0.014903659724592892,8.127005682805628
circ_02187,MDA5,0.01486385784913321,8.07841195954882
circ_02188,JAK-STAT,0.019082178653175096,1.3868676184275324
circ_02189,cGAS-STING,0.03030442791190971,4.8124863158320945
circ_02190,TLR7/8,0.04194397952700481,1.6555238910370544
circ_02191,cGAS-STING,0.047252440816582586,2.86764962928582
circ_02192,PKR,0.028647508557359154,3.30296576528082
circ_02193,RIG-I,0.023459633032122333,3.9753847803527735
circ_02194,JAK-STAT,0.016404678139213615,7.351367803632982
circ_02195,JAK-STAT,0.03786633153842615,3.306023561165086
circ_02196,JAK-STAT,0.016406137901727205,3.700148407479324
circ_02197,MDA5,0.02010304914300988,6.417436781983609
circ_02198,PKR,0.003759605275306842,2.365260236984512
circ_02199,NF-κB,0.028830640313038,4.640393770259432
circ_02200,JAK-STAT,0.005719894995887043,4.755994833053308
circ_02201,NF-κB,0.004516971008562555,6.091296794249249
circ_02202,RIG-I,0.0031970720264576404,7.852065605292226
circ_02203,cGAS-STING,0.019415811636206284,4.333840474448772
circ_02204,TLR7/8,0.006902888083412389,9.010079540249038
circ_02205,NF-κB,0.03886870428059825,1.6874299867879068
circ_02206,cGAS-STING,0.041395993789733625,2.110150275611801
circ_02207,MDA5,0.004287256361955748,4.521874353929463
circ_02208,JAK-STAT,0.014949811282354755,6.94229763213203
circ_02209,PKR,0.013364460706894517,8.488282676473666
circ_02210,TLR7/8,0.027964055939118288,6.745059360258008
circ_02211,RIG-I,0.028418955770682396,5.980079134827101
circ_02212,cGAS-STING,0.04661405176614938,2.1124194250021544
circ_02213,RIG-I,0.026746451371345025,8.729887245893359
circ_02214,MDA5,0.04417469846575607,5.128718978696109
circ_02215,NF-κB,0.04343902557966403,7.306564751864965
circ_02216,TLR7/8,0.014500217308684813,5.7821527306129346
circ_02217,PKR,0.042346056287993365,1.5674772875724161
circ_02218,cGAS-STING,0.01715201413858995,7.895042131252568
circ_02219,PKR,0.012785407887824021,7.640546992516966
circ_02220,NF-κB,0.025408584632229614,5.221282296522007
circ_02221,PKR,0.015251585381957249,5.538042198124622
circ_02222,TLR7/8,0.014039795398756303,5.00652970154196
circ_02223,cGAS-STING,0.047448980031839026,2.5124657778500477
circ_02224,TLR7/8,0.04311006600215753,3.7259183541873924
circ_02225,MDA5,0.01440969048203597,1.8244554595590463
circ_02226,RIG-I,0.040721613453876294,7.258114534380079
circ_02227,MDA5,0.013716028659123278,6.543654943355972
circ_02228,cGAS-STING,0.0035157030038661897,8.291329100658235
circ_02229,RIG-I,0.04422291118397138,9.442670611982155
circ_02230,TLR7/8,0.024609043767866542,4.746444179098192
circ_02231,RIG-I,0.03446774506443509,4.512566104684025
circ_02232,TLR7/8,0.04292337830904957,7.994407854984082
circ_02233,JAK-STAT,0.034534600204480646,1.3843511903838683
circ_02234,PKR,0.048539031066230635,7.446119852300897
circ_02235,JAK-STAT,0.03333591871411163,2.007438945738919
circ_02236,RIG-I,0.02786091838103245,2.242095315413547
circ_02237,TLR7/8,0.022407850116447366,1.673094237933722
circ_02238,TLR7/8,0.048727696328418356,8.399407886417963
circ_02239,RIG-I,0.033412636447514174,9.289973156673858
circ_02240,JAK-STAT,0.011776836664747607,5.982059999356701
circ_02241,cGAS-STING,0.045942776996297494,8.027690147474138
circ_02242,PKR,0.03064360534348771,5.59335849230381
circ_02243,cGAS-STING,0.02147708065151858,6.002145901491094
circ_02244,RIG-I,0.014337952705426454,1.3554110696513009
circ_02245,cGAS-STING,0.005583133187054113,9.977872195286583
circ_02246,cGAS-STING,0.02028502667268652,9.015473433696394
circ_02247,cGAS-STING,0.028016530810877023,9.796701594899174
circ_02248,NF-κB,0.038861265392823585,1.8431559416344134
circ_02249,RIG-I,0.031192315154963162,5.377962972883194
circ_02250,RIG-I,0.03706950080630259,4.995303922259087
circ_02251,JAK-STAT,0.01187684212533071,8.364348297445868
circ_02252,TLR7/8,0.034303366332863516,8.220494758410428
circ_02253,TLR7/8,0.025953263975516814,8.259589653370483
circ_02254,NF-κB,0.005341101588345796,5.197883546135546
circ_02255,TLR7/8,0.010595693543916124,4.082847396563439
circ_02256,JAK-STAT,0.033396196496951726,7.853684812319617
circ_02257,TLR7/8,0.027325289515166804,1.1616959275405394
circ_02258,NF-κB,0.034383233240717764,8.622743327023262
circ_02259,cGAS-STING,0.019042503228401588,5.536696614093225
circ_02260,PKR,0.04552358277476738,5.1960386272453265
circ_02261,TLR7/8,0.039144382705134484,2.4097199390924455
circ_02262,NF-κB,0.03486854986593438,2.3627046358382238
circ_02263,PKR,0.007374879173154455,1.4405900251249917
circ_02264,TLR7/8,0.021991104276161712,1.3452339864083478
circ_02265,PKR,0.027695751217162508,4.085325554790158
circ_02266,cGAS-STING,0.026390512388446214,3.732061197257385
circ_02267,cGAS-STING,0.026325860706053004,3.4555885280080796
circ_02268,NF-κB,0.023637010291406566,6.793618021716011
circ_02269,cGAS-STING,0.02950880513488857,1.0360582862161016
circ_02270,JAK-STAT,0.006520665216769767,5.383196311795607
circ_02271,JAK-STAT,0.011157922683188794,7.146324278267108
circ_02272,cGAS-STING,0.043871674309228295,3.8065147011422944
circ_02273,MDA5,0.02878298360045656,4.828254848219289
circ_02274,RIG-I,0.02464709021304427,9.8520967527995
circ_02275,NF-κB,0.035113701640998016,9.909553655902034
circ_02276,cGAS-STING,0.011036731370249728,9.911126837612866
circ_02277,PKR,0.02120428597503114,9.37734502196151
circ_02278,RIG-I,0.018512390078334003,9.391788216258801
circ_02279,MDA5,0.009519892166395198,9.03311075426758
circ_02280,JAK-STAT,0.04536489007293405,8.14142555601456
circ_02281,MDA5,0.04159636855100836,2.223864539776236
circ_02282,NF-κB,0.04961882862860133,1.5164385156367957
circ_02283,cGAS-STING,0.042116555243353206,7.503254266490764
circ_02284,NF-κB,0.03763932972106943,2.5759788822248244
circ_02285,cGAS-STING,0.015063754705674778,4.200003964633108
circ_02286,RIG-I,0.020160982556458568,3.0583710715485912
circ_02287,JAK-STAT,0.0236460174469048,1.013504839770255
circ_02288,NF-κB,0.04466455759923039,6.532848499255351
circ_02289,NF-κB,0.02819435987716503,4.826525847296471
circ_02290,JAK-STAT,0.005854531516594721,8.216481672765342
circ_02291,PKR,0.042293751127185135,4.323344055856213
circ_02292,NF-κB,0.02415721291563081,9.310959524131938
circ_02293,JAK-STAT,0.015390577995545128,6.879073318271468
circ_02294,PKR,0.049680514132364566,6.176723524299778
circ_02295,NF-κB,0.015477679308384316,6.552507052228048
circ_02296,TLR7/8,0.031675550582907726,1.0522980882591513
circ_02297,NF-κB,0.008835870905109542,5.78835941180673
circ_02298,MDA5,0.0023396777874429586,1.2669707847331189
circ_02299,PKR,0.0423330551013592,8.145874967983326
circ_02300,TLR7/8,0.030094956432626704,9.30348202852307
circ_02301,JAK-STAT,0.035857262116596005,1.002560181856008
circ_02302,PKR,0.04589800880427596,6.406777179670378
circ_02303,JAK-STAT,0.028434206384222793,8.613410436423077
circ_02304,RIG-I,0.026792805793752376,1.0658844051535588
circ_02305,cGAS-STING,0.04508049469515701,3.022177910023862
circ_02306,cGAS-STING,0.04469852794402319,8.857875731578597
circ_02307,cGAS-STING,0.03459837648377793,5.592807960218856
circ_02308,RIG-I,0.0287009165782011,7.510197306532352
circ_02309,RIG-I,0.017881749790732898,6.042700053101503
circ_02310,NF-κB,0.03414812527056685,2.069065279053104
circ_02311,TLR7/8,0.014693305735580496,5.373334626531972
circ_02312,RIG-I,0.017763248726682175,9.054496506766295
circ_02313,TLR7/8,0.014424482572616089,4.429078312691498
circ_02314,TLR7/8,0.030095437599109476,6.853027132453987
circ_02315,PKR,0.016794739871711404,6.281497990702171
circ_02316,JAK-STAT,0.028660664530433977,4.606949760634656
circ_02317,cGAS-STING,0.01072833446478073,2.1539048882682295
circ_02318,MDA5,0.028621345188588256,5.043572533237517
circ_02319,cGAS-STING,0.025441943226990716,1.6286517129353273
circ_02320,TLR7/8,0.03408487038338603,7.488938626089637
circ_02321,RIG-I,0.0451981987500498,3.2197427722566108
circ_02322,JAK-STAT,0.008483703589020938,2.7267848375044537
circ_02323,TLR7/8,0.049168155126011456,4.801703614698649
circ_02324,PKR,0.015140484052951958,4.418535654775637
circ_02325,MDA5,0.012989290877862963,3.8444306631154017
circ_02326,TLR7/8,0.04490577047466948,4.851925559352751
circ_02327,NF-κB,0.044520221035042426,2.008476999737222
circ_02328,RIG-I,0.013597326214945981,1.611217645067939
circ_02329,PKR,0.022641384860986723,1.4529795607703633
circ_02330,NF-κB,0.002204507641000112,9.018290764165048
circ_02331,MDA5,0.0194283774134245,9.907398384037185
circ_02332,TLR7/8,0.0335286537158778,2.2039431353535353
circ_02333,MDA5,0.03583577799479721,2.375276702885055
circ_02334,MDA5,0.003403637199307957,6.966406180527653
circ_02335,NF-κB,0.020189072255796026,2.039158714708481
circ_02336,TLR7/8,0.004535172516647613,3.3933253810008046
circ_02337,NF-κB,0.002822909279289399,1.5109995193664774
circ_02338,cGAS-STING,0.02761547686812502,8.73494114967277
circ_02339,MDA5,0.04593518536192793,8.577835834648639
circ_02340,NF-κB,0.034140030648288446,8.999953863341297
circ_02341,NF-κB,0.03905688596056027,1.0934378356835845
circ_02342,MDA5,0.047593954370091084,6.979454165928256
circ_02343,JAK-STAT,0.0015391027685925786,2.4968224678369455
circ_02344,PKR,0.013512077199115392,6.091588161692971
circ_02345,cGAS-STING,0.006864051002025225,9.757937510105437
circ_02346,cGAS-STING,0.02810556680037578,8.926519221924325
circ_02347,cGAS-STING,0.011376857898542671,9.805858822397452
circ_02348,RIG-I,0.03157396466294766,7.846004411603847
circ_02349,MDA5,0.048907055207176336,6.675934799789946
circ_02350,cGAS-STING,0.034455184007678406,2.814997980313275
circ_02351,RIG-I,0.010596631530045114,6.981369588944767
circ_02352,PKR,0.007072230698719159,8.598794303742592
circ_02353,NF-κB,0.014798613979824262,9.425608127028013
circ_02354,RIG-I,0.0384287870413255,8.181231707235618
circ_02355,RIG-I,0.021108422263609858,3.6088175971461918
circ_02356,MDA5,0.023794415595269576,5.594679139453628
circ_02357,JAK-STAT,0.008457127303940179,7.368946521742032
circ_02358,JAK-STAT,0.025523915754635446,9.43995679843385
circ_02359,PKR,0.0017950006692008611,9.996880360063058
circ_02360,cGAS-STING,0.007069327852094084,2.542205189451444
circ_02361,RIG-I,0.040426667672859184,6.85067653079202
circ_02362,TLR7/8,0.010246837956181417,2.4236672839077062
circ_02363,NF-κB,0.008313718004099037,8.949352595609016
circ_02364,TLR7/8,0.016946008460064926,4.959899991617505
circ_02365,RIG-I,0.02916636988856868,3.427437479603528
circ_02366,MDA5,0.017168834041587557,3.2910306198549293
circ_02367,MDA5,0.001521051359938604,9.489030949791013
circ_02368,cGAS-STING,0.013001993469459665,5.958776630033558
circ_02369,TLR7/8,0.001682936196451984,6.894989373358682
circ_02370,PKR,0.0212212131763247,7.534602789766403
circ_02371,MDA5,0.011522140951183365,1.678500989370729
circ_02372,NF-κB,0.04015963962340273,5.404206601620661
circ_02373,cGAS-STING,0.009277013012217245,2.479736444957972
circ_02374,cGAS-STING,0.04202905250250027,5.819377219055428
circ_02375,JAK-STAT,0.004105547380800489,5.6270652298255115
circ_02376,NF-κB,0.019148106880132902,5.638721698298257
circ_02377,NF-κB,0.04946110646022674,1.6952958130854685
circ_02378,NF-κB,0.03178554509600226,9.091936447847177
circ_02379,MDA5,0.047191921255872946,3.6378810165397284
circ_02380,PKR,0.019492189758177215,5.575703934143743
circ_02381,RIG-I,0.007232881595832801,2.6081164948856186
circ_02382,MDA5,0.005701169809467431,1.3391008265880462
circ_02383,NF-κB,0.030599821707340737,4.535339537817739
circ_02384,MDA5,0.023507030587337354,7.717890827695103
circ_02385,TLR7/8,0.005542266351704343,6.977963220926625
circ_02386,NF-κB,0.03504566556855545,9.817499973829767
circ_02387,TLR7/8,0.04805461210521443,9.757537312448996
circ_02388,TLR7/8,0.03671061254086268,6.796389628602333
circ_02389,TLR7/8,0.014066248563381546,3.6440624563244244
circ_02390,JAK-STAT,0.03685812146699411,2.06906769684835
circ_02391,NF-κB,0.006839083431112682,8.42895305362179
circ_02392,MDA5,0.02987338042809611,2.0370839367125284
circ_02393,JAK-STAT,0.012013974899801976,2.7227413601101964
circ_02394,JAK-STAT,0.01968086102523977,6.061196061896307
circ_02395,RIG-I,0.0062167159343853,9.106628257137917
circ_02396,PKR,0.035345978157467595,3.456084769636424
circ_02397,JAK-STAT,0.011941990833371888,5.351613047524418
circ_02398,RIG-I,0.04864518742915913,6.87200454275861
circ_02399,PKR,0.024416344368258715,4.640232211055094
circ_02400,TLR7/8,0.011489594623165865,5.746351626153021
circ_02401,MDA5,0.043058643483752934,2.170321016307007
circ_02402,RIG-I,0.04905708243885782,1.8721695648184435
circ_02403,JAK-STAT,0.016925650707706838,9.5668492016633
circ_02404,cGAS-STING,0.02812616659128957,1.635158337640811
circ_02405,MDA5,0.014943179571364436,8.383249816955926
circ_02406,NF-κB,0.04623257377986016,7.396583270321896
circ_02407,cGAS-STING,0.011731171308943189,3.474086552797019
circ_02408,cGAS-STING,0.010107081018184447,8.804441561271783
circ_02409,NF-κB,0.025950641144618876,8.395761580330904
circ_02410,RIG-I,0.024842073836635403,4.139838299019741
circ_02411,NF-κB,0.010124735216035984,6.9706409132180545
circ_02412,NF-κB,0.01635944412105676,4.716239668720318
circ_02413,NF-κB,0.029627700681275446,8.39347128843043
circ_02414,JAK-STAT,0.010134084012594732,8.601104716605118
circ_02415,RIG-I,0.013117642107607581,3.5742887240338415
circ_02416,RIG-I,0.046132692717872945,1.3356178632679911
circ_02417,MDA5,0.011798301959204078,6.429492598871008
circ_02418,PKR,0.03248037776323189,1.0792448414720128
circ_02419,cGAS-STING,0.005511496769590624,9.866731801526573
circ_02420,JAK-STAT,0.02747431716931223,2.589955315885825
circ_02421,PKR,0.037317702071715204,6.021770872455338
circ_02422,NF-κB,0.03553605007896444,2.1783423753897506
circ_02423,cGAS-STING,0.01786313659136816,4.438148117092927
circ_02424,MDA5,0.036337483107239735,9.267911435263372
circ_02425,cGAS-STING,0.04969117758557943,1.1975255067472172
circ_02426,PKR,0.04373448111315023,1.1012943845081336
circ_02427,cGAS-STING,0.010698290363583635,6.36248109437905
circ_02428,cGAS-STING,0.028391160332537288,8.59309668548777
circ_02429,MDA5,0.03347600209119291,1.723099607913182
circ_02430,PKR,0.017061196423711546,9.489198514830345
circ_02431,JAK-STAT,0.0192282851486051,7.961391462966878
circ_02432,RIG-I,0.026932542817474897,3.960727051112962
circ_02433,RIG-I,0.018652107770378776,6.2946150636979015
circ_02434,NF-κB,0.03245965980509345,7.3904344710766186
circ_02435,PKR,0.013584020211513507,4.811766151515526
circ_02436,JAK-STAT,0.04036833387671028,2.9654298228062337
circ_02437,cGAS-STING,0.023620436644308018,7.115411565028392
circ_02438,PKR,0.04020435319464255,5.985131544218007
circ_02439,PKR,0.04403243716361237,1.0817817367986642
circ_02440,TLR7/8,0.03902634164243328,8.454478577965963
circ_02441,cGAS-STING,0.03996445098295406,7.5606480384104655
circ_02442,JAK-STAT,0.03456432239570619,1.5409482455662573
circ_02443,cGAS-STING,0.018413145185267033,3.5673581835309065
circ_02444,RIG-I,0.004100301496230529,2.0819124814841086
circ_02445,NF-κB,0.024163173155502843,8.74353871220486
circ_02446,NF-κB,0.022677076016283847,9.172664196013383
circ_02447,cGAS-STING,0.020666419890828423,7.559787178846805
circ_02448,TLR7/8,0.019500695793519256,9.651930442536052
circ_02449,JAK-STAT,0.020708147976423875,2.6883632077547985
circ_02450,MDA5,0.025721593646867387,8.682112571905936
circ_02451,MDA5,0.02281025783053957,2.061959491587145
circ_02452,TLR7/8,0.016671850357136832,1.7174849692811287
circ_02453,TLR7/8,0.005571414260796283,7.026167660466797
circ_02454,RIG-I,0.046505540893549704,6.284281701414199
circ_02455,NF-κB,0.01664658931763427,2.7247981423807524
circ_02456,TLR7/8,0.0391963008380872,5.821305399836549
circ_02457,PKR,0.03998658371393744,3.6811195703146184
circ_02458,TLR7/8,0.016771806359870085,2.3316519128269695
circ_02459,MDA5,0.04993032708589168,4.91852391694873
circ_02460,JAK-STAT,0.047665213096931086,9.18254340080003
circ_02461,MDA5,0.022092192605404244,4.477940503020424
circ_02462,JAK-STAT,0.04618486176657519,8.023205424847749
circ_02463,MDA5,0.02683096835923037,9.156720897544215
circ_02464,NF-κB,0.04231941695014079,3.549200471513653
circ_02465,NF-κB,0.009348124314400443,4.044032004842929
circ_02466,RIG-I,0.008755733983785544,8.287360478498556
circ_02467,RIG-I,0.0356103939942029,1.1043432456051576
circ_02468,cGAS-STING,0.034699216092408426,9.702301279624953
circ_02469,PKR,0.025818758614272613,9.635195701149936
circ_02470,NF-κB,0.02580555667410011,3.4561371708898454
circ_02471,PKR,0.02418496444855198,1.1899446144546029
circ_02472,MDA5,0.017322762495057084,3.6043992020259057
circ_02473,NF-κB,0.00827552231032672,8.601983851788502
circ_02474,MDA5,0.027549001009020104,3.516720033749435
circ_02475,PKR,0.00824952291119035,2.6516442026392286
circ_02476,PKR,0.030567043981533107,4.087830062797297
circ_02477,cGAS-STING,0.043622375116257064,9.640976730297494
circ_02478,RIG-I,0.020198875999429267,4.951449643960889
circ_02479,NF-κB,0.005610929139810206,9.940284140151743
circ_02480,PKR,0.023043641814752665,3.9600940452711377
circ_02481,NF-κB,0.016284843348814627,7.547660754789411
circ_02482,cGAS-STING,0.001962494003554824,6.784705254199775
circ_02483,MDA5,0.019770350544109944,2.1567416689560663
circ_02484,JAK-STAT,0.04225601495736099,9.488201301914227
circ_02485,NF-κB,0.0312993868941849,3.1599859651465785
circ_02486,JAK-STAT,0.048616129639683585,7.9182774592579666
circ_02487,MDA5,0.009834391243048815,3.4208943514666954
circ_02488,MDA5,0.028520335629554847,3.2876877839399277
circ_02489,MDA5,0.037605147264655636,1.9183282393858805
circ_02490,TLR7/8,0.013914289378497913,3.416762896425424
circ_02491,NF-κB,0.029264762863737075,9.172988167249999
circ_02492,JAK-STAT,0.02668816629674836,4.460379051168422
circ_02493,RIG-I,0.037754291932780626,1.6952809509804898
circ_02494,JAK-STAT,0.04576202824922747,7.701984745750449
circ_02495,PKR,0.0427152492750185,9.932318276930111
circ_02496,TLR7/8,0.04325664373187778,4.722353392988035
circ_02497,PKR,0.004172810681305031,7.570264981484234
circ_02498,JAK-STAT,0.014499689983022479,2.6368518098956004
circ_02499,TLR7/8,0.03605901881489367,7.461353149295103
circ_02500,JAK-STAT,0.013441036465311931,9.524493693189633
circ_02501,PKR,0.016679735336011105,3.338380563817166
circ_02502,PKR,0.010822005748492732,5.183756388992303
circ_02503,NF-κB,0.018885458156011767,7.802240417546637
circ_02504,PKR,0.008299270936876244,3.3387918824194056
circ_02505,NF-κB,0.005121884964457094,7.355204821432661
circ_02506,PKR,0.015183612015825288,9.931513134750839
circ_02507,MDA5,0.0011654205835584263,9.321984880992021
circ_02508,TLR7/8,0.0040234423091452445,7.994731436088167
circ_02509,PKR,0.004150862796461194,4.095333225633054
circ_02510,TLR7/8,0.04593086470208453,3.0431610869756316
circ_02511,TLR7/8,0.019824825063525446,1.3413837195748843
circ_02512,PKR,0.023873583887143435,8.532973195414108
circ_02513,TLR7/8,0.030480185992928552,7.4162273949881925
circ_02514,TLR7/8,0.04668102477085636,6.461123659698966
circ_02515,JAK-STAT,0.017168204141447544,1.123653391370488
circ_02516,RIG-I,0.031609782800395406,3.472769082456739
circ_02517,MDA5,0.03996411157178285,5.77044971347361
circ_02518,MDA5,0.03954197120360037,8.750367843028307
circ_02519,cGAS-STING,0.049555524644254174,6.592053919567794
circ_02520,PKR,0.016081895707025503,1.808667132435739
circ_02521,TLR7/8,0.03550954202212181,1.3202223215207531
circ_02522,PKR,0.008457430621251854,8.335739944267381
circ_02523,JAK-STAT,0.019029644366540695,8.345369111229067
circ_02524,RIG-I,0.007698032990206577,9.88145956647358
circ_02525,TLR7/8,0.04031077487597781,1.6777154322370575
circ_02526,NF-κB,0.027896177697373112,7.5810718560971395
circ_02527,JAK-STAT,0.02471429911067474,3.0160612194648033
circ_02528,RIG-I,0.0319653560898457,4.2518654003169924
circ_02529,JAK-STAT,0.003945490162044842,4.415521258897368
circ_02530,PKR,0.024118407028383543,4.269916683382581
circ_02531,NF-κB,0.028317064718147097,6.65884875427841
circ_02532,MDA5,0.023623096162876868,5.611389174204937
circ_02533,cGAS-STING,0.0028108803357562813,5.489247136385238
circ_02534,MDA5,0.043325873995216924,5.159146769780703
circ_02535,RIG-I,0.005845918255916489,4.034029656097113
circ_02536,TLR7/8,0.019079020189931635,9.9099751436191
circ_02537,PKR,0.043687132698462014,4.092859421299894
circ_02538,NF-κB,0.01852024241368723,1.1720503204657
circ_02539,TLR7/8,0.045262966784045115,9.283326122899503
circ_02540,MDA5,0.015383175458897502,3.572036376466494
circ_02541,cGAS-STING,0.029450509375350147,7.734320535768054
circ_02542,MDA5,0.04457073771091319,7.792322854120346
circ_02543,NF-κB,0.010457754295354473,1.248947678680095
circ_02544,MDA5,0.02034139868558751,5.871178484274
circ_02545,JAK-STAT,0.044719466264225065,1.6351219203959353
circ_02546,NF-κB,0.006465381591150723,1.4173631497321775
circ_02547,cGAS-STING,0.01281572766059608,8.750695249051654
circ_02548,RIG-I,0.039844835550608804,1.1827343255369596
circ_02549,NF-κB,0.0012767837094949872,4.464835190981546
circ_02550,TLR7/8,0.0452939620901455,9.931618864220685
circ_02551,JAK-STAT,0.002032562787529338,9.897329823242517
circ_02552,JAK-STAT,0.03852017489689806,9.419108241949127
circ_02553,NF-κB,0.00899311494776904,6.6790531663961685
circ_02554,RIG-I,0.02350285143943006,9.682337231404443
circ_02555,cGAS-STING,0.04875658253382607,5.145216514441465
circ_02556,TLR7/8,0.028746483361523884,5.693691056480381
circ_02557,TLR7/8,0.007324651405757893,6.25962002428154
circ_02558,MDA5,0.0402041139283196,5.171849211287421
circ_02559,RIG-I,0.03791683477135445,2.132099332345526
circ_02560,JAK-STAT,0.03734966833376276,8.271033603094736
circ_02561,JAK-STAT,0.049779384594374115,5.01478879729895
circ_02562,TLR7/8,0.013584431852447502,9.113351154969761
circ_02563,MDA5,0.04560488795586598,6.866145463102336
circ_02564,NF-κB,0.04417148247252493,3.6070647079941085
circ_02565,PKR,0.04022901585325963,7.7091590082113015
circ_02566,TLR7/8,0.033281689606043954,8.138281808659999
circ_02567,MDA5,0.01832795438733546,4.906717799874862
circ_02568,NF-κB,0.04324751991194832,9.677180844367985
circ_02569,MDA5,0.04372773988540708,7.669509913621077
circ_02570,TLR7/8,0.024388376884000168,8.04786023829995
circ_02571,PKR,0.01717851574724798,9.587855339354917
circ_02572,JAK-STAT,0.0331906290438401,5.6154372228260545
circ_02573,PKR,0.037907518942019484,6.08994163248709
circ_02574,NF-κB,0.010361512538593427,2.551878994549715
circ_02575,TLR7/8,0.028829690751528372,4.1637150454142535
circ_02576,JAK-STAT,0.038167202098493294,2.4999263893495316
circ_02577,RIG-I,0.04699571113526656,2.104019238997491
circ_02578,RIG-I,0.018542600717708944,4.871503748497069
circ_02579,TLR7/8,0.035935419191432116,1.5514239908006164
circ_02580,cGAS-STING,0.03690029391119945,9.727488904664398
circ_02581,MDA5,0.03414868923147152,4.144293676809885
circ_02582,RIG-I,0.02513619195398525,2.574111332228553
circ_02583,JAK-STAT,0.020593887286837503,1.931984985188961
circ_02584,TLR7/8,0.011240257798361727,8.818956135166482
circ_02585,RIG-I,0.023927802736793374,6.598942421236142
circ_02586,TLR7/8,0.0016391950027532217,8.483353482555023
circ_02587,cGAS-STING,0.048082879529817824,8.29410900406116
circ_02588,cGAS-STING,0.0035935181338396056,9.093740668755823
circ_02589,JAK-STAT,0.026042159099327902,2.2350178567592476
circ_02590,cGAS-STING,0.01637917240815782,4.816092753559129
circ_02591,TLR7/8,0.04475719056022979,8.94548330158048
circ_02592,JAK-STAT,0.02401404498875829,7.314813527104651
circ_02593,MDA5,0.040424000488287044,4.3248171285566155
circ_02594,MDA5,0.033039972256546805,9.832060757746225
circ_02595,RIG-I,0.010297309469197935,6.536488606583474
circ_02596,MDA5,0.013940034447876615,6.384167633227943
circ_02597,PKR,0.030200417615584712,9.662820508628167
circ_02598,NF-κB,0.016605459468561522,5.255025844951977
circ_02599,NF-κB,0.011681996516897379,8.802200807193783
circ_02600,PKR,0.01149139697983884,7.740184269644043
circ_02601,PKR,0.009290823699226552,8.209635398343849
circ_02602,TLR7/8,0.0026830066527983995,9.53943109320139
circ_02603,PKR,0.047096501096160606,9.413810284089998
circ_02604,MDA5,0.013450361141114468,7.837719622695955
circ_02605,NF-κB,0.029005787365421087,2.689376066419989
circ_02606,JAK-STAT,0.013044347878372966,2.828712856971824
circ_02607,PKR,0.019964983611458147,4.271188678528909
circ_02608,PKR,0.032704665226378146,4.793810256542166
circ_02609,PKR,0.003114712916337351,1.7729704187417432
circ_02610,JAK-STAT,0.04158405828414324,9.34975951839889
circ_02611,NF-κB,0.007137685605474224,4.4534486281834464
circ_02612,PKR,0.03905680415560669,3.327363218199778
circ_02613,RIG-I,0.03412628868836733,2.8011969179282565
circ_02614,JAK-STAT,0.028304588134766728,5.175910790352731
circ_02615,PKR,0.02344061475956518,9.359334222115221
circ_02616,RIG-I,0.007092270198800691,7.066960736181767
circ_02617,NF-κB,0.04655333652000576,4.364080220883018
circ_02618,TLR7/8,0.0338966336613382,2.519395389357371
circ_02619,NF-κB,0.007614742378285941,1.4636159471111911
circ_02620,TLR7/8,0.02676454636208312,1.7912180747511703
circ_02621,PKR,0.010276617859135442,1.6796568701515069
circ_02622,JAK-STAT,0.014652067259732157,5.53415631932865
circ_02623,RIG-I,0.049756261779211865,1.9155929750658107
circ_02624,NF-κB,0.03012288803152632,5.61758725898242
circ_02625,TLR7/8,0.042139724395875496,1.408619177634963
circ_02626,PKR,0.04176998226130171,5.58275979029623
circ_02627,PKR,0.007190320510375775,5.300283515730053
circ_02628,NF-κB,0.03436235181067792,3.863800083964161
circ_02629,NF-κB,0.020189558377995544,4.431113760225277
circ_02630,PKR,0.03746519987464353,9.145756907935375
circ_02631,RIG-I,0.037757265946695005,2.0787744897903204
circ_02632,cGAS-STING,0.014353862778520562,8.976690926388649
circ_02633,TLR7/8,0.029203846185702573,6.7066340688491
circ_02634,cGAS-STING,0.044773649770130965,6.456768227126035
circ_02635,MDA5,0.025618709867784698,6.7822399353982945
circ_02636,NF-κB,0.044558700021692904,4.369885929549452
circ_02637,PKR,0.01646995781157623,3.224713374254351
circ_02638,PKR,0.0035435751926292665,6.000549526200348
circ_02639,TLR7/8,0.046067457615887965,9.444888459090379
circ_02640,TLR7/8,0.022376778355775513,6.473826271392975
circ_02641,RIG-I,0.006724336674172542,7.945701280944946
circ_02642,MDA5,0.018601530729946365,1.2892357652931732
circ_02643,TLR7/8,0.0393262806921869,6.224639778388057
circ_02644,RIG-I,0.029374046438951234,9.514895284324437
circ_02645,JAK-STAT,0.04709886433372013,9.931961279552416
circ_02646,MDA5,0.049409653864006475,7.310759320707562
circ_02647,RIG-I,0.018930055909227125,2.579643079416096
circ_02648,TLR7/8,0.04422055602812443,9.71024300597366
circ_02649,TLR7/8,0.04792983423967195,1.7682231560516457
circ_02650,RIG-I,0.01090583215909208,5.667745936013218
circ_02651,TLR7/8,0.04567282795712668,4.697916414876231
circ_02652,MDA5,0.00835856467858131,2.0260617768271776
circ_02653,MDA5,0.026571051475198258,9.052640929828774
circ_02654,TLR7/8,0.04062234588284838,7.275203888402604
circ_02655,NF-κB,0.018500384290005594,9.811006073400138
circ_02656,TLR7/8,0.008683635005403593,9.485523045369753
circ_02657,PKR,0.016731350452957094,6.755895975510779
circ_02658,RIG-I,0.02940191690236591,5.8297731790586615
circ_02659,JAK-STAT,0.01922284640469495,4.970600374617944
circ_02660,MDA5,0.03879164491300625,2.0071310405088902
circ_02661,NF-κB,0.03518597319227903,5.733160090486972
circ_02662,NF-κB,0.03694000165735002,6.970460790361702
circ_02663,JAK-STAT,0.03083572246442583,7.267000925908724
circ_02664,TLR7/8,0.005878539848287472,6.449346232003615
circ_02665,TLR7/8,0.04797195213829244,5.012565306079526
circ_02666,JAK-STAT,0.01101314004092345,1.867681728032475
circ_02667,MDA5,0.0011345081178150682,8.308070606891786
circ_02668,JAK-STAT,0.04486919139428734,2.148002425199297
circ_02669,MDA5,0.04371932450260651,6.697222423124104
circ_02670,MDA5,0.04875445504005529,4.811735909463044
circ_02671,JAK-STAT,0.01996260783184249,1.327454693501843
circ_02672,NF-κB,0.047983271304047184,3.8114185008737897
circ_02673,JAK-STAT,0.04121093557222226,2.94338055027137
circ_02674,cGAS-STING,0.034960546654687084,7.198999463261652
circ_02675,JAK-STAT,0.002716573941314508,4.177213886808832
circ_02676,TLR7/8,0.034348101605323235,5.796324784162797
circ_02677,TLR7/8,0.03133538804139015,2.7408982300962625
circ_02678,RIG-I,0.008805257325749726,7.812954207703058
circ_02679,cGAS-STING,0.03473511607996088,8.462962710749874
circ_02680,TLR7/8,0.02561577098666391,9.172788389822513
circ_02681,MDA5,0.03641696001028368,3.3912556352340686
circ_02682,RIG-I,0.021701730130978633,8.46880735510206
circ_02683,RIG-I,0.03827028884471209,8.247769071088594
circ_02684,RIG-I,0.029279539361663977,2.2717862588587794
circ_02685,MDA5,0.047488761223678906,2.8995162847107907
circ_02686,TLR7/8,0.02422146982988698,1.3580188306764724
circ_02687,NF-κB,0.008862189314181798,9.398372814218193
circ_02688,NF-κB,0.041735427859487216,4.086963495777659
circ_02689,cGAS-STING,0.03859895722883068,9.404080567250624
circ_02690,PKR,0.016285135530317386,4.350239735629181
circ_02691,PKR,0.002841867330283192,9.799077746122714
circ_02692,TLR7/8,0.033281041188891414,5.928361410642781
circ_02693,PKR,0.015337650902146963,7.760124308077247
circ_02694,MDA5,0.024295542377177827,3.942783165173861
circ_02695,cGAS-STING,0.00480793202819703,7.36575673062629
circ_02696,MDA5,0.013140521489932565,5.454708689196155
circ_02697,RIG-I,0.01533466453275176,5.972352749235197
circ_02698,cGAS-STING,0.005958718945972925,1.5400507570313136
circ_02699,MDA5,0.01496061282703505,7.298686034282587
circ_02700,JAK-STAT,0.013614913509271881,5.174442512511476
circ_02701,RIG-I,0.016315068012616573,2.544558908258252
circ_02702,RIG-I,0.049116590999948605,1.580963869748266
circ_02703,cGAS-STING,0.032316895298833435,4.626898660534156
circ_02704,cGAS-STING,0.034358019453330356,8.48371558419241
circ_02705,cGAS-STING,0.02373952693041156,7.428445014052184
circ_02706,NF-κB,0.03620177757071738,9.12756253958178
circ_02707,PKR,0.04996050524326881,8.012261726558735
circ_02708,TLR7/8,0.040630389321594254,8.57070736679225
circ_02709,MDA5,0.028187821679131857,8.441101239947841
circ_02710,JAK-STAT,0.021303457561081193,2.8754086071230702
circ_02711,NF-κB,0.03029622440718684,3.886368637993291
circ_02712,NF-κB,0.017711324811836546,2.0474178320444483
circ_02713,TLR7/8,0.02608635881600907,6.8239467362937285
circ_02714,TLR7/8,0.006983439243443151,4.419788116606504
circ_02715,MDA5,0.0266978811121695,5.779503968214636
circ_02716,RIG-I,0.04732561794411224,9.038417252003109
circ_02717,JAK-STAT,0.04634603755215408,8.740416146710668
circ_02718,NF-κB,0.005853191199331588,7.076835663865758
circ_02719,MDA5,0.03002437538624949,4.118993622131823
circ_02720,RIG-I,0.04637082773459478,4.368133222926773
circ_02721,PKR,0.018025295445678255,7.032929592751788
circ_02722,RIG-I,0.022239173742345485,3.5976548967226405
circ_02723,NF-κB,0.028825389147246982,8.357518005044817
circ_02724,TLR7/8,0.036859354543795034,1.168733297856606
circ_02725,JAK-STAT,0.04033935210120004,6.654964508363444
circ_02726,TLR7/8,0.0055803216646214595,5.540902126510568
circ_02727,cGAS-STING,0.03179712044947802,5.074254624504751
circ_02728,NF-κB,0.021450418093196144,2.5467180387576556
circ_02729,RIG-I,0.046380633281959335,1.282924800664233
circ_02730,PKR,0.009551948035553419,2.979551795510913
circ_02731,cGAS-STING,0.046660371210657074,9.952766186738575
circ_02732,cGAS-STING,0.025764949439154573,4.5265899996372685
circ_02733,PKR,0.005438455256163159,2.0099457408469865
circ_02734,RIG-I,0.041672388525754105,7.844644981728849
circ_02735,MDA5,0.03124585355957831,9.452502442905487
circ_02736,RIG-I,0.033146469551822495,5.858230514127755
circ_02737,RIG-I,0.016826535388160913,7.806288490381986
circ_02738,TLR7/8,0.03632491682052956,2.595934009419581
circ_02739,cGAS-STING,0.001167675927223718,4.87733458254371
circ_02740,JAK-STAT,0.04964148724639493,1.2788128539989632
circ_02741,TLR7/8,0.04695130841871042,4.085652311345405
circ_02742,JAK-STAT,0.02658719819655023,3.360528541900043
circ_02743,cGAS-STING,0.002996848028030797,9.486891409077222
circ_02744,TLR7/8,0.04056655141986752,5.536377702360139
circ_02745,JAK-STAT,0.03753591246607196,7.205881524458627
circ_02746,TLR7/8,0.036695207847281246,4.998803419987903
circ_02747,NF-κB,0.003081325712656564,4.954252178274414
circ_02748,JAK-STAT,0.004624033741614528,3.262670967106413
circ_02749,MDA5,0.04106227155573526,2.3895977395615993
circ_02750,PKR,0.04500442770877732,6.032421674633528
circ_02751,PKR,0.03942921593531845,8.501864008991532
circ_02752,TLR7/8,0.019075239337972297,2.23906963624271
circ_02753,MDA5,0.006425601816309713,8.433435430126554
circ_02754,RIG-I,0.030156395995264446,3.779270119880893
circ_02755,JAK-STAT,0.04639461075300694,1.5670648819619406
circ_02756,PKR,0.006594117466743693,3.6630057718898916
circ_02757,MDA5,0.0011631587734521327,6.75646273644701
circ_02758,JAK-STAT,0.003915571520123468,1.890144024131601
circ_02759,RIG-I,0.03077741028186957,6.375684898689636
circ_02760,TLR7/8,0.014799779428535345,1.7154399947362164
circ_02761,RIG-I,0.0018434087191940016,6.6740707884119015
circ_02762,cGAS-STING,0.007357796463199899,7.472905728524169
circ_02763,JAK-STAT,0.011204378805434866,5.887592419901965
circ_02764,RIG-I,0.006575808908797427,2.73255049134379
circ_02765,JAK-STAT,0.001046071789382275,4.126295118548947
circ_02766,PKR,0.025368840723181654,6.133572945153682
circ_02767,NF-κB,0.006360154342619586,9.162246855407906
circ_02768,MDA5,0.03714001485259708,5.1300636713051695
circ_02769,PKR,0.01817756899315443,3.32493961839227
circ_02770,TLR7/8,0.04944123715709802,2.0355248311650342
circ_02771,cGAS-STING,0.018837076832648063,8.303267612286053
circ_02772,cGAS-STING,0.0012179742879899625,4.6268802039291
circ_02773,MDA5,0.01585767408819445,7.5864316677822075
circ_02774,cGAS-STING,0.049545454075574986,5.213234280656415
circ_02775,RIG-I,0.038767815716791006,8.43100006099776
circ_02776,NF-κB,0.047509721875520654,3.226528798020709
circ_02777,cGAS-STING,0.014451481531685535,3.44149789411515
circ_02778,cGAS-STING,0.03373463531257111,1.4243800726652822
circ_02779,RIG-I,0.03320562814366729,2.9060007960013836
circ_02780,JAK-STAT,0.04587404924337187,4.405255014342672
circ_02781,NF-κB,0.005731843447262614,9.455408939765835
circ_02782,RIG-I,0.018604300459103443,6.3101275110930395
circ_02783,JAK-STAT,0.027960914824215755,1.2871584478188343
circ_02784,TLR7/8,0.02421015706270143,2.736068240130803
circ_02785,cGAS-STING,0.00753717510209183,3.641518622258502
circ_02786,cGAS-STING,0.03339681086200969,6.049760905916431
circ_02787,PKR,0.0289238898639947,6.742810239330275
circ_02788,TLR7/8,0.025457659560627757,6.890584046571235
circ_02789,TLR7/8,0.035233591229351414,5.112403704804531
circ_02790,JAK-STAT,0.03508181372658872,6.424380918127722
circ_02791,RIG-I,0.030029546491825508,6.937803667725243
circ_02792,JAK-STAT,0.03238155825147948,5.467926890554365
circ_02793,NF-κB,0.011842195598320494,8.150156218982612
circ_02794,PKR,0.044266768579814916,3.116991311226951
circ_02795,RIG-I,0.023967790200517702,7.112073195023987
circ_02796,PKR,0.028126644775293703,5.210959248442139
circ_02797,PKR,0.008408026502402775,8.1412713248396
circ_02798,RIG-I,0.04404816461753972,7.556492149269134
circ_02799,NF-κB,0.02609634342663655,4.708189596047745
circ_02800,RIG-I,0.03665272190469038,1.6411449532118514
circ_02801,NF-κB,0.01136019059445812,9.35194210472761
circ_02802,JAK-STAT,0.02184568616478554,2.5358913436826582
circ_02803,NF-κB,0.011660283838301002,4.62195851854383
circ_02804,cGAS-STING,0.03069566017857771,4.923232077682988
circ_02805,TLR7/8,0.0443417876942421,7.3594209396769745
circ_02806,cGAS-STING,0.03719543567065045,7.777361284523327
circ_02807,TLR7/8,0.04265014254574591,1.8087225031504213
circ_02808,NF-κB,0.039586459080297745,5.076581010982929
circ_02809,cGAS-STING,0.0035108008225140474,3.132109892756322
circ_02810,cGAS-STING,0.03631881146829903,2.224495833276812
circ_02811,cGAS-STING,0.040736922453315144,8.429048794209987
circ_02812,MDA5,0.04431088692996936,3.9371634146478875
circ_02813,cGAS-STING,0.049341541172834784,2.356839794645242
circ_02814,cGAS-STING,0.02718860429151691,7.158928934368258
circ_02815,JAK-STAT,0.005497399312772425,1.2396076085902688
circ_02816,PKR,0.025379223111228554,5.279823095199348
circ_02817,MDA5,0.024577859621847047,1.0806079490792533
circ_02818,cGAS-STING,0.02694885881145267,6.818881617455444
circ_02819,NF-κB,0.022241058067398838,1.4588173569281637
circ_02820,RIG-I,0.022302287622273747,4.586310563474712
circ_02821,JAK-STAT,0.045803538836882755,8.7484776539909
circ_02822,TLR7/8,0.044325117405998815,8.66565591034278
circ_02823,MDA5,0.015170882402719566,9.666672962563535
circ_02824,NF-κB,0.0067778153987517915,3.5966113325140077
circ_02825,cGAS-STING,0.026605652441219346,8.984566524015495
circ_02826,TLR7/8,0.007954863220210107,7.5098377167211785
circ_02827,TLR7/8,0.016678872369305358,1.6971211838725386
circ_02828,TLR7/8,0.00876439414521912,1.9654771928379362
circ_02829,PKR,0.04826726861263389,9.499589245558228
circ_02830,JAK-STAT,0.03935702835441818,3.7522686394420908
circ_02831,PKR,0.04773677319079816,3.60890717753644
circ_02832,JAK-STAT,0.03461844002888003,3.134388640246869
circ_02833,RIG-I,0.036067343618730034,2.5347954388473513
circ_02834,TLR7/8,0.02720882063982774,2.667648955495479
circ_02835,MDA5,0.040292391756892504,2.326860173561333
circ_02836,JAK-STAT,0.02975537548137273,6.224133631693459
circ_02837,NF-κB,0.041098310316960526,9.492295717417852
circ_02838,PKR,0.006633437004711876,5.288339747532558
circ_02839,RIG-I,0.00455463115488396,9.750861859609254
circ_02840,PKR,0.008491264251227511,8.06318619714696
circ_02841,TLR7/8,0.031104956465248614,1.813616183910347
circ_02842,JAK-STAT,0.04241098841107431,2.6119704894858455
circ_02843,JAK-STAT,0.012584754884093538,6.406590091454576
circ_02844,NF-κB,0.02809891153150733,8.906770811861453
circ_02845,cGAS-STING,0.023930127803133413,4.882030704953397
circ_02846,JAK-STAT,0.00417972600567792,4.652086709262896
circ_02847,cGAS-STING,0.026836977042550832,6.984171383059197
circ_02848,TLR7/8,0.016516402801860924,4.7634976547088215
circ_02849,NF-κB,0.033972373734018096,4.986642163555892
circ_02850,NF-κB,0.007518378852539656,2.4775736883414448
circ_02851,PKR,0.03520714739527467,7.666926373115866
circ_02852,MDA5,0.03450624950552503,8.368241079587069
circ_02853,JAK-STAT,0.003041669558171462,4.0549724729020244
circ_02854,NF-κB,0.041867448281407656,2.2952232950126517
circ_02855,JAK-STAT,0.02886832856903551,8.003412296018741
circ_02856,MDA5,0.024548792499116675,4.022195009620258
circ_02857,NF-κB,0.002489784681914897,4.45526742953127
circ_02858,MDA5,0.012412872991506022,3.5853994536176845
circ_02859,PKR,0.04806588687072924,2.4650600123850586
circ_02860,RIG-I,0.03458133744600035,1.8539163260630511
circ_02861,NF-κB,0.014067849743510927,7.997515149512501
circ_02862,NF-κB,0.0372888467679309,7.790694108367613
circ_02863,JAK-STAT,0.02133221544194638,1.699461457660799
circ_02864,cGAS-STING,0.02603367697141381,6.2892634512813395
circ_02865,MDA5,0.00857996864027331,5.13105598711
circ_02866,cGAS-STING,0.044702377308956036,5.121530192249752
circ_02867,TLR7/8,0.030843619137839142,8.525414857293342
circ_02868,JAK-STAT,0.005697322237635973,3.8145306556402594
circ_02869,cGAS-STING,0.022642040398940744,9.005278733710806
circ_02870,NF-κB,0.016016521741820833,5.1022888884399205
circ_02871,RIG-I,0.043833629464565434,4.0839813407681245
circ_02872,TLR7/8,0.01735786104631921,2.1077196657517145
circ_02873,cGAS-STING,0.02668365594546678,6.078042970827868
circ_02874,cGAS-STING,0.04675974056536217,4.129485671247165
circ_02875,MDA5,0.006366875815331125,6.823206725150533
circ_02876,PKR,0.014971934438120518,5.629920799889925
circ_02877,RIG-I,0.016392850628891162,7.278237514671146
circ_02878,JAK-STAT,0.026897027450366307,6.742990358080433
circ_02879,MDA5,0.03521600184554603,5.298161827432792
circ_02880,PKR,0.02587303052795936,5.98298949929606
circ_02881,MDA5,0.012473575619788263,9.377040150589893
circ_02882,RIG-I,0.02585073775261274,2.6509537288444127
circ_02883,TLR7/8,0.01160193716229958,4.123957268472016
circ_02884,cGAS-STING,0.014031537132446776,6.9977392062330095
circ_02885,NF-κB,0.012710053471841568,3.8966267687008136
circ_02886,MDA5,0.040361652038456576,2.3837293438833584
circ_02887,TLR7/8,0.003340752888718429,1.21389246818844
circ_02888,RIG-I,0.049338907574524,4.325016641784131
circ_02889,RIG-I,0.03689032871959366,9.339700061032303
circ_02890,MDA5,0.021627468903937717,7.547505761294824
circ_02891,RIG-I,0.005714244893734805,9.907682876596777
circ_02892,PKR,0.007129357979615379,4.308698224891256
circ_02893,NF-κB,0.04921329350237321,3.4624551657301477
circ_02894,cGAS-STING,0.04303117613585278,8.141682753287284
circ_02895,MDA5,0.04113854395513891,2.196298907800909
circ_02896,PKR,0.021890645007673022,4.358299858375734
circ_02897,TLR7/8,0.0265215993071553,5.36605712764445
circ_02898,RIG-I,0.014259677902741293,9.678857984600656
circ_02899,NF-κB,0.03498606922884922,6.4687629894599254
circ_02900,cGAS-STING,0.018751806987716634,3.1947585065420356
circ_02901,RIG-I,0.03381602212532031,8.314337674692213
circ_02902,NF-κB,0.001638970134679975,7.583443746334284
circ_02903,cGAS-STING,0.034552303728017535,2.6011535627702487
circ_02904,TLR7/8,0.04951452999737092,2.7174629408968736
circ_02905,JAK-STAT,0.03965807387952261,9.340068790607368
circ_02906,NF-κB,0.02669396486142805,2.433685498226051
circ_02907,NF-κB,0.03771688344522093,3.0714676350676493
circ_02908,JAK-STAT,0.04391679235762383,4.676832537143186
circ_02909,cGAS-STING,0.030451769425735662,1.7477446577847835
circ_02910,cGAS-STING,0.0019376981494713102,7.242860812065709
circ_02911,RIG-I,0.049773128670429406,6.801300117631911
circ_02912,TLR7/8,0.02696087792258072,1.1260229346839061
circ_02913,PKR,0.03635875896195698,6.396981323300965
circ_02914,JAK-STAT,0.025136417662730573,6.684419428494353
circ_02915,TLR7/8,0.011001911664994004,4.924828008226433
circ_02916,RIG-I,0.01969419947384848,3.9590681000838877
circ_02917,PKR,0.04900572583931462,9.802480268722618
circ_02918,MDA5,0.0140480950917348,8.765272506958391
circ_02919,cGAS-STING,0.012616499602472329,5.50247280098121
circ_02920,cGAS-STING,0.002691727337430061,1.1196340350301415
circ_02921,MDA5,0.04989570187564719,3.3142313726064456
circ_02922,MDA5,0.022730416984472406,4.026301525517648
circ_02923,RIG-I,0.005883233548055965,7.048742230402271
circ_02924,cGAS-STING,0.017908312143233622,5.069064984124127
circ_02925,RIG-I,0.004617711754890784,9.596775491596476
circ_02926,NF-κB,0.016709704785645,2.807737880671109
circ_02927,TLR7/8,0.029194198219820278,5.830281591623198
circ_02928,JAK-STAT,0.032761913638676365,1.8726867291157643
circ_02929,RIG-I,0.03830137663768015,2.8465500742459833
circ_02930,NF-κB,0.02497341733594435,6.757053972742152
circ_02931,NF-κB,0.04164320797163723,4.401574232272117
circ_02932,TLR7/8,0.025258876093316687,1.357209502638596
circ_02933,TLR7/8,0.02056201434847878,8.808659780804565
circ_02934,NF-κB,0.022571236575105125,1.2294307382836793
circ_02935,TLR7/8,0.007735140795950022,1.0672648733117591
circ_02936,MDA5,0.028277313097929916,3.3138529603568183
circ_02937,RIG-I,0.039802115874664375,8.859705850005586
circ_02938,MDA5,0.0038552876980528818,2.276936714376281
circ_02939,MDA5,0.016634715994492413,6.945035295747972
circ_02940,MDA5,0.04564490698872505,2.12737161631223
circ_02941,JAK-STAT,0.013864033800023334,6.149441622370989
circ_02942,RIG-I,0.021538469612026153,6.916751602450269
circ_02943,PKR,0.005274423924136101,5.573253179722876
circ_02944,PKR,0.035122882308092705,1.961439055697872
circ_02945,RIG-I,0.012272390921281351,7.8550480707075945
circ_02946,MDA5,0.025002114957510414,3.3667785415147202
circ_02947,NF-κB,0.009955265738498711,4.215515942052846
circ_02948,NF-κB,0.034503931616102004,5.243562230220712
circ_02949,TLR7/8,0.04237173516546771,5.407193442472839
circ_02950,NF-κB,0.0026414177216240583,9.326463037036026
circ_02951,RIG-I,0.04856399963003933,6.532608584784984
circ_02952,TLR7/8,0.02244291715630441,5.321658025368077
circ_02953,JAK-STAT,0.047251794388820746,4.327576494159129
circ_02954,NF-κB,0.04187940809480708,1.2219538495734223
circ_02955,JAK-STAT,0.026543708993703678,9.608167024732877
circ_02956,JAK-STAT,0.0031820543790535226,7.997964823168074
circ_02957,NF-κB,0.03950436739175218,8.25943104808646
circ_02958,MDA5,0.012640684705749288,7.270950275693952
circ_02959,cGAS-STING,0.0048112412857679,4.796869080894145
circ_02960,JAK-STAT,0.007832545040622297,2.362421071845521
circ_02961,JAK-STAT,0.04832225456838303,1.631689185479007
circ_02962,PKR,0.03676210061986301,2.6211466524929503
circ_02963,MDA5,0.043537127246085015,1.3090020326512612
circ_02964,JAK-STAT,0.04544876145926151,8.146018219687708
circ_02965,NF-κB,0.011837789903439679,9.194636447946188
circ_02966,cGAS-STING,0.043908775622367724,1.1762729723472591
circ_02967,PKR,0.025761666864176073,1.8394486532807428
circ_02968,JAK-STAT,0.02545809301370213,3.4812699162085847
circ_02969,RIG-I,0.02173420392331624,7.889141782724742
circ_02970,MDA5,0.026393608798386804,6.646627104324642
circ_02971,cGAS-STING,0.01594524978116882,9.065871317834423
circ_02972,MDA5,0.038860258077072135,1.7802021828071095
circ_02973,cGAS-STING,0.032242903543806684,8.339012031143966
circ_02974,TLR7/8,0.012368244390140927,9.907317574917743
circ_02975,cGAS-STING,0.01403994815578868,9.196398967308994
circ_02976,NF-κB,0.04788039105820872,1.6581728356295073
circ_02977,MDA5,0.005525225838757427,7.716101066021243
circ_02978,NF-κB,0.03619575090275974,6.412076937252763
circ_02979,PKR,0.01455035634866549,8.358929443227638
circ_02980,TLR7/8,0.014172062054385894,1.137906142638343
circ_02981,MDA5,0.014647842517732837,9.905773155868346
circ_02982,NF-κB,0.01902608294978787,7.517711404814267
circ_02983,TLR7/8,0.0448170343903506,5.91384096265663
circ_02984,RIG-I,0.010590905997892204,6.893519753926282
circ_02985,RIG-I,0.0433101510026894,9.713264228698584
circ_02986,cGAS-STING,0.03800862464510528,8.724803799180801
circ_02987,cGAS-STING,0.007590856376920101,8.46792492540244
circ_02988,cGAS-STING,0.03733935933442087,8.297462491647998
circ_02989,JAK-STAT,0.02944096537298985,3.6269724042239604
circ_02990,MDA5,0.02697650252752611,9.405506623805568
circ_02991,JAK-STAT,0.015417861013461539,4.9816427001094326
circ_02992,TLR7/8,0.03791484319604989,8.327377798055455
circ_02993,MDA5,0.013890464311844628,8.570910912464566
circ_02994,RIG-I,0.008140566173772318,1.0609946132685262
circ_02995,NF-κB,0.03270901747000228,2.6151913230683417
circ_02996,RIG-I,0.03624310168492858,2.5253768768900593
circ_02997,JAK-STAT,0.043080342755166465,6.919430084522901
circ_02998,cGAS-STING,0.0019676539278915698,5.4018363151580955
circ_02999,PKR,0.04858749471409824,9.547510317232137
