circrna_id,pathway,pvalue,enrichment_score,gene_count
circ_00000,JAK-STAT,0.004077841787906173,2.529399294452758,19
circ_00001,PKR,0.44009880071420515,1.3364331231701163,32
circ_00002,RIG-I,0.04341450753584025,1.1860623947245834,43
circ_00003,TLR7/8,0.21636096928323456,0.8471367753312105,23
circ_00004,TLR7/8,0.007186845379666517,1.9085031772197847,65
circ_00005,PKR,0.42832481205895434,0.5380951185175238,7
circ_00006,NF-κB,0.35803513458624003,1.4002206007514382,54
circ_00007,PKR,0.049562766391941626,3.846275574790864,20
circ_00008,PKR,0.20335316956989008,0.694679460176875,86
circ_00009,cGAS-STING,0.4086293926169222,0.8504745555268949,19
circ_00010,MDA5,0.4178360766499295,1.4538217750956317,9
circ_00011,TLR7/8,0.14878691888811235,0.8094252149428703,13
circ_00012,cGAS-STING,0.022762640827159633,8.610727583654315,46
circ_00013,PKR,0.034411211118513925,5.843942168295308,69
circ_00014,RIG-I,0.015605121089320235,9.716742668082935,24
circ_00015,PKR,0.15262864267084192,1.2439922737182847,84
circ_00016,RIG-I,0.4982311563401103,1.0774701028391835,85
circ_00017,RIG-I,0.03299688589723208,2.2351906085165796,24
circ_00018,NF-κB,0.3605902368016848,1.2905569752670418,31
circ_00019,RIG-I,0.04861296865423219,7.895424622526782,51
circ_00020,RIG-I,0.45040367110613166,1.2366080974575362,22
circ_00021,JAK-STAT,0.045883705957048306,5.475323576112226,14
circ_00022,JAK-STAT,0.2751007866392417,1.0293645421690694,34
circ_00023,JAK-STAT,0.00311213903508353,6.434034749097192,20
circ_00024,TLR7/8,0.2851131411458448,0.5634975801269839,21
circ_00025,RIG-I,0.01081337488555182,4.916520193190866,32
circ_00026,MDA5,0.040081215018194685,5.321018572805567,53
circ_00027,TLR7/8,0.014102990514410434,4.447542587230394,16
circ_00028,RIG-I,0.018416172427843925,3.461814409656095,6
circ_00029,cGAS-STING,0.04175330016456799,6.328125260549816,17
circ_00030,RIG-I,0.4667071715669353,1.4679636445162152,21
circ_00031,cGAS-STING,0.24696949898260856,0.7852218174669985,19
circ_00032,TLR7/8,0.4921819742455761,0.8171238515949367,44
circ_00033,JAK-STAT,0.03847348518298213,8.809788702367513,82
circ_00034,NF-κB,0.30117719679675614,0.6044442359907093,59
circ_00035,TLR7/8,0.276931340757422,1.2094542818075296,97
circ_00036,JAK-STAT,0.02461218345024682,6.405979041658132,16
circ_00037,RIG-I,0.04650083514880439,7.861242088652016,91
circ_00038,JAK-STAT,0.04595825624949112,4.486434542125227,88
circ_00039,cGAS-STING,0.035730696392047054,6.144259480754108,14
circ_00040,JAK-STAT,0.034454925070671015,7.68186790393446,25
circ_00041,JAK-STAT,0.19090886106628893,1.1156332464522665,65
circ_00042,NF-κB,0.03507262659207137,9.670695478846001,57
circ_00043,JAK-STAT,0.4880996747221812,0.6114362797509362,41
circ_00044,PKR,0.020538870471587586,2.756332144697163,6
circ_00045,JAK-STAT,0.49411345877659096,1.0388514976580105,57
circ_00046,NF-κB,0.354566799372365,0.6050704300890482,87
circ_00047,RIG-I,0.024812891851920836,2.4587348829941353,62
circ_00048,TLR7/8,0.0025658993660261048,9.008068683052802,10
circ_00049,MDA5,0.043767642724331916,7.033379705525517,98
circ_00050,MDA5,0.025525904868058412,5.652840852917905,49
circ_00051,RIG-I,0.00640135464932106,5.4961237831555065,93
circ_00052,PKR,0.016743819073793298,6.241241319981744,8
circ_00053,JAK-STAT,0.3902420696806109,0.6047766196219403,99
circ_00054,NF-κB,0.2069730581745274,0.5195805764857753,46
circ_00055,JAK-STAT,0.02100616602656328,8.811498094036933,51
circ_00056,cGAS-STING,0.04251730189721431,9.502332666731638,77
circ_00057,TLR7/8,0.35545117034871454,1.4812017221370706,77
circ_00058,TLR7/8,0.4880303948648429,0.7652113185294738,24
circ_00059,cGAS-STING,0.009021402070431502,1.052638815166294,57
circ_00060,TLR7/8,0.1087196292026727,0.7133039764849058,87
circ_00061,RIG-I,0.34488247111461734,0.7900125740797913,10
circ_00062,NF-κB,0.3937782777419765,1.2551335867549178,55
circ_00063,TLR7/8,0.3636813506685962,1.2141021792880549,9
circ_00064,NF-κB,0.4564991820704516,0.5697536271468934,75
circ_00065,PKR,0.014790481524559914,9.381171087079386,18
circ_00066,RIG-I,0.04529661037306976,6.570286050227715,91
circ_00067,NF-κB,0.00375173366620561,4.903813298084287,22
circ_00068,JAK-STAT,0.23024528013981935,0.6567332221544312,82
circ_00069,MDA5,0.3901553538368904,0.7877049486088301,63
circ_00070,RIG-I,0.04770227792888396,8.922435416565797,43
circ_00071,JAK-STAT,0.043761209451015436,2.8946373481197196,53
circ_00072,TLR7/8,0.17555230376327136,1.3876190297961164,99
circ_00073,cGAS-STING,0.040987706787637655,9.663133754981907,98
circ_00074,cGAS-STING,0.04163912986307276,4.875668057273433,89
circ_00075,RIG-I,0.01013809930165345,3.1191872949642727,94
circ_00076,NF-κB,0.04359432237731654,7.236043784309176,67
circ_00077,RIG-I,0.020899030277228024,8.829645491197185,27
circ_00078,cGAS-STING,0.02775440964879305,7.014301450624751,13
circ_00079,RIG-I,0.4151730141600585,0.8120673610679899,15
circ_00080,cGAS-STING,0.02704889614035357,9.497374379277215,48
circ_00081,JAK-STAT,0.03991130982436786,7.552383660568816,81
circ_00082,NF-κB,0.03358618632739377,1.1243697013355334,88
circ_00083,PKR,0.15841565396478857,0.8785560276284101,72
circ_00084,MDA5,0.10657142677693413,0.7997910571975833,71
circ_00085,NF-κB,0.03608141036993724,9.51628079030292,6
circ_00086,JAK-STAT,0.04663887764184238,3.7365332011543235,34
circ_00087,PKR,0.01574693162788569,3.699302462575803,22
circ_00088,TLR7/8,0.03674228215391688,5.867475555659257,61
circ_00089,TLR7/8,0.33516511158518936,0.5409391164571941,33
circ_00090,RIG-I,0.006273527781546079,5.740376287000687,26
circ_00091,TLR7/8,0.04062949575607875,9.135234753054359,61
circ_00092,cGAS-STING,0.03539631288592013,2.9130978437136825,5
circ_00093,NF-κB,0.009430818068908352,2.5695543846827325,57
circ_00094,cGAS-STING,0.3221610130466185,1.1902779658828333,16
circ_00095,TLR7/8,0.0019042278924276694,2.779613943614531,44
circ_00096,NF-κB,0.04101690590412151,8.65184504375105,66
circ_00097,NF-κB,0.41945880174686023,0.6730410891584833,76
circ_00098,NF-κB,0.27473974092805165,1.4437617059290357,50
circ_00099,MDA5,0.021993619425450563,4.319766101502125,50
circ_00100,TLR7/8,0.018724064757253526,1.6796069055129963,33
circ_00101,RIG-I,0.029210044985392803,2.7611764626993947,32
circ_00102,TLR7/8,0.26372882264753605,1.123229058198894,46
circ_00103,NF-κB,0.047239525352438645,1.9397077326407428,27
circ_00104,RIG-I,0.4000021475327764,1.2863610044843201,79
circ_00105,MDA5,0.0037199329910898404,3.7410440583927334,72
circ_00106,TLR7/8,0.039396667931003125,3.561636584145668,95
circ_00107,NF-κB,0.03057026924025406,2.1211660313180407,48
circ_00108,NF-κB,0.04877896328358132,9.667925374507293,94
circ_00109,TLR7/8,0.011509079186041899,6.246716275068909,52
circ_00110,JAK-STAT,0.04394844720744111,7.391727341975489,60
circ_00111,PKR,0.04270389691173093,5.8213759047552776,90
circ_00112,JAK-STAT,0.4885340187891858,1.332987852113652,20
circ_00113,JAK-STAT,0.003278999759727556,8.939379981809186,77
circ_00114,RIG-I,0.03360205718098635,8.907864873698358,48
circ_00115,TLR7/8,0.04157634204045356,7.042973890144885,58
circ_00116,RIG-I,0.19731678174725326,1.1966454465792886,84
circ_00117,NF-κB,0.03422850546972209,3.273736347506723,38
circ_00118,RIG-I,0.3053932862942024,1.12641067897883,6
circ_00119,JAK-STAT,0.43986463446659774,0.6868934039883426,59
circ_00120,TLR7/8,0.014137946716419367,6.336745509610337,53
circ_00121,JAK-STAT,0.22687119401276812,1.009535737860791,93
circ_00122,NF-κB,0.23489371960083552,0.9951244786189908,16
circ_00123,MDA5,0.4525835888870363,1.1635876071429658,40
circ_00124,RIG-I,0.46482605136055344,0.6349983329798113,55
circ_00125,MDA5,0.027286026957501305,8.431547347003516,12
circ_00126,TLR7/8,0.031325049871591966,3.1689898248848563,8
circ_00127,RIG-I,0.030263234992304634,5.390057425162959,85
circ_00128,cGAS-STING,0.048970422466626376,2.824911706441394,57
circ_00129,TLR7/8,0.00902398367101449,3.04195648961956,90
circ_00130,JAK-STAT,0.18859119819949755,0.580269465879265,86
circ_00131,MDA5,0.1732102206033006,1.0147884822069473,71
circ_00132,JAK-STAT,0.34144545657330516,0.9482794834844401,8
circ_00133,JAK-STAT,0.2570157869802575,1.4318552656774375,37
circ_00134,NF-κB,0.18883350475770025,0.7501906352480849,57
circ_00135,TLR7/8,0.028628474013124995,2.237708797384356,96
circ_00136,MDA5,0.49088722776616067,0.7200404806033429,18
circ_00137,NF-κB,0.4812538938996155,0.89996856863981,6
circ_00138,PKR,0.013268795167211488,2.758669877079443,38
circ_00139,NF-κB,0.1744450300245452,0.7561917288020077,65
circ_00140,JAK-STAT,0.184361712212205,0.6715063492449694,64
circ_00141,TLR7/8,0.014785320998013041,7.368908824812836,37
circ_00142,MDA5,0.018054432159719493,8.77826577415891,72
circ_00143,JAK-STAT,0.1552505745337207,0.7436671398134688,71
circ_00144,cGAS-STING,0.26930279819703334,1.4089150134658697,84
circ_00145,cGAS-STING,0.03278466183412962,7.015762248313282,58
circ_00146,TLR7/8,0.04475156191750192,9.96365095678563,8
circ_00147,cGAS-STING,0.4476774233250911,0.6048073528668384,5
circ_00148,PKR,0.009529219300347981,2.196990544154996,97
circ_00149,NF-κB,0.025772576638300577,2.465782634239292,38
circ_00150,JAK-STAT,0.010692603076946215,4.756102085060911,83
circ_00151,NF-κB,0.012407963873332237,5.961402380535017,7
circ_00152,RIG-I,0.2698806335830702,0.5637809106131219,36
circ_00153,NF-κB,0.2603426041119893,1.4609569049668576,55
circ_00154,MDA5,0.013526853508732638,7.297853790297861,90
circ_00155,RIG-I,0.039904952336226804,8.461105026529582,13
circ_00156,JAK-STAT,0.14379852086884048,0.9893254684077083,67
circ_00157,MDA5,0.37514386663199195,1.141483668451205,34
circ_00158,TLR7/8,0.015509665747165335,2.4503493346475143,34
circ_00159,cGAS-STING,0.03091953309134265,8.12568490227601,28
circ_00160,PKR,0.009025067015776385,1.8899236791222584,36
circ_00161,RIG-I,0.028271487592006768,4.102160558212949,87
circ_00162,JAK-STAT,0.016476302506506068,9.015995031292979,98
circ_00163,MDA5,0.24929769694417422,0.6276649764914115,38
circ_00164,cGAS-STING,0.01039376671471108,9.831235529144601,25
circ_00165,PKR,0.014446857884776211,4.010786796171843,58
circ_00166,RIG-I,0.25990187972368284,0.6655324651404689,55
circ_00167,TLR7/8,0.25653470795787736,1.0336189501147195,5
circ_00168,JAK-STAT,0.03972572306032868,6.667175502268577,17
circ_00169,PKR,0.25173766971734,0.6376839082141461,94
circ_00170,JAK-STAT,0.11874226515736869,1.2144288571906734,79
circ_00171,TLR7/8,0.018084762491576794,3.9161346028478103,47
circ_00172,NF-κB,0.10053274646497688,0.5362108167559145,5
circ_00173,RIG-I,0.003950877802706482,6.430157849821359,45
circ_00174,TLR7/8,0.009374715516231397,3.1696635697489577,16
circ_00175,PKR,0.04399251975291067,1.8982266524195184,47
circ_00176,RIG-I,0.23908567004680903,1.223657894997101,59
circ_00177,PKR,0.2778607087362331,0.870609638458945,67
circ_00178,PKR,0.02418179778468264,4.93497563067699,46
circ_00179,NF-κB,0.046076221547799175,9.036265868441168,81
circ_00180,RIG-I,0.022998538586532336,6.431728988651082,56
circ_00181,cGAS-STING,0.29542187524875685,0.541215039018453,67
circ_00182,RIG-I,0.024159182824194998,3.334354911619995,58
circ_00183,MDA5,0.0486282816520931,9.386080986546368,27
circ_00184,RIG-I,0.4326726302551053,0.722915537513969,60
circ_00185,JAK-STAT,0.20936244008170105,0.5754309541337939,20
circ_00186,TLR7/8,0.025289182571250367,7.970955047103458,55
circ_00187,JAK-STAT,0.1046551258680351,0.5766567747999701,93
circ_00188,PKR,0.028707585717701746,2.484556498674646,20
circ_00189,cGAS-STING,0.02856669354248476,6.128184460030084,40
circ_00190,PKR,0.030176292486723814,2.806169860493153,83
circ_00191,NF-κB,0.04496181209512113,3.904952331955446,9
circ_00192,NF-κB,0.28678981859143526,0.8760543082827402,86
circ_00193,NF-κB,0.012804545428031309,3.7930614914656484,27
circ_00194,RIG-I,0.013741691084968439,6.167891655272296,98
circ_00195,RIG-I,0.015059230982636156,6.7328997401338135,89
circ_00196,MDA5,0.03260443035125154,8.312650304630342,80
circ_00197,NF-κB,0.21881173416892344,1.2616174685490158,5
circ_00198,PKR,0.29407417339433733,1.378429808028966,15
circ_00199,JAK-STAT,0.04631635645925635,8.607018644013236,10
circ_00200,JAK-STAT,0.01893945194097169,8.380145700548915,22
circ_00201,PKR,0.032182018491668615,2.2490161403326665,92
circ_00202,cGAS-STING,0.044165032568085245,2.6913427250052027,61
circ_00203,NF-κB,0.42769962974026854,1.214913960187931,52
circ_00204,JAK-STAT,0.11330067305321717,0.6847572757184692,55
circ_00205,MDA5,0.035258877923172484,8.239957761328887,98
circ_00206,MDA5,0.329761364182555,0.5380534339320031,89
circ_00207,TLR7/8,0.026274305799858563,8.888496627963885,82
circ_00208,PKR,0.00887032219055825,3.0562406182516932,61
circ_00209,MDA5,0.24081192179119126,1.0260082568675328,70
circ_00210,PKR,0.00177620027497185,8.598744126159634,5
circ_00211,PKR,0.0023907733884959096,6.258953838459301,21
circ_00212,RIG-I,0.1681172344987757,1.4988172162559967,7
circ_00213,NF-κB,0.4142333436725042,1.0322965075121306,32
circ_00214,RIG-I,0.04241991284297077,3.7302097140575428,38
circ_00215,NF-κB,0.022587129717008596,9.131723205201485,52
circ_00216,RIG-I,0.04176730898626362,6.827500003632424,65
circ_00217,NF-κB,0.014270763163970634,9.758634129959486,34
circ_00218,JAK-STAT,0.2322587171533185,1.2759259594720476,20
circ_00219,TLR7/8,0.04094255406417265,2.31383311308981,49
circ_00220,cGAS-STING,0.1735141841091367,1.0736739166395899,83
circ_00221,TLR7/8,0.04480225590569277,2.2496460451242695,48
circ_00222,cGAS-STING,0.33549147300829807,0.9210031458495147,60
circ_00223,cGAS-STING,0.024211498257867354,7.4637591212321945,10
circ_00224,PKR,0.017583001522975823,7.826052212398231,71
circ_00225,RIG-I,0.027086214017499506,8.438696676339898,10
circ_00226,JAK-STAT,0.028303096731591076,4.893214210918255,26
circ_00227,cGAS-STING,0.002875386421044315,7.497473911099658,46
circ_00228,RIG-I,0.04094038345053633,3.7775755340373363,72
circ_00229,TLR7/8,0.2105617172796036,1.0044971926968973,25
circ_00230,MDA5,0.39485177692181206,1.104135153199008,65
circ_00231,MDA5,0.029131462427875277,7.141247968442972,19
circ_00232,RIG-I,0.018052978932019452,9.932188347635583,47
circ_00233,RIG-I,0.16649093520037367,1.1397048256968576,41
circ_00234,RIG-I,0.03552238039817702,3.969760349066055,33
circ_00235,JAK-STAT,0.002571086015757504,5.28619597515829,77
circ_00236,JAK-STAT,0.037775934900310455,4.035642858539395,37
circ_00237,RIG-I,0.04116195711885319,3.4928861917790117,82
circ_00238,NF-κB,0.20426868282508562,0.6076061575959688,6
circ_00239,JAK-STAT,0.024989361680094396,2.3379428442160948,59
circ_00240,JAK-STAT,0.4894982488110605,0.7230838037444715,92
circ_00241,cGAS-STING,0.02539812298680995,9.097461957824782,92
circ_00242,RIG-I,0.1211946106371475,1.4450084662840532,74
circ_00243,NF-κB,0.006003904799368132,1.366208193959474,67
circ_00244,PKR,0.019806975797022206,3.9163257793596324,96
circ_00245,PKR,0.044650312936753464,6.769757194100421,16
circ_00246,cGAS-STING,0.018278719456728897,5.738709235380108,82
circ_00247,PKR,0.4163349933038366,1.0180620251532986,72
circ_00248,NF-κB,0.11951408475856172,1.2760253876033176,11
circ_00249,NF-κB,0.3945018356726788,0.9179568953626489,6
circ_00250,MDA5,0.0357848458075101,2.566717041561537,74
circ_00251,TLR7/8,0.017078020294682684,7.269492844738894,45
circ_00252,TLR7/8,0.026501421728277057,1.8929298047805598,68
circ_00253,JAK-STAT,0.037095835927312804,5.8191443797972635,93
circ_00254,MDA5,0.36061798876801043,0.556068085059037,5
circ_00255,PKR,0.04492560174451611,2.4266188322143534,60
circ_00256,NF-κB,0.04955549383442374,4.832647770358786,99
circ_00257,NF-κB,0.4691881946516332,0.8367535955716229,33
circ_00258,JAK-STAT,0.031195196063021815,2.0640119899397034,56
circ_00259,MDA5,0.020950842185518504,1.1334785718854334,22
circ_00260,JAK-STAT,0.012579404112809556,5.983701502734402,94
circ_00261,PKR,0.009390986864548385,3.229456200068226,97
circ_00262,PKR,0.00562964384262277,4.477653413262001,40
circ_00263,TLR7/8,0.044409458917928656,7.080042571948085,58
circ_00264,cGAS-STING,0.1699277449293109,1.264717478190724,53
circ_00265,RIG-I,0.2838561710645687,1.021539029113888,39
circ_00266,MDA5,0.4530678186276992,1.4651845179069949,64
circ_00267,cGAS-STING,0.030735226653011,5.731944850920915,87
circ_00268,RIG-I,0.008372266835062342,6.859075830904373,71
circ_00269,MDA5,0.32962344135079086,0.5354984902065585,93
circ_00270,RIG-I,0.02938969358370829,2.0427856298044276,48
circ_00271,PKR,0.027743176274630903,8.252266644326891,60
circ_00272,NF-κB,0.018760614422796484,5.083915797232461,16
circ_00273,MDA5,0.03750060229594975,9.533812569936424,60
circ_00274,PKR,0.1341840381699921,0.7117830658747275,43
circ_00275,PKR,0.04805307698385077,5.501621200936824,12
circ_00276,PKR,0.1785088149993735,1.4980007306958463,27
circ_00277,JAK-STAT,0.008552638061527762,6.184388578556099,92
circ_00278,MDA5,0.17785344868857364,0.7688162209520751,25
circ_00279,cGAS-STING,0.4082109558490046,0.8342719728723721,18
circ_00280,PKR,0.03499395716668391,8.267761849713581,88
circ_00281,cGAS-STING,0.04692488169449234,2.697747402369658,62
circ_00282,MDA5,0.005185287008422558,8.253434975359461,61
circ_00283,RIG-I,0.03256466093663287,1.9813077433868505,40
circ_00284,TLR7/8,0.01928445021197147,1.6006225879342588,46
circ_00285,RIG-I,0.047195326804701954,5.893816784316954,24
circ_00286,PKR,0.21057475144107546,1.3502698269750353,95
circ_00287,cGAS-STING,0.0029320329584547403,8.291369061462706,92
circ_00288,NF-κB,0.0018660417527421153,5.943818484375479,86
circ_00289,TLR7/8,0.0012157879309289655,7.22800170372037,99
circ_00290,TLR7/8,0.2034363292956813,1.4462257040959146,40
circ_00291,TLR7/8,0.02066959375688772,1.2536829265962666,86
circ_00292,TLR7/8,0.3745093252601568,0.8402879313500868,21
circ_00293,PKR,0.1968808400587963,1.2944818374962894,18
circ_00294,PKR,0.2633657031254598,0.6257299479533501,44
circ_00295,NF-κB,0.042388267241467645,3.039637746914132,15
circ_00296,JAK-STAT,0.021576498450350867,1.9180466222565902,22
circ_00297,NF-κB,0.025106369327598896,9.849405046659546,36
circ_00298,PKR,0.03685359201036786,4.275255691800614,48
circ_00299,TLR7/8,0.04898169080020188,2.098172574033767,71
circ_00300,cGAS-STING,0.0017077017122380737,7.849510253942341,91
circ_00301,TLR7/8,0.1467023859632712,0.8779525591350116,48
circ_00302,JAK-STAT,0.0059921192819310624,7.313315303778811,93
circ_00303,JAK-STAT,0.04568178113164094,1.9590296808573975,83
circ_00304,JAK-STAT,0.032155829584013466,7.167282098930281,17
circ_00305,TLR7/8,0.3287252913229666,0.9307585200582227,45
circ_00306,cGAS-STING,0.034655798369709515,4.3638234203822694,41
circ_00307,TLR7/8,0.3393580327243646,0.5884905536035491,18
circ_00308,cGAS-STING,0.006555845721056797,6.207880746254676,65
circ_00309,JAK-STAT,0.00987331108968113,6.235627081504546,77
circ_00310,RIG-I,0.2646842180990528,0.8162791332735939,75
circ_00311,PKR,0.15230858081737614,0.5934189276601599,60
circ_00312,PKR,0.13764967651647872,1.3162040334812677,68
circ_00313,MDA5,0.2562797517869543,1.4720992925417882,66
circ_00314,JAK-STAT,0.23582664550537122,0.6996200711918417,92
circ_00315,NF-κB,0.38386561354917803,0.8824710059685825,63
circ_00316,MDA5,0.14457596764404226,0.8196533485251981,36
circ_00317,cGAS-STING,0.03706985313637028,9.524328483774976,86
circ_00318,RIG-I,0.011615208988441764,9.660038594687485,80
circ_00319,MDA5,0.2743844672587593,1.0808318435721054,72
circ_00320,TLR7/8,0.2063139120066406,0.8221877283525995,35
circ_00321,NF-κB,0.19103007894346993,0.9407349312217318,29
circ_00322,RIG-I,0.2545734236088272,1.4964089340428128,5
circ_00323,MDA5,0.4428322297726933,0.9365480501665627,99
circ_00324,TLR7/8,0.024033318475959575,2.632546890802899,10
circ_00325,RIG-I,0.03311160210154049,3.0140551093620553,31
circ_00326,MDA5,0.0221033634854319,6.648065843851693,50
circ_00327,TLR7/8,0.026227230736498797,6.496952845871224,20
circ_00328,RIG-I,0.033935157687595606,7.352121202398772,26
circ_00329,RIG-I,0.04433702566645134,5.137056397265861,9
circ_00330,JAK-STAT,0.013292116882843971,9.211982193656233,48
circ_00331,JAK-STAT,0.468157041329463,0.8582769762129792,49
circ_00332,NF-κB,0.0419963919325734,4.129064108014353,33
circ_00333,cGAS-STING,0.016414660805521952,5.6153750484099865,47
circ_00334,RIG-I,0.025074929446655975,4.50949675321829,25
circ_00335,RIG-I,0.21448463551853492,0.8860968071969288,59
circ_00336,NF-κB,0.1627853176894879,0.6563920304246856,69
circ_00337,cGAS-STING,0.20020938584286796,0.5793017109788973,21
circ_00338,TLR7/8,0.444071181462233,0.6864673301021652,76
circ_00339,JAK-STAT,0.025671732995501677,5.409152655888415,7
circ_00340,PKR,0.19056301457502678,1.2323297158040927,65
circ_00341,JAK-STAT,0.030952800267065903,6.113721303131674,52
circ_00342,TLR7/8,0.46181004509022594,0.5426861847208403,22
circ_00343,MDA5,0.16866445703718616,1.133019018379127,70
circ_00344,MDA5,0.3359910340938945,0.9096904592466506,5
circ_00345,TLR7/8,0.46011954333526295,1.4892719088503297,84
circ_00346,RIG-I,0.3035576058728573,1.2619759085894144,58
circ_00347,NF-κB,0.028644623425780155,4.05741286806697,22
circ_00348,RIG-I,0.007253599282814817,5.206462348600421,16
circ_00349,JAK-STAT,0.24152469260842022,1.231415945880355,74
circ_00350,NF-κB,0.04491546034055995,5.326251310603386,38
circ_00351,PKR,0.008408008375941283,5.735971341329753,54
circ_00352,JAK-STAT,0.008263438196604767,3.749419357047497,29
circ_00353,PKR,0.3782748484213285,0.6837448254466563,73
circ_00354,PKR,0.040230165213614846,6.648200480510481,55
circ_00355,NF-κB,0.041796143012941205,2.7344995397917344,51
circ_00356,TLR7/8,0.4862803433055909,1.4745539005373338,54
circ_00357,NF-κB,0.26884829140102073,0.5486825709237313,18
circ_00358,TLR7/8,0.25995070970758527,1.3045313377182186,61
circ_00359,RIG-I,0.02206518669546041,4.201597991164546,88
circ_00360,RIG-I,0.0151923100147811,5.8776604889932536,36
circ_00361,TLR7/8,0.26566025159428075,1.014040605030836,49
circ_00362,MDA5,0.37188194190989454,0.7123308716059663,65
circ_00363,NF-κB,0.001777008310494042,9.883809120709692,91
circ_00364,cGAS-STING,0.4097056437943912,1.2976339343957688,36
circ_00365,TLR7/8,0.01654934159290447,4.506387385079379,32
circ_00366,TLR7/8,0.01962614182391458,5.5830295643216825,79
circ_00367,PKR,0.02722526517345412,5.1740847661645555,74
circ_00368,PKR,0.047015737182805634,8.640299076441424,35
circ_00369,PKR,0.005853062833731543,1.3959926507431284,90
circ_00370,PKR,0.005860731540401584,9.640463618890609,31
circ_00371,NF-κB,0.01639296632217422,9.065146786806988,74
circ_00372,TLR7/8,0.026038784656881597,2.80121337862774,78
circ_00373,JAK-STAT,0.004986276885134737,5.685700682988202,77
circ_00374,TLR7/8,0.14418583604051688,1.1529651803744276,33
circ_00375,MDA5,0.23225790179582792,0.7679343945117414,85
circ_00376,RIG-I,0.32484899255996014,1.1930770764770866,87
circ_00377,NF-κB,0.4304027204066255,0.5308672682883157,63
circ_00378,cGAS-STING,0.020537457154066633,3.3972876952962467,96
circ_00379,NF-κB,0.25158081719500647,0.5820278055760048,93
circ_00380,RIG-I,0.02182163527162307,8.864323455579786,35
circ_00381,RIG-I,0.3149950870671918,0.9028754651090969,78
circ_00382,TLR7/8,0.30541420523488966,1.4539022685778566,57
circ_00383,MDA5,0.015327234834434409,4.614475148854657,54
circ_00384,JAK-STAT,0.03191305619817953,5.3911432438054465,84
circ_00385,RIG-I,0.028622964019291586,2.154155763800591,78
circ_00386,PKR,0.03616121508724502,9.567624431794215,59
circ_00387,NF-κB,0.04932740784884609,5.989543771320527,33
circ_00388,cGAS-STING,0.007672893855752643,1.9583663742229338,67
circ_00389,cGAS-STING,0.016925848964670975,6.032252328059926,58
circ_00390,RIG-I,0.03912428988007377,2.4554470174291123,22
circ_00391,NF-κB,0.11193133589990306,0.9024763359374787,23
circ_00392,JAK-STAT,0.045732261369821774,4.907256530410042,10
circ_00393,PKR,0.04758316081173033,8.288881984172308,9
circ_00394,cGAS-STING,0.1024037721412293,1.3579052513792802,50
circ_00395,PKR,0.03640016266149062,1.7481543376447397,47
circ_00396,JAK-STAT,0.04692126585124575,7.360691608562241,44
circ_00397,TLR7/8,0.3723395660741011,1.4160664533470921,56
circ_00398,JAK-STAT,0.040873525865597005,5.207229165697433,77
circ_00399,TLR7/8,0.02676407615538628,8.955219729100117,40
circ_00400,RIG-I,0.02706059494056052,2.9115310485517294,98
circ_00401,PKR,0.002054654396170227,2.665718096128085,67
circ_00402,TLR7/8,0.11618632520478811,0.9376846452139428,73
circ_00403,NF-κB,0.03074637727173613,9.470889561752688,60
circ_00404,PKR,0.027045988325584584,1.345334616608175,27
circ_00405,RIG-I,0.015705687670239523,7.160656406584985,48
circ_00406,TLR7/8,0.3166562674408762,0.947554411672893,91
circ_00407,RIG-I,0.008013760120369756,1.01518576663117,83
circ_00408,NF-κB,0.38348244243937246,0.9485282410244316,53
circ_00409,NF-κB,0.03003199875172642,1.866783221635682,78
circ_00410,MDA5,0.4031086815003533,1.4585779044646103,80
circ_00411,JAK-STAT,0.035715537351514524,9.156164691948016,87
circ_00412,PKR,0.2995452135967752,0.6765242045483284,98
circ_00413,RIG-I,0.029159962435868814,7.397094665919869,35
circ_00414,JAK-STAT,0.03613609153090684,6.402287632037572,30
circ_00415,RIG-I,0.048449452921619694,4.096442976309705,98
circ_00416,JAK-STAT,0.48144691218410995,1.2234344277126281,84
circ_00417,PKR,0.013251599181231442,9.449407224678566,81
circ_00418,NF-κB,0.048466322240372915,1.487431446703297,97
circ_00419,TLR7/8,0.029975207967683104,6.872931714925421,76
circ_00420,PKR,0.4020855347312695,1.1453784115939771,74
circ_00421,PKR,0.047424952094096195,7.130899094266432,68
circ_00422,cGAS-STING,0.39923884584621805,0.8946761034890585,59
circ_00423,MDA5,0.007935342191188677,6.849673732278579,57
circ_00424,TLR7/8,0.007398507783911078,1.4678856954280977,90
circ_00425,JAK-STAT,0.3398070535236215,0.5613117571695188,41
circ_00426,RIG-I,0.29396558624686786,1.0971537833539542,29
circ_00427,MDA5,0.023668475540801266,8.107090191314711,90
circ_00428,TLR7/8,0.003039100764722454,3.0103863443646626,55
circ_00429,JAK-STAT,0.42465077953869235,1.0582399176106185,65
circ_00430,MDA5,0.3902252973620428,0.5121720534929999,5
circ_00431,cGAS-STING,0.11417634277292628,0.5364293182442924,79
circ_00432,TLR7/8,0.015952458728219068,2.5755069881676764,74
circ_00433,MDA5,0.014906377084777,7.331923335315099,58
circ_00434,PKR,0.11157517683038601,0.8000405393393631,66
circ_00435,NF-κB,0.008255356151476326,9.194772124809113,69
circ_00436,NF-κB,0.005872029739585609,7.442637980078945,32
circ_00437,cGAS-STING,0.029042530012359777,5.179150613125333,78
circ_00438,JAK-STAT,0.3078846597296885,0.8788804474576128,56
circ_00439,cGAS-STING,0.044131918301359596,6.594773328743075,91
circ_00440,MDA5,0.04147862687961236,2.1095910481629376,16
circ_00441,PKR,0.12817859837926504,1.1022518844874392,64
circ_00442,NF-κB,0.042678556826065736,1.9272789026267083,53
circ_00443,cGAS-STING,0.021662933782214105,2.7362137935562325,94
circ_00444,NF-κB,0.39483068921220854,0.6536968911985862,9
circ_00445,MDA5,0.3920035515536725,0.7392499769569943,23
circ_00446,RIG-I,0.46073621857505564,1.389723564020898,68
circ_00447,PKR,0.046453722346992826,2.026493139788711,12
circ_00448,JAK-STAT,0.0062461425412512084,4.164562263011145,98
circ_00449,MDA5,0.045455733979670274,2.741184440066812,95
circ_00450,PKR,0.04121226974037212,3.112083029625895,54
circ_00451,cGAS-STING,0.006694401371484319,6.470137950421387,49
circ_00452,NF-κB,0.4236597552351935,1.2349972534700204,72
circ_00453,RIG-I,0.025529858100946753,8.63337839966114,25
circ_00454,NF-κB,0.013461159717780051,4.6805252617142035,93
circ_00455,PKR,0.13040630180066912,0.8500126137343414,72
circ_00456,JAK-STAT,0.26828037317665615,0.9886584073046325,44
circ_00457,cGAS-STING,0.02562645098703491,8.681517350490257,61
circ_00458,TLR7/8,0.2155574274548628,1.1857473834061079,24
circ_00459,JAK-STAT,0.03268783333778113,3.7028156583035465,69
circ_00460,TLR7/8,0.427796453169745,0.9286295236148213,39
circ_00461,NF-κB,0.024579834829882814,2.6513048964885995,29
circ_00462,cGAS-STING,0.03310540182051733,9.235486210706865,95
circ_00463,RIG-I,0.48389311589983963,1.1589092108991972,96
circ_00464,JAK-STAT,0.25892911874644003,0.5900483195568094,29
circ_00465,MDA5,0.02631984324841467,9.602855390197117,25
circ_00466,PKR,0.04186065847877792,3.4560041572678695,83
circ_00467,TLR7/8,0.044352644222716196,5.190470137183001,18
circ_00468,TLR7/8,0.3777239532165967,1.303748848644482,57
circ_00469,RIG-I,0.03679287782169862,2.91650996235529,76
circ_00470,RIG-I,0.04533445186651503,6.801314970862472,10
circ_00471,NF-κB,0.16179469829831536,1.2635403828598708,60
circ_00472,MDA5,0.29112964760967797,1.3700536045320315,20
circ_00473,JAK-STAT,0.04378099106322692,2.779256650512882,8
circ_00474,PKR,0.03451234495733416,2.7955384571314843,81
circ_00475,NF-κB,0.41776792808546714,1.4593970261089249,36
circ_00476,PKR,0.30562493517127853,0.9852775126746353,15
circ_00477,TLR7/8,0.4738978076349333,0.9034732452364674,87
circ_00478,PKR,0.0021834866775155212,2.655898920265651,93
circ_00479,JAK-STAT,0.43753126313759616,1.2792821429579782,10
circ_00480,PKR,0.0401315370210593,6.105089002941188,55
circ_00481,PKR,0.021112634046488506,6.8202724883228,24
circ_00482,cGAS-STING,0.40257304131582405,1.3833677561359414,72
circ_00483,TLR7/8,0.005021695792420263,1.3274532135365766,81
circ_00484,PKR,0.034524318280159345,5.519628981375034,77
circ_00485,JAK-STAT,0.2322990056806769,1.2744000813030505,69
circ_00486,MDA5,0.1043733146534406,1.0139372297375933,89
circ_00487,TLR7/8,0.41333497639633465,1.1213228048745085,30
circ_00488,RIG-I,0.010038464881087377,9.72405623907688,58
circ_00489,RIG-I,0.4001927155467615,0.6351427541748071,33
circ_00490,TLR7/8,0.27982932944794126,0.9088910046408365,82
circ_00491,JAK-STAT,0.04424545667052404,4.820684229679392,64
circ_00492,JAK-STAT,0.02444443812928251,3.358714310708124,30
circ_00493,RIG-I,0.21169281260209633,0.6946152768949222,19
circ_00494,JAK-STAT,0.03757327646187121,5.253688862712228,77
circ_00495,JAK-STAT,0.31201274242878485,0.7710276300716195,96
circ_00496,MDA5,0.002698378594875031,7.453778098264791,10
circ_00497,JAK-STAT,0.272188965218112,0.9354084327148492,62
circ_00498,PKR,0.4865983728084995,1.3407627869028045,54
circ_00499,MDA5,0.1328277212022011,1.0384907218097121,78
circ_00500,cGAS-STING,0.4034541531656074,1.2936374483751114,47
circ_00501,TLR7/8,0.007179067996766831,9.96238816551268,36
circ_00502,JAK-STAT,0.04208991050394668,5.498650527657832,95
circ_00503,cGAS-STING,0.21974489590917545,1.3681090530901312,89
circ_00504,JAK-STAT,0.20272673824000567,1.1173533820394408,40
circ_00505,JAK-STAT,0.3199063650440941,1.248244263107206,92
circ_00506,JAK-STAT,0.32713155615426415,1.361966506059212,73
circ_00507,PKR,0.22292022117672372,1.3069357778884854,24
circ_00508,NF-κB,0.010861952618907423,2.4399827875093854,69
circ_00509,NF-κB,0.008599858184963375,5.689700348493486,78
circ_00510,NF-κB,0.1765822828336482,1.1602171030746262,20
circ_00511,NF-κB,0.3914389075070577,0.57195911281471,22
circ_00512,RIG-I,0.03114341311411487,7.732665641573583,22
circ_00513,RIG-I,0.04786110659195983,8.45414165050223,63
circ_00514,NF-κB,0.43103295588509405,0.5051668080140175,99
circ_00515,cGAS-STING,0.003566078248807225,9.359056202298333,35
circ_00516,cGAS-STING,0.03417255298757025,4.770183659140168,41
circ_00517,TLR7/8,0.0243810821663774,7.613331944444048,14
circ_00518,PKR,0.2855431261925899,0.6940917957168817,6
circ_00519,NF-κB,0.04714907905552931,7.941752839783326,22
circ_00520,MDA5,0.16144759526231495,1.1407753871637913,45
circ_00521,NF-κB,0.024320824718541717,5.2618030293539135,94
circ_00522,TLR7/8,0.4665828109024145,1.2952098938579306,16
circ_00523,cGAS-STING,0.012827723196609585,5.258003417781927,84
circ_00524,RIG-I,0.11715690571393807,1.378575339402083,25
circ_00525,MDA5,0.04765038104842615,8.376803476734793,47
circ_00526,TLR7/8,0.307518785289542,1.4655277145220595,70
circ_00527,TLR7/8,0.29713187227020765,0.8121409316501934,71
circ_00528,MDA5,0.023621454782326263,5.821814750972524,29
circ_00529,TLR7/8,0.16592921315780934,0.741320804075635,84
circ_00530,PKR,0.036486116355541894,4.421618139330393,93
circ_00531,MDA5,0.03313120823510859,6.392100153506184,78
circ_00532,NF-κB,0.03335099150309998,4.703301981180392,19
circ_00533,JAK-STAT,0.00781279030928856,8.52149359572363,32
circ_00534,JAK-STAT,0.03878570153776658,8.109336625238226,27
circ_00535,NF-κB,0.20452586129589834,0.8813647850538214,37
circ_00536,JAK-STAT,0.3552365076132252,1.3227513883833542,73
circ_00537,PKR,0.046531217494614925,2.949258128051899,48
circ_00538,cGAS-STING,0.3225905489754767,0.6906050809706,75
circ_00539,PKR,0.004486773243246765,4.8533206329189955,23
circ_00540,MDA5,0.2741991720930468,0.9524344972829838,38
circ_00541,NF-κB,0.025150966282852495,9.270957344905687,65
circ_00542,TLR7/8,0.22683577358763524,0.7285418001668726,25
circ_00543,PKR,0.24962598604954975,1.2472340983676649,92
circ_00544,PKR,0.16118082817884039,0.5289502771914067,43
circ_00545,TLR7/8,0.26116171988498005,1.2978258387772241,71
circ_00546,MDA5,0.03317896092142348,4.204168896041365,9
circ_00547,cGAS-STING,0.016892668392668567,8.475333294507724,63
circ_00548,PKR,0.0417134170188701,5.1920143568893184,42
circ_00549,JAK-STAT,0.01801765913158675,9.729309442122089,38
circ_00550,NF-κB,0.024016419763406276,6.351293924651205,27
circ_00551,TLR7/8,0.021941990113425094,2.6459723854304746,49
circ_00552,JAK-STAT,0.0031830465595983643,8.083508399593889,71
circ_00553,TLR7/8,0.03475848474537843,3.6210488448159106,66
circ_00554,cGAS-STING,0.4177800448225817,1.1930669144544404,51
circ_00555,MDA5,0.442256467388347,1.4447210163255613,19
circ_00556,NF-κB,0.018308810190029903,3.367736744415483,38
circ_00557,PKR,0.3128842658985428,1.126813746612724,91
circ_00558,MDA5,0.11758615326218487,0.7778281060852908,77
circ_00559,cGAS-STING,0.021081348432754082,8.696244953861811,76
circ_00560,PKR,0.2847126448392393,1.4512746927856033,40
circ_00561,JAK-STAT,0.3950510911957662,1.0386160849919608,88
circ_00562,TLR7/8,0.03336538004134873,1.8889528773205522,80
circ_00563,cGAS-STING,0.3404879055383111,0.5140632440679982,47
circ_00564,cGAS-STING,0.030106817430300106,8.462327390485909,14
circ_00565,MDA5,0.26308909900690686,1.4417123052110712,96
circ_00566,JAK-STAT,0.17750414100235679,0.8939808190520293,40
circ_00567,PKR,0.1891223450243781,1.2941473779627413,97
circ_00568,PKR,0.362130412234827,1.163865045616154,6
circ_00569,cGAS-STING,0.1124959313914066,0.9248482412730117,15
circ_00570,RIG-I,0.33728485627848015,1.0904628817688728,90
circ_00571,JAK-STAT,0.006872794137127727,8.550680795287466,34
circ_00572,RIG-I,0.013807245544391156,5.081768836877217,21
circ_00573,MDA5,0.04230972701339096,4.6608856272798125,42
circ_00574,NF-κB,0.006797445401055529,4.954603802341929,58
circ_00575,MDA5,0.01996109250997078,3.387403902909152,84
circ_00576,RIG-I,0.020787059489483346,1.9970292152545395,22
circ_00577,PKR,0.3766419499357563,0.9478823064909769,92
circ_00578,MDA5,0.21217698818138706,1.3185861220136716,94
circ_00579,NF-κB,0.02328544181184209,2.193596837536011,81
circ_00580,MDA5,0.0014135382382467654,6.796046942806379,15
circ_00581,RIG-I,0.049490457998551445,8.556330026560918,8
circ_00582,PKR,0.35105816388910993,1.3748227972218143,46
circ_00583,NF-κB,0.2679954969496965,1.3843362728145392,63
circ_00584,TLR7/8,0.3008539731783013,1.4681891297858067,13
circ_00585,NF-κB,0.2747275119685784,0.8018164565390762,30
circ_00586,MDA5,0.2568200976595564,0.9983948866048501,78
circ_00587,TLR7/8,0.3735248171989539,0.5677777058530326,75
circ_00588,MDA5,0.012746412765852186,5.799025359977727,17
circ_00589,MDA5,0.013361093303065556,3.322389662885948,72
circ_00590,MDA5,0.11281874740605478,1.4523820089497892,99
circ_00591,JAK-STAT,0.31562270424505545,1.3294790944485864,22
circ_00592,cGAS-STING,0.009866103729688245,4.763792675084348,55
circ_00593,RIG-I,0.037874020656933544,7.387176924906284,47
circ_00594,cGAS-STING,0.1527194104243318,0.729804017310125,71
circ_00595,cGAS-STING,0.006475620621918261,8.806633665535262,71
circ_00596,cGAS-STING,0.018404427108983837,2.5362359109287236,76
circ_00597,RIG-I,0.23195861592357533,0.8846457288672734,34
circ_00598,JAK-STAT,0.01122173123899435,7.783043294525639,61
circ_00599,RIG-I,0.031383994358288765,2.332748786350984,57
circ_00600,PKR,0.02840938427467785,2.695736607274248,32
circ_00601,MDA5,0.2161736633572267,1.3472833553657972,95
circ_00602,cGAS-STING,0.04639806873007487,2.8741573329806673,48
circ_00603,NF-κB,0.24757464109748986,0.9831744097995322,98
circ_00604,MDA5,0.0446366503160783,1.954192297607924,23
circ_00605,MDA5,0.04176460099149524,5.832057446088302,7
circ_00606,TLR7/8,0.42889624062918896,0.8642820658754305,70
circ_00607,PKR,0.024814020864680653,6.850182510582781,30
circ_00608,MDA5,0.016400602829164026,3.557927226820105,75
circ_00609,RIG-I,0.04165213751475749,3.7695939855400535,6
circ_00610,TLR7/8,0.048869117363453916,6.024553168719991,56
circ_00611,PKR,0.02303668998452099,8.241167912977657,51
circ_00612,RIG-I,0.030925216106610788,1.782041775277956,90
circ_00613,PKR,0.038544401804087185,2.919241994405709,92
circ_00614,JAK-STAT,0.3975961124638304,0.6609119549326065,64
circ_00615,JAK-STAT,0.3858055966494306,1.4205328152621233,67
circ_00616,RIG-I,0.4153949861141798,0.9198300888851706,87
circ_00617,JAK-STAT,0.1326281875998253,1.4017711568682587,58
circ_00618,TLR7/8,0.4301251759293412,1.171921887963367,56
circ_00619,TLR7/8,0.4725378732999518,0.5337810675227168,85
circ_00620,MDA5,0.26945488725667033,1.0270862543554427,32
circ_00621,NF-κB,0.37016707553657424,1.1070921498074844,49
circ_00622,cGAS-STING,0.22459565848101645,0.6360169984329396,45
circ_00623,PKR,0.4685774997230535,0.747160518355117,20
circ_00624,JAK-STAT,0.01939839130083396,6.942884555505856,14
circ_00625,JAK-STAT,0.04815064229166526,7.232932148440558,19
circ_00626,TLR7/8,0.004341110562995024,3.6002883051932506,95
circ_00627,NF-κB,0.4181336234345028,1.425946719683161,17
circ_00628,RIG-I,0.14839465871673507,0.9972270593066479,6
circ_00629,TLR7/8,0.4742911299132264,1.257583650766706,37
circ_00630,NF-κB,0.38288578564508347,1.1807148686734443,56
circ_00631,TLR7/8,0.029550695907769885,2.154196222934612,40
circ_00632,JAK-STAT,0.037599506804912766,7.192546395555516,93
circ_00633,JAK-STAT,0.022981254536053725,3.931736756363006,67
circ_00634,NF-κB,0.001000903984255559,3.9623261345198895,30
circ_00635,JAK-STAT,0.22113040872317052,0.6990782333761965,44
circ_00636,RIG-I,0.02678128241817093,5.670752880325868,36
circ_00637,TLR7/8,0.1829407883246805,0.7955665075932057,25
circ_00638,NF-κB,0.3649816639812724,0.7057511492142092,93
circ_00639,PKR,0.0033237391418944823,9.335395815300561,43
circ_00640,TLR7/8,0.3525707316052682,1.0412694954918926,24
circ_00641,TLR7/8,0.47954060670615883,0.7048997777390824,96
circ_00642,PKR,0.18338889803872035,1.0260633020920973,86
circ_00643,JAK-STAT,0.367221173287539,0.8590939117234758,40
circ_00644,JAK-STAT,0.036529937626368775,5.269397801796348,79
circ_00645,PKR,0.02724544168008178,5.141370133395955,72
circ_00646,JAK-STAT,0.033776678319174185,2.4092393645869685,92
circ_00647,cGAS-STING,0.031214559821281206,7.9067438479194445,65
circ_00648,NF-κB,0.2866811305717647,0.6993024284581234,20
circ_00649,JAK-STAT,0.041956187996151355,8.943716234321098,20
circ_00650,JAK-STAT,0.009808909535149145,7.757629402100748,21
circ_00651,RIG-I,0.02081779381860863,5.926814402835956,32
circ_00652,PKR,0.029711443689306574,9.698701209598243,30
circ_00653,cGAS-STING,0.04295902362233957,4.915995742531104,83
circ_00654,MDA5,0.40099356621622717,0.5964337794260339,77
circ_00655,PKR,0.024778290592826793,5.377760291666632,31
circ_00656,MDA5,0.4940274948486605,0.9181197910447204,99
circ_00657,TLR7/8,0.04355250417939518,7.052663804505377,9
circ_00658,NF-κB,0.0176439070860797,1.4096981372591586,51
circ_00659,JAK-STAT,0.027424271938413486,9.77122620580828,35
circ_00660,NF-κB,0.0410632203447323,7.4537385350955745,55
circ_00661,cGAS-STING,0.35644412040279116,1.4663705817308572,71
circ_00662,PKR,0.13083253979784498,1.1359761273112845,82
circ_00663,TLR7/8,0.04456278294405053,8.594635423183242,12
circ_00664,RIG-I,0.1381029075931427,1.3056993798729652,58
circ_00665,RIG-I,0.2509017259671331,1.3215292866566388,79
circ_00666,cGAS-STING,0.2867639063102999,1.3290201549155722,11
circ_00667,cGAS-STING,0.007365742933031657,6.133045676904798,42
circ_00668,NF-κB,0.0014932004869028684,4.332843360080264,40
circ_00669,TLR7/8,0.2740537345030152,1.172465354401397,16
circ_00670,MDA5,0.028719102018269653,1.265929782194368,21
circ_00671,NF-κB,0.34465652588327533,0.8705192182457359,97
circ_00672,cGAS-STING,0.2875500695496048,1.0814882017180385,20
circ_00673,PKR,0.18161785739070965,0.5541187151023591,93
circ_00674,NF-κB,0.30628808243993044,1.2112491422200211,89
circ_00675,PKR,0.008101424857856362,9.834576568856377,56
circ_00676,JAK-STAT,0.4298896998239873,1.288927355072278,96
circ_00677,cGAS-STING,0.4629240802422159,1.4164665719194405,20
circ_00678,JAK-STAT,0.2452569867881903,0.7435386528778412,80
circ_00679,JAK-STAT,0.041478807632799354,8.431503460552443,69
circ_00680,MDA5,0.0013955318918231008,5.266259685350052,52
circ_00681,JAK-STAT,0.39834852437660706,1.121850198544255,11
circ_00682,RIG-I,0.040518473080942245,2.6864325648998175,52
circ_00683,cGAS-STING,0.2419537027695624,1.3005338593884668,77
circ_00684,cGAS-STING,0.013609274108465831,8.710933132367202,9
circ_00685,RIG-I,0.29520450558767564,0.8826031528786747,15
circ_00686,TLR7/8,0.4654765944404329,0.9118852607028421,70
circ_00687,RIG-I,0.3610983822331404,1.1689199013019658,9
circ_00688,JAK-STAT,0.01908117050932251,5.2901729898355265,71
circ_00689,TLR7/8,0.033722731381637144,6.193517251458253,40
circ_00690,RIG-I,0.14495517169214628,1.315593515471825,23
circ_00691,cGAS-STING,0.037582521637266615,4.524252630032624,39
circ_00692,RIG-I,0.04420832937537039,6.179925697686476,54
circ_00693,RIG-I,0.3855475046574912,1.0321332878791658,21
circ_00694,PKR,0.0011811514551418921,7.464522782999783,35
circ_00695,cGAS-STING,0.03733728552883754,7.918124562870369,34
circ_00696,NF-κB,0.11181059220807908,0.5114913040380106,89
circ_00697,cGAS-STING,0.4079865012404794,1.489903972205008,31
circ_00698,NF-κB,0.3668238252171505,1.2434953430853586,96
circ_00699,MDA5,0.02218763357509086,1.9541855448735994,53
circ_00700,cGAS-STING,0.25022970077460693,1.1801829664131358,93
circ_00701,NF-κB,0.0022317023785478154,3.76639814358541,17
circ_00702,NF-κB,0.038590500074803365,1.3570217041445463,57
circ_00703,RIG-I,0.040702181800415696,4.427132079356463,93
circ_00704,RIG-I,0.03364566273187793,3.532708767351947,89
circ_00705,NF-κB,0.2744791523412787,1.2444031643229494,96
circ_00706,NF-κB,0.007819601645166343,8.005854927367338,49
circ_00707,MDA5,0.021065290066831038,5.007524277785595,21
circ_00708,TLR7/8,0.17079627380919415,0.637526182306001,21
circ_00709,JAK-STAT,0.036317928751025054,8.449043304537613,39
circ_00710,PKR,0.03059114078163622,8.627255578677138,70
circ_00711,MDA5,0.4171700064254884,0.8346201168524978,96
circ_00712,cGAS-STING,0.03199003084585094,4.08916089375202,6
circ_00713,RIG-I,0.011317511942854963,5.220859208451953,41
circ_00714,RIG-I,0.42572648868010654,0.807442127580423,77
circ_00715,NF-κB,0.20658706982220074,0.6113044687985447,5
circ_00716,RIG-I,0.011192772414689665,7.481844099539392,11
circ_00717,cGAS-STING,0.03891386706148524,9.791702644551332,97
circ_00718,RIG-I,0.13388261129401313,1.133939686557966,60
circ_00719,JAK-STAT,0.4919866352480924,1.4190260362508509,48
circ_00720,PKR,0.44087152413500863,1.353003341472892,85
circ_00721,TLR7/8,0.2926376587872238,0.5791013799274067,78
circ_00722,NF-κB,0.015259481467893878,5.3588484242665295,41
circ_00723,JAK-STAT,0.0356717901056016,8.359855411919082,60
circ_00724,cGAS-STING,0.040919509382498775,7.920116896169688,32
circ_00725,TLR7/8,0.04510831829502287,9.983839862369678,51
circ_00726,MDA5,0.10892403064436645,0.7564407613296571,75
circ_00727,PKR,0.04128836109026821,4.558201725499348,6
circ_00728,RIG-I,0.02159671870517765,1.7010410129820177,70
circ_00729,JAK-STAT,0.005336027029840929,1.0445863584366966,87
circ_00730,TLR7/8,0.26882372841319296,0.9218421456233206,37
circ_00731,cGAS-STING,0.029526440489337825,4.194137956827788,65
circ_00732,PKR,0.00997250864656692,9.311698954620303,99
circ_00733,MDA5,0.03044245506782498,3.548100661587995,37
circ_00734,RIG-I,0.037929547795234386,1.2968337095455,47
circ_00735,cGAS-STING,0.042738287104596664,2.6212516236868826,23
circ_00736,cGAS-STING,0.41391406895744043,0.7491994865303473,47
circ_00737,PKR,0.2261666509707738,1.3769678826135372,28
circ_00738,RIG-I,0.01716562746528218,9.0270545918918,98
circ_00739,PKR,0.35854126753770965,1.1052530010858066,56
circ_00740,cGAS-STING,0.1487726232739421,1.4759196387973064,8
circ_00741,MDA5,0.04204768911015736,1.315736415187878,80
circ_00742,RIG-I,0.21981517362339803,1.4349141258251907,95
circ_00743,NF-κB,0.21761807900992136,0.5776944966865691,11
circ_00744,JAK-STAT,0.012373546932775537,3.423245972829519,8
circ_00745,cGAS-STING,0.0036412034123076502,8.164495044815922,85
circ_00746,NF-κB,0.03154794505733466,6.1164702653068295,70
circ_00747,PKR,0.035511936496409234,9.398716360197703,61
circ_00748,TLR7/8,0.4037392341916629,0.5995319208617609,72
circ_00749,MDA5,0.038449894674723234,3.3796540884651742,79
circ_00750,RIG-I,0.0027793516670691,8.554189679403528,97
circ_00751,TLR7/8,0.0044610472714824954,8.324980160024701,26
circ_00752,NF-κB,0.005998379673554982,5.280214677178335,47
circ_00753,NF-κB,0.020931796920829013,8.804093670652687,56
circ_00754,RIG-I,0.3865771894204547,1.0139774392591296,49
circ_00755,TLR7/8,0.030006634463891103,1.8510446556647646,64
circ_00756,MDA5,0.02697324614393724,1.9255175523415342,66
circ_00757,TLR7/8,0.21076769772920262,0.7039739928251634,64
circ_00758,NF-κB,0.3007741178946751,1.082563965744269,13
circ_00759,JAK-STAT,0.03306728893494383,1.5113743527355228,74
circ_00760,PKR,0.016602820557292692,5.180086655182798,6
circ_00761,cGAS-STING,0.3099801568330539,1.195184241781822,19
circ_00762,PKR,0.03522651143794642,3.9715536756883942,40
circ_00763,cGAS-STING,0.28862884374675657,0.6955198770646391,97
circ_00764,PKR,0.49610474950737116,0.7849916328772801,23
circ_00765,JAK-STAT,0.04840619427587794,8.73370695212683,84
circ_00766,TLR7/8,0.43635577224412414,0.6395327582043789,47
circ_00767,RIG-I,0.030836054928560137,3.6655591491182298,68
circ_00768,cGAS-STING,0.02583892288165562,4.664076292962422,76
circ_00769,JAK-STAT,0.04558494161297237,4.455664236158154,17
circ_00770,RIG-I,0.34169195345673875,0.77384084194403,98
circ_00771,TLR7/8,0.0072895903871530296,9.776213065643041,66
circ_00772,RIG-I,0.008040202540367095,8.054417293914218,55
circ_00773,TLR7/8,0.012088777968485287,1.5904206588452223,75
circ_00774,cGAS-STING,0.018666410487738788,4.76147160008596,65
circ_00775,PKR,0.027219827312789196,2.5744746596339,13
circ_00776,MDA5,0.020434272339462354,6.4343770939149785,68
circ_00777,MDA5,0.40587091299497746,0.5323889430537452,63
circ_00778,RIG-I,0.002729828771754263,8.11902420121806,26
circ_00779,JAK-STAT,0.018763338676818505,7.606119425594053,17
circ_00780,PKR,0.11794862659608728,1.2086067290054732,81
circ_00781,NF-κB,0.26859977535367674,0.5126760441067232,43
circ_00782,cGAS-STING,0.01921752803275947,7.742491161525795,63
circ_00783,NF-κB,0.4797589684590524,1.0534055256820796,92
circ_00784,MDA5,0.027500500422642828,4.916924236110152,53
circ_00785,RIG-I,0.004768386977413714,2.3682595832514313,38
circ_00786,JAK-STAT,0.2700017982785041,0.7279860354267493,81
circ_00787,TLR7/8,0.1648202648986673,1.390593552356342,31
circ_00788,PKR,0.02045663719046393,2.232824408285904,76
circ_00789,RIG-I,0.005203179922017537,4.991629246650595,29
circ_00790,NF-κB,0.01981039725728517,2.421456486303741,38
circ_00791,PKR,0.2147935426870614,1.077614089379408,62
circ_00792,PKR,0.03529350509089196,8.846687878134388,90
circ_00793,MDA5,0.01677960875018753,3.7358400513937897,39
circ_00794,MDA5,0.4321651865001078,1.0632405207541105,90
circ_00795,MDA5,0.043124883400335906,9.582872049892783,82
circ_00796,PKR,0.03984228775787049,7.163257860128697,32
circ_00797,PKR,0.03355119304443553,1.1827824799999949,12
circ_00798,MDA5,0.336134505504909,0.952730990814336,52
circ_00799,TLR7/8,0.011760165422830624,9.426556560816726,7
circ_00800,cGAS-STING,0.003359473967700803,4.126686690379238,17
circ_00801,NF-κB,0.04052046130365636,3.4003672942177374,10
circ_00802,NF-κB,0.17708583093205502,0.6592071492958957,80
circ_00803,RIG-I,0.042804819771168096,7.58729434444227,66
circ_00804,JAK-STAT,0.381565666554628,1.1677868618415679,48
circ_00805,cGAS-STING,0.19361209836657345,1.0884718485479998,91
circ_00806,MDA5,0.4335779862978354,0.8864728307987765,63
circ_00807,RIG-I,0.015248925578480708,6.48859230657332,37
circ_00808,TLR7/8,0.20320947486634494,0.7613142362526596,88
circ_00809,TLR7/8,0.30542473846899987,0.546775589121966,71
circ_00810,JAK-STAT,0.4370588095810073,0.8896881512039639,55
circ_00811,NF-κB,0.03830376550579541,6.0819184062053235,39
circ_00812,MDA5,0.21078580382236065,1.3547088392340827,56
circ_00813,NF-κB,0.26955094044481653,0.6198467705959059,21
circ_00814,NF-κB,0.03807090035362036,4.545794124765266,22
circ_00815,MDA5,0.00919388399670144,4.512880047107592,65
circ_00816,cGAS-STING,0.2206637727347631,1.3558444630550754,84
circ_00817,JAK-STAT,0.03890453668883549,8.877007058154424,62
circ_00818,NF-κB,0.17898142870022535,0.8912083838820702,7
circ_00819,cGAS-STING,0.12731086302435624,0.8741114586976995,58
circ_00820,JAK-STAT,0.011563141612817383,5.353736195351847,53
circ_00821,MDA5,0.20902133793444155,1.1390026605708847,75
circ_00822,PKR,0.037768389156027045,9.859792053086796,69
circ_00823,cGAS-STING,0.017721226040578672,7.789942019868133,70
circ_00824,TLR7/8,0.03980464401385263,9.061498647768898,32
circ_00825,cGAS-STING,0.4067860402781245,0.8090721249231173,75
circ_00826,JAK-STAT,0.37342659779676557,1.2645876414039474,16
circ_00827,TLR7/8,0.04044362068195343,6.8359795685317115,46
circ_00828,JAK-STAT,0.24144104088272914,0.8638501059859501,12
circ_00829,JAK-STAT,0.012964906500289287,6.709482664476778,92
circ_00830,PKR,0.03671384749697011,8.098292192418384,78
circ_00831,RIG-I,0.001655904434666722,1.4287382415953962,6
circ_00832,TLR7/8,0.3947849622886741,0.8935663546799664,85
circ_00833,RIG-I,0.3737278935130576,0.9623048904037227,71
circ_00834,MDA5,0.005016801060788829,3.777204577135813,16
circ_00835,PKR,0.1903458231447469,0.8617147896098889,58
circ_00836,TLR7/8,0.0291420019445647,3.394388110551975,35
circ_00837,MDA5,0.46366033819947816,1.0572676305470539,97
circ_00838,cGAS-STING,0.1637415731336708,0.7866883085718654,92
circ_00839,TLR7/8,0.021885092101229617,3.5733866752269616,52
circ_00840,MDA5,0.04353455596425158,5.388918955351123,53
circ_00841,RIG-I,0.043271429082529456,1.9308971309810001,23
circ_00842,cGAS-STING,0.4807104189082455,0.7780221348056281,95
circ_00843,RIG-I,0.38297516889471894,0.9631337629874674,85
circ_00844,TLR7/8,0.11250515350266879,1.0369777485778116,19
circ_00845,cGAS-STING,0.1795620659233592,1.4924878658101008,13
circ_00846,NF-κB,0.4035745828409064,1.0748518731533607,68
circ_00847,MDA5,0.02190115975666459,7.271294428606025,85
circ_00848,MDA5,0.014652007079365884,4.449416326318982,75
circ_00849,PKR,0.3487499344769084,1.4232292678367275,7
circ_00850,cGAS-STING,0.021219381105848697,3.457111265023253,91
circ_00851,JAK-STAT,0.39711144797780185,1.2123402260224436,61
circ_00852,MDA5,0.16641465594498028,0.518724169386235,17
circ_00853,cGAS-STING,0.16867087059608502,1.2328254588218617,83
circ_00854,NF-κB,0.041342969321901554,4.063766388031429,15
circ_00855,RIG-I,0.01233678000182747,9.730107531728427,69
circ_00856,NF-κB,0.033679184081838336,7.3037100580393055,59
circ_00857,NF-κB,0.44942157860964216,0.6996065749238081,73
circ_00858,TLR7/8,0.47159102338606274,1.1499089752466427,19
circ_00859,cGAS-STING,0.026875570005944864,5.588515538377606,9
circ_00860,MDA5,0.029898774535030568,4.206315400222506,33
circ_00861,JAK-STAT,0.03000503295912356,8.088235332347669,59
circ_00862,MDA5,0.19666299536786377,1.0476311674405285,81
circ_00863,MDA5,0.008564862309326581,1.1285180929314107,83
circ_00864,PKR,0.1873330007993193,0.6281671700418758,42
circ_00865,TLR7/8,0.25555794279040345,1.2698663494142732,20
circ_00866,NF-κB,0.01721724145785854,2.390149514462728,77
circ_00867,cGAS-STING,0.014015192298694391,3.3260952661807206,56
circ_00868,RIG-I,0.25290195174936736,0.5971620272336868,62
circ_00869,RIG-I,0.0415061450581374,6.521947403018024,28
circ_00870,PKR,0.03377908226774902,6.94790773801914,67
circ_00871,JAK-STAT,0.03269821394850189,7.0728737066635325,85
circ_00872,PKR,0.404789666049851,0.7181147103130802,8
circ_00873,TLR7/8,0.018118742600239757,7.91924174776798,12
circ_00874,JAK-STAT,0.03552601087004288,7.41636896280687,42
circ_00875,TLR7/8,0.02175136017849923,7.94484868615553,49
circ_00876,MDA5,0.1859656536458062,1.3191567075957082,67
circ_00877,JAK-STAT,0.20234566157743378,1.0391095674128805,96
circ_00878,cGAS-STING,0.3379429214935211,1.0427349008883058,26
circ_00879,RIG-I,0.2509405845407664,1.4500663618337883,75
circ_00880,MDA5,0.20442447124794813,1.009716347187133,5
circ_00881,cGAS-STING,0.45396890262087564,0.6037063860402925,58
circ_00882,NF-κB,0.0338851958538435,1.8660127793332515,43
circ_00883,MDA5,0.15939225250351494,1.050331281034862,97
circ_00884,MDA5,0.04130512675869205,9.504481316727619,17
circ_00885,JAK-STAT,0.04108865695633489,2.0935561349320624,24
circ_00886,cGAS-STING,0.2500681672816173,1.4771647590443384,32
circ_00887,cGAS-STING,0.39378902770983615,1.097381692387416,65
circ_00888,PKR,0.3476407084810199,1.0781391944163023,62
circ_00889,JAK-STAT,0.017977716209665515,8.512491931356584,31
circ_00890,PKR,0.02049388900974267,1.5328593793912764,40
circ_00891,PKR,0.02484282650924396,9.131435590736134,87
circ_00892,cGAS-STING,0.04836422568395922,7.2416354418857996,43
circ_00893,JAK-STAT,0.006276143560650944,2.0463105599511024,53
circ_00894,PKR,0.4588308196036812,0.9887484031108247,85
circ_00895,JAK-STAT,0.46511108885477825,1.006953344989316,95
circ_00896,MDA5,0.4330984245526913,1.4679336286075162,59
circ_00897,cGAS-STING,0.0482291466940597,6.111058002442592,34
circ_00898,JAK-STAT,0.18910346604876974,1.3049716767391129,61
circ_00899,cGAS-STING,0.03989246063383747,1.7176322199455984,40
circ_00900,cGAS-STING,0.12304575037060538,1.1599222675378904,64
circ_00901,NF-κB,0.19532105607672912,0.93925157646885,28
circ_00902,JAK-STAT,0.008807036174318236,9.2005387410563,16
circ_00903,JAK-STAT,0.02862986366727406,1.394168955128413,36
circ_00904,PKR,0.04594659138608534,9.349814566134409,81
circ_00905,JAK-STAT,0.017062638330633335,3.5200567445830786,26
circ_00906,cGAS-STING,0.0043067543098434,8.289796748991641,73
circ_00907,cGAS-STING,0.011564348454113183,7.293742050751113,64
circ_00908,JAK-STAT,0.03674979906128318,2.1248027402164076,62
circ_00909,MDA5,0.03196094494424937,4.317076860714132,52
circ_00910,PKR,0.352379488513645,0.6292492876839682,25
circ_00911,NF-κB,0.38780177041895847,1.086452306722527,86
circ_00912,RIG-I,0.28628380245638707,0.5618802150641172,69
circ_00913,RIG-I,0.2629218541096515,1.1206861305038385,28
circ_00914,TLR7/8,0.41533410902557855,0.5049465123011025,62
circ_00915,NF-κB,0.021293304921183604,1.6306277302727286,28
circ_00916,cGAS-STING,0.0195814849265305,8.469791673490496,39
circ_00917,TLR7/8,0.02062201781928664,7.079398518772564,50
circ_00918,TLR7/8,0.012247213847281484,5.575481785005065,72
circ_00919,NF-κB,0.3506411114363235,0.6981312150565442,69
circ_00920,NF-κB,0.4337749702710413,1.2577193579901742,42
circ_00921,JAK-STAT,0.35768412622666534,1.4334107648675465,65
circ_00922,TLR7/8,0.12077592393498744,1.1977975613180993,54
circ_00923,TLR7/8,0.21711845863417978,0.8846077145410626,61
circ_00924,MDA5,0.01427675957505569,6.602004881075938,63
circ_00925,cGAS-STING,0.03670445440523431,2.299726795651165,48
circ_00926,JAK-STAT,0.003448038451667362,4.000970194101813,44
circ_00927,NF-κB,0.011093576358730563,4.014942776131014,79
circ_00928,RIG-I,0.36214716708967964,1.4626789443617356,65
circ_00929,MDA5,0.019064133871584697,4.925101218232335,64
circ_00930,JAK-STAT,0.42072420793165966,1.0262855045480563,46
circ_00931,NF-κB,0.015745951985644456,8.738838518325437,94
circ_00932,PKR,0.04333825883826055,5.402587831097133,21
circ_00933,JAK-STAT,0.11551744362871644,0.5899201910498034,64
circ_00934,PKR,0.02421691019632257,4.819111158072001,12
circ_00935,PKR,0.019421319595897404,1.3120124399303923,93
circ_00936,JAK-STAT,0.018027271545790504,7.040047867397734,11
circ_00937,RIG-I,0.006778208999751623,8.260408416317501,96
circ_00938,RIG-I,0.19278390295158193,0.5469363309576597,32
circ_00939,RIG-I,0.1568532615383599,1.4023247213627783,31
circ_00940,TLR7/8,0.2170581754344001,1.0280323530321436,10
circ_00941,NF-κB,0.10822822183238544,0.8556980005518742,53
circ_00942,MDA5,0.02497036269147737,1.70318431541472,77
circ_00943,PKR,0.04336937735867949,5.1268432163715065,46
circ_00944,JAK-STAT,0.02091960402631513,6.135550828320895,25
circ_00945,cGAS-STING,0.41509498580174875,1.2916217352099095,81
circ_00946,TLR7/8,0.04473648143336764,9.509306720612416,38
circ_00947,TLR7/8,0.03935088451356581,6.1367987239599495,34
circ_00948,PKR,0.30840855742178286,1.4575339075743186,20
circ_00949,PKR,0.4977278808865039,0.9150864134804202,22
circ_00950,MDA5,0.04047474925601677,1.5067802021080658,15
circ_00951,RIG-I,0.3916544378217256,0.7775355038655453,27
circ_00952,TLR7/8,0.36984219962341913,0.8627124675368538,5
circ_00953,JAK-STAT,0.045628975740749075,6.524178728172326,42
circ_00954,RIG-I,0.0019145651158814217,4.724273535009294,6
circ_00955,TLR7/8,0.1297693562390353,1.1444726718532259,82
circ_00956,JAK-STAT,0.046549479787476686,3.910403301055239,76
circ_00957,JAK-STAT,0.009315159242128904,5.5252680281227375,9
circ_00958,JAK-STAT,0.3655437655428303,1.464228529485586,34
circ_00959,NF-κB,0.006954537029488052,6.2077873972215825,59
circ_00960,RIG-I,0.18540692619379184,0.577380556810797,15
circ_00961,PKR,0.02531712951320937,2.29528633916172,57
circ_00962,JAK-STAT,0.03614235270137549,8.06376012170066,98
circ_00963,MDA5,0.040380786510883844,4.520863963396533,71
circ_00964,JAK-STAT,0.008650269646514037,8.259428164807904,77
circ_00965,NF-κB,0.0020310268848509625,2.973456900325233,59
circ_00966,RIG-I,0.18485225052873688,0.6001564315179062,12
circ_00967,MDA5,0.02405332133469871,2.503707201465136,16
circ_00968,cGAS-STING,0.3706888591955356,1.0034084289613334,73
circ_00969,cGAS-STING,0.023342928698733233,4.221060508233842,39
circ_00970,RIG-I,0.4711842126627078,1.200686579186887,34
circ_00971,TLR7/8,0.36212536641232795,0.5219559378264697,35
circ_00972,RIG-I,0.13908710429605942,1.4787804623453393,13
circ_00973,NF-κB,0.04401467726664496,8.678002714465501,70
circ_00974,PKR,0.19457379361274138,0.5067209143575324,6
circ_00975,MDA5,0.37231206907205694,0.5816422327223127,17
circ_00976,RIG-I,0.0142956499337791,5.829460401169906,56
circ_00977,MDA5,0.013382605410649995,1.4481020807546536,20
circ_00978,cGAS-STING,0.02584751853279911,4.287054570122405,82
circ_00979,cGAS-STING,0.15910273630141158,1.4027095130463765,49
circ_00980,TLR7/8,0.22977871471641534,0.8966386550278945,50
circ_00981,NF-κB,0.005586373860139647,3.994886733584337,51
circ_00982,TLR7/8,0.03278594335708278,4.871049019520101,66
circ_00983,RIG-I,0.002997182231242235,7.656138064900403,42
circ_00984,TLR7/8,0.12034020771726653,1.2902202379181165,98
circ_00985,PKR,0.01976560909971687,2.1975844169227194,30
circ_00986,PKR,0.03579500582411086,7.2066070570403395,6
circ_00987,MDA5,0.018440648739490383,3.962302237611542,63
circ_00988,MDA5,0.17160421012711752,0.7705154596519177,20
circ_00989,MDA5,0.02567107431091334,3.3732323681283813,7
circ_00990,NF-κB,0.04598009598493747,6.329779443325893,45
circ_00991,PKR,0.44977377755451886,1.4885583316979107,45
circ_00992,RIG-I,0.2603806993141957,1.2071419744723286,87
circ_00993,cGAS-STING,0.026777225702078144,5.654170822133802,91
circ_00994,TLR7/8,0.049426507199381596,3.973823741805468,90
circ_00995,NF-κB,0.030591633945040827,2.1935797440559557,91
circ_00996,MDA5,0.04070172134435909,3.8126358691219124,85
circ_00997,cGAS-STING,0.04899718228307986,4.561436807921101,28
circ_00998,NF-κB,0.4748155626951007,1.2295373545866004,42
circ_00999,cGAS-STING,0.25589979383537687,0.9566274328699678,20
circ_01000,PKR,0.03290773144293379,5.963766546931431,84
circ_01001,PKR,0.47743740103544285,0.6534090154214413,69
circ_01002,MDA5,0.04063228527724219,8.090252465797937,30
circ_01003,RIG-I,0.019002574863431074,3.70212800976801,84
circ_01004,JAK-STAT,0.3092683225785867,0.670807401188399,5
circ_01005,MDA5,0.009264355272437384,4.993767617436957,38
circ_01006,JAK-STAT,0.3238913326502594,0.71147944912203,9
circ_01007,cGAS-STING,0.011573629263313602,4.489221719509443,6
circ_01008,JAK-STAT,0.03554670607984658,1.5405242911954757,17
circ_01009,MDA5,0.30586881601390004,0.5695312355385955,63
circ_01010,NF-κB,0.03447622939922349,1.7196655906121037,33
circ_01011,TLR7/8,0.11388288498440775,1.4898515312767224,21
circ_01012,TLR7/8,0.01712410823571123,9.21740062282201,56
circ_01013,RIG-I,0.012992666867515268,7.681736474260517,84
circ_01014,TLR7/8,0.023309380581304735,8.542915887828036,94
circ_01015,RIG-I,0.22290487065431197,0.9329962179021288,73
circ_01016,RIG-I,0.48249372220061326,1.223923454342558,34
circ_01017,JAK-STAT,0.01356850725641568,2.7706955976954855,93
circ_01018,TLR7/8,0.364456873447205,1.175506496111501,83
circ_01019,PKR,0.047102407872958725,5.181966509997946,97
circ_01020,NF-κB,0.04238716898605443,6.848659825527733,40
circ_01021,TLR7/8,0.021707110528803385,2.03173864325934,32
circ_01022,cGAS-STING,0.24780055670488998,0.6622921532652032,82
circ_01023,RIG-I,0.030096617734534495,7.027359042811614,46
circ_01024,PKR,0.48340222811416333,0.5278355757210068,22
circ_01025,PKR,0.15087184948599144,0.9294380431569577,14
circ_01026,MDA5,0.041099748495457056,3.4548581327611068,5
circ_01027,MDA5,0.03220069128511101,7.0131376356699775,52
circ_01028,JAK-STAT,0.04134516145215235,4.1523237580199295,20
circ_01029,cGAS-STING,0.020519916537597657,2.737106448876628,20
circ_01030,cGAS-STING,0.047759951087802975,8.768400935012933,73
circ_01031,PKR,0.019318894446996453,3.106327787511799,77
circ_01032,RIG-I,0.019234388335890282,4.224867366026935,57
circ_01033,JAK-STAT,0.012704770342447946,2.6714243775630186,78
circ_01034,PKR,0.034706810231282526,9.384785261724451,35
circ_01035,TLR7/8,0.0011381604539046357,3.1227316902760456,19
circ_01036,PKR,0.030065034031426505,5.678974240439543,66
circ_01037,MDA5,0.02875573868526362,8.353689590556622,17
circ_01038,RIG-I,0.027162194823811964,2.833779136947193,27
circ_01039,RIG-I,0.40037412976088294,1.498353243788939,67
circ_01040,RIG-I,0.04302383395151383,3.8450419760835963,79
circ_01041,JAK-STAT,0.25956875534110235,1.4240647461522125,34
circ_01042,RIG-I,0.4583580599262741,0.6725286463800787,44
circ_01043,cGAS-STING,0.012912199832253692,3.238135086246948,84
circ_01044,PKR,0.0161979030823536,7.247165412250809,59
circ_01045,MDA5,0.0017563300363374126,2.5789003038370306,53
circ_01046,JAK-STAT,0.04635657401767084,7.471768763329263,44
circ_01047,RIG-I,0.022154141359116124,4.578276747020691,6
circ_01048,TLR7/8,0.003985979141345777,3.3542016169482665,62
circ_01049,MDA5,0.016581580154414157,2.2950066803591516,5
circ_01050,NF-κB,0.39353099821009285,0.6291075541125046,92
circ_01051,NF-κB,0.016583666461820402,7.09233347112755,8
circ_01052,JAK-STAT,0.010567032911030887,8.672792966132143,23
circ_01053,cGAS-STING,0.16961023474514492,1.4457270310046844,19
circ_01054,NF-κB,0.36345080013016706,0.8892006325009545,6
circ_01055,MDA5,0.031580896720890116,6.656138167495614,19
circ_01056,MDA5,0.029543112328100054,4.5706464357079035,99
circ_01057,TLR7/8,0.027739111037998827,6.637733769120342,52
circ_01058,cGAS-STING,0.048836887463823676,4.223366466010723,78
circ_01059,TLR7/8,0.013717458718657271,6.976598011216288,44
circ_01060,cGAS-STING,0.49221533473390866,1.2854059822454973,50
circ_01061,RIG-I,0.007713905203776857,6.875023492502037,81
circ_01062,cGAS-STING,0.38705464168121373,0.8838722626207467,47
circ_01063,TLR7/8,0.005634028245080147,9.878797214814295,23
circ_01064,PKR,0.281331296700999,0.7394963933790649,69
circ_01065,PKR,0.13643849547807596,0.7451662150002348,43
circ_01066,RIG-I,0.03541916924175821,2.8176768022781262,70
circ_01067,RIG-I,0.006416659342665794,7.33141055676578,50
circ_01068,PKR,0.04363836851330245,6.083703924921908,78
circ_01069,RIG-I,0.11817927503740906,1.4810023031013362,12
circ_01070,MDA5,0.4564773998574493,0.8293169316194395,90
circ_01071,JAK-STAT,0.04899794016907043,9.960065530744659,16
circ_01072,cGAS-STING,0.015075610567582502,9.132433502362336,52
circ_01073,TLR7/8,0.37954787860545336,1.3546234061559437,31
circ_01074,cGAS-STING,0.0015758469888167838,3.750851810128446,23
circ_01075,NF-κB,0.02095756339132523,3.835510272282938,26
circ_01076,TLR7/8,0.3564551121940307,1.3617773154781594,16
circ_01077,JAK-STAT,0.17346200907653256,0.511193471068875,24
circ_01078,PKR,0.037891530854849836,8.013185145007714,5
circ_01079,PKR,0.47522656139424535,0.7502615089256354,54
circ_01080,JAK-STAT,0.1392280365987742,0.8281677059448371,67
circ_01081,RIG-I,0.016867076156706445,9.175389392849132,19
circ_01082,PKR,0.014031048214064961,3.4315183016337714,5
circ_01083,PKR,0.4512508467998333,1.0199661680665706,8
circ_01084,JAK-STAT,0.14667079425030005,0.7958593104572225,43
circ_01085,cGAS-STING,0.44050330227571133,1.237854021900284,35
circ_01086,JAK-STAT,0.0016130360349452268,4.489151023630111,67
circ_01087,NF-κB,0.005606070401612851,6.899599491351542,71
circ_01088,JAK-STAT,0.20438103702662425,0.6326987520510445,62
circ_01089,PKR,0.4860129998582491,0.8113617279952562,56
circ_01090,PKR,0.3739002562919572,1.4506568063056393,16
circ_01091,MDA5,0.013361888615046967,3.0608329771692158,46
circ_01092,TLR7/8,0.19656935365767284,0.5389325607604152,75
circ_01093,MDA5,0.03056275697788898,7.969186272995987,64
circ_01094,RIG-I,0.4986288257818853,1.409477041402577,89
circ_01095,MDA5,0.010786584019287757,5.350131338482328,23
circ_01096,RIG-I,0.1349198181536301,1.343815652913274,72
circ_01097,TLR7/8,0.016234817438863992,7.722223889798421,85
circ_01098,cGAS-STING,0.2459415592965135,0.8473811056240649,68
circ_01099,NF-κB,0.2585319991973696,0.9866836324433829,21
circ_01100,cGAS-STING,0.007046929556443761,8.130154156079008,34
circ_01101,cGAS-STING,0.022539888392199513,7.862226799283452,71
circ_01102,MDA5,0.27466657881150947,0.6706766690619971,10
circ_01103,MDA5,0.48943622347422644,0.8309956299945266,83
circ_01104,TLR7/8,0.4094856744972556,0.6634750430130149,54
circ_01105,PKR,0.031175630126985966,8.762284236759982,45
circ_01106,NF-κB,0.13332210990703103,1.4166610759718616,64
circ_01107,NF-κB,0.04868106205365717,7.4189528225995796,57
circ_01108,PKR,0.2609636434613751,0.6264512579672307,58
circ_01109,RIG-I,0.3263065502490863,1.146777398182652,56
circ_01110,MDA5,0.0018487961456999627,9.063121805629825,70
circ_01111,NF-κB,0.4159571275217743,0.9042456232519994,92
circ_01112,NF-κB,0.0328130147302301,2.4609639225273074,61
circ_01113,MDA5,0.14905547894189738,0.7410627234887567,14
circ_01114,PKR,0.38498311801345164,0.6215043988170998,68
circ_01115,PKR,0.030507146231840157,6.430061430945542,32
circ_01116,JAK-STAT,0.029387671188460432,1.5573404240014752,73
circ_01117,RIG-I,0.016534814560766886,3.5098261415545555,5
circ_01118,RIG-I,0.0020551792034731483,4.423803692856805,13
circ_01119,RIG-I,0.1880962023317696,0.7738492422187847,76
circ_01120,cGAS-STING,0.009642788123224673,6.216380642421629,20
circ_01121,PKR,0.39555887653173927,0.7535403555496648,53
circ_01122,RIG-I,0.024855824738296863,1.2297769098076414,34
circ_01123,NF-κB,0.032018212741717816,9.477912433434428,13
circ_01124,cGAS-STING,0.004568418840169099,9.415768929070154,77
circ_01125,RIG-I,0.4335517055501277,0.9648422428770443,66
circ_01126,JAK-STAT,0.010135567899025491,1.345061554341549,30
circ_01127,NF-κB,0.3913697068653669,0.6726972555443117,10
circ_01128,PKR,0.015797106555303902,2.123279464727676,81
circ_01129,PKR,0.30056506852741127,1.081442570835521,95
circ_01130,RIG-I,0.033347682531840755,9.414425993332914,67
circ_01131,TLR7/8,0.4236565320140877,0.6596054931064139,44
circ_01132,PKR,0.030359570146022554,6.026251154272378,27
circ_01133,RIG-I,0.03763543125366533,6.847824135376074,6
circ_01134,JAK-STAT,0.04539286914303198,7.547543828960279,5
circ_01135,cGAS-STING,0.23749126165496814,1.4627321826948902,62
circ_01136,JAK-STAT,0.28351266297691036,0.7086437616879474,8
circ_01137,RIG-I,0.04189795578329179,2.9068844102311346,42
circ_01138,TLR7/8,0.11379127685995889,1.3077255403216999,63
circ_01139,RIG-I,0.44801999405915904,1.2842431855964196,13
circ_01140,NF-κB,0.16757542190685515,1.2888745620743354,39
circ_01141,JAK-STAT,0.3306244987036634,0.5415118826550643,15
circ_01142,cGAS-STING,0.2749895913328533,0.8117449288074204,67
circ_01143,JAK-STAT,0.018646805371693997,9.672078658164738,15
circ_01144,PKR,0.21568861670529824,1.3219700270152548,18
circ_01145,TLR7/8,0.16327631570324136,1.267151691499624,74
circ_01146,cGAS-STING,0.4420645129787746,0.5946592767962051,33
circ_01147,RIG-I,0.3046847814678436,0.9960040473881823,37
circ_01148,cGAS-STING,0.28294139662357454,1.1432807345728304,77
circ_01149,NF-κB,0.19520150386057505,0.9457709913270929,51
circ_01150,TLR7/8,0.011377535638239695,8.06298102652908,43
circ_01151,cGAS-STING,0.0015108334656333074,3.488800826746446,98
circ_01152,NF-κB,0.4810875554331542,1.0331631436333173,79
circ_01153,JAK-STAT,0.3421624437482783,1.3356634995079983,95
circ_01154,cGAS-STING,0.36321477505327304,0.7961840341690422,31
circ_01155,JAK-STAT,0.015288586118154004,6.8980909980582314,15
circ_01156,TLR7/8,0.0493031213324661,3.2750452352252966,54
circ_01157,JAK-STAT,0.3503201612347572,1.2920573934255866,74
circ_01158,cGAS-STING,0.039109892570050694,7.802908789810545,35
circ_01159,cGAS-STING,0.4858466664955017,1.2531077805925968,54
circ_01160,PKR,0.03492781373766141,7.716921734846251,10
circ_01161,MDA5,0.009500107721266495,9.465932086521532,38
circ_01162,MDA5,0.13534495361956345,1.434397893487449,51
circ_01163,NF-κB,0.03614374434398959,6.620533518858776,91
circ_01164,RIG-I,0.10131769944767118,1.3016878840608586,14
circ_01165,cGAS-STING,0.304427713488178,1.2524651229378962,12
circ_01166,RIG-I,0.22255947217597283,1.4330430898617275,99
circ_01167,TLR7/8,0.46344007125428843,1.4009849696561547,20
circ_01168,RIG-I,0.3682115574616426,0.6459702819107505,43
circ_01169,PKR,0.4780536857778783,1.4513976487300408,53
circ_01170,MDA5,0.032445473797074506,3.426668583384962,11
circ_01171,RIG-I,0.014409384077978052,3.081993251921191,78
circ_01172,JAK-STAT,0.04936040960677185,9.352302505232823,54
circ_01173,JAK-STAT,0.3255714355804762,1.4385151597233365,27
circ_01174,JAK-STAT,0.008098863132679403,5.773009211630027,20
circ_01175,TLR7/8,0.4142295367800395,1.056554272117014,47
circ_01176,TLR7/8,0.4082032801727009,0.62175259847435,12
circ_01177,RIG-I,0.021253357839177547,1.5129916466247928,30
circ_01178,NF-κB,0.3368830557591912,1.3028136812730131,40
circ_01179,NF-κB,0.2698857029554241,0.730727427819516,96
circ_01180,RIG-I,0.03937984217250848,8.214749263189944,62
circ_01181,TLR7/8,0.3323049080870427,1.4243285011739757,99
circ_01182,RIG-I,0.01516479297510755,4.462252725357008,35
circ_01183,JAK-STAT,0.004773353188601016,9.235522736845361,42
circ_01184,TLR7/8,0.32021467375754753,0.6907711208976901,88
circ_01185,JAK-STAT,0.42726634955415455,0.9047249597757295,48
circ_01186,NF-κB,0.0035758927835440836,5.3273063924362845,29
circ_01187,cGAS-STING,0.015152162219845701,6.579922380646625,42
circ_01188,PKR,0.041772637578986,2.6078823451728157,54
circ_01189,JAK-STAT,0.43866121211301234,0.8751813653881201,98
circ_01190,JAK-STAT,0.3694182939612295,0.8228903597603511,63
circ_01191,NF-κB,0.4226437852599413,0.8129491976739731,98
circ_01192,NF-κB,0.04211145352352259,7.262768506490271,65
circ_01193,NF-κB,0.4508254907604664,1.1173989753418936,7
circ_01194,cGAS-STING,0.028877532974947474,5.1000489938407085,36
circ_01195,MDA5,0.4909377152532488,0.8030588896254974,6
circ_01196,PKR,0.022250177715123866,6.55956422744836,11
circ_01197,JAK-STAT,0.16489920608717462,0.825618489057895,91
circ_01198,RIG-I,0.014934934403719832,3.1905847181298372,61
circ_01199,TLR7/8,0.45105958721142947,1.0776453085298834,33
circ_01200,cGAS-STING,0.027361806028500454,7.713418424708241,51
circ_01201,RIG-I,0.04710463247343143,4.021549655006859,13
circ_01202,TLR7/8,0.048675498782548475,1.7105663628287426,23
circ_01203,JAK-STAT,0.4848769164318635,1.297441509716434,95
circ_01204,PKR,0.012550477254206351,1.7926675955356983,81
circ_01205,TLR7/8,0.02855453277354165,5.389349518088557,55
circ_01206,NF-κB,0.04913237770236675,9.725900693678172,31
circ_01207,NF-κB,0.21497994748067453,0.9781548652236447,32
circ_01208,RIG-I,0.026586945429549026,4.806892879128448,23
circ_01209,NF-κB,0.48899809953764195,0.5977231659764907,93
circ_01210,RIG-I,0.011781360434966717,9.544744515958534,84
circ_01211,MDA5,0.19173329510671216,0.5067976124011652,90
circ_01212,PKR,0.25241889553221664,0.851757168301199,12
circ_01213,MDA5,0.1493372125464026,1.0460152079356724,79
circ_01214,PKR,0.015472033548941923,1.6863887846862418,52
circ_01215,PKR,0.01619616299294561,3.730286099402911,21
circ_01216,cGAS-STING,0.017775381723824486,4.479543478392795,44
circ_01217,MDA5,0.15147752311266577,1.4517534591125993,78
circ_01218,NF-κB,0.012501284110052566,5.109710938844741,81
circ_01219,JAK-STAT,0.019318350578531488,3.4511223418088974,71
circ_01220,NF-κB,0.16738216718406052,1.37528954347412,97
circ_01221,TLR7/8,0.19920856427191463,0.7340861596822283,45
circ_01222,NF-κB,0.25097933120605487,1.038030845951752,66
circ_01223,cGAS-STING,0.2794640948074619,0.5426535260846236,46
circ_01224,NF-κB,0.005537694088883918,7.515855891717645,74
circ_01225,cGAS-STING,0.2884735721410526,1.3176225224899047,60
circ_01226,MDA5,0.020523775058567638,5.534228860282798,10
circ_01227,TLR7/8,0.31337994603724706,0.6606023032250133,62
circ_01228,JAK-STAT,0.0026643353648912694,3.152109218644247,52
circ_01229,RIG-I,0.4095426779565766,0.5053477484338472,74
circ_01230,cGAS-STING,0.01699068483355526,1.4755696553252062,57
circ_01231,TLR7/8,0.0394232652080224,3.32927789284651,22
circ_01232,RIG-I,0.03720929746278723,7.531097153712319,75
circ_01233,TLR7/8,0.3369235079121786,1.3479846067690304,94
circ_01234,PKR,0.01954283681527558,2.157963799838771,61
circ_01235,JAK-STAT,0.43888691210052777,1.0308913853959145,13
circ_01236,MDA5,0.017424589172289253,4.714284986196952,57
circ_01237,PKR,0.01652878924490913,9.042670191568584,79
circ_01238,NF-κB,0.361337241313327,0.6378638425570359,38
circ_01239,RIG-I,0.02854764151173833,9.996838025745198,8
circ_01240,MDA5,0.3858658134065487,0.7033045269741307,50
circ_01241,JAK-STAT,0.29290583273312054,0.6428665324581136,39
circ_01242,RIG-I,0.0063829422061666115,6.2827785603321304,29
circ_01243,RIG-I,0.025218830784100418,9.954561107203878,51
circ_01244,RIG-I,0.030344057217294596,2.508365346717507,61
circ_01245,PKR,0.016950160294494143,2.309849688690609,37
circ_01246,MDA5,0.024821480343707906,1.342546093109231,88
circ_01247,NF-κB,0.0281834839366353,3.430435743482862,48
circ_01248,cGAS-STING,0.022988218813326522,3.872758380078996,93
circ_01249,cGAS-STING,0.01307635747790075,5.228722791547938,98
circ_01250,NF-κB,0.44713662771996243,0.9568245682664304,49
circ_01251,JAK-STAT,0.04671428015485293,2.699100524871949,91
circ_01252,NF-κB,0.025412681286591916,3.834392308412108,54
circ_01253,cGAS-STING,0.009333684817393651,2.119773653412735,6
circ_01254,MDA5,0.033766553413357485,7.189622334071153,75
circ_01255,PKR,0.3199834771777976,0.5626364244157418,54
circ_01256,PKR,0.20864411516955444,0.5447911254965313,82
circ_01257,RIG-I,0.37910806409036735,0.5817557331946225,74
circ_01258,TLR7/8,0.48343813520648704,1.2607893444772649,21
circ_01259,MDA5,0.047987234460827845,3.8076289753685413,29
circ_01260,cGAS-STING,0.04704364783538874,4.78132242703435,25
circ_01261,JAK-STAT,0.04056723084121523,9.714582570223373,93
circ_01262,TLR7/8,0.16126085576084825,1.1228986442966349,58
circ_01263,TLR7/8,0.21679528482542545,1.3894341173628848,70
circ_01264,MDA5,0.044923628189638486,5.5072088522956495,38
circ_01265,TLR7/8,0.4539839626604599,0.7328333104263115,54
circ_01266,cGAS-STING,0.3346247398013398,1.4670126425203516,38
circ_01267,MDA5,0.3080507158035263,1.2102108029373737,72
circ_01268,RIG-I,0.19794005025958936,0.5290114463044622,75
circ_01269,NF-κB,0.31537171698757477,0.6122389468008674,22
circ_01270,cGAS-STING,0.3857910631630529,0.7161038435059788,94
circ_01271,TLR7/8,0.016019868208793277,5.814265275494411,71
circ_01272,RIG-I,0.22306927596433068,1.4163983458747937,58
circ_01273,RIG-I,0.017794855243723803,7.769504193580793,5
circ_01274,MDA5,0.006932965445920605,7.569332994840221,70
circ_01275,JAK-STAT,0.01513229532788448,1.7050528724847247,64
circ_01276,JAK-STAT,0.04790099346462977,6.661119253412279,56
circ_01277,JAK-STAT,0.03149819872383199,5.252988224092688,48
circ_01278,NF-κB,0.004658037505853503,1.5684053498092854,91
circ_01279,NF-κB,0.47047554859504626,0.9894070130552773,59
circ_01280,JAK-STAT,0.019313899236206498,9.099139908627018,57
circ_01281,JAK-STAT,0.024629966175102824,2.6692641335057683,41
circ_01282,NF-κB,0.13913888013205594,0.5268183932084134,58
circ_01283,cGAS-STING,0.2412747469167673,1.0040578513143934,70
circ_01284,JAK-STAT,0.49494234963753914,1.0855923560765537,48
circ_01285,RIG-I,0.3707725634200577,0.814176393843388,49
circ_01286,NF-κB,0.15712493608506364,1.195229473327589,9
circ_01287,JAK-STAT,0.020655821172817408,1.2734122160104246,19
circ_01288,RIG-I,0.1862143647103175,0.9027037522148895,35
circ_01289,cGAS-STING,0.2485822587154941,0.8059511579867877,94
circ_01290,RIG-I,0.011407329569581848,8.385532286145018,53
circ_01291,PKR,0.039166734562437286,7.220743258470652,71
circ_01292,RIG-I,0.3092210935425715,1.1127836185255298,46
circ_01293,NF-κB,0.02421990751518732,1.335663824542951,75
circ_01294,RIG-I,0.01749825405262842,3.5448942008222186,96
circ_01295,PKR,0.45162976716192826,1.0783993198181325,88
circ_01296,RIG-I,0.04386625984228241,4.8600699265827565,94
circ_01297,MDA5,0.04402798544901463,8.020526488615872,79
circ_01298,PKR,0.12421744064826346,1.0198844287211144,28
circ_01299,RIG-I,0.030272260433777374,2.3703372786706756,55
circ_01300,NF-κB,0.009835709795321921,9.21241272079651,58
circ_01301,cGAS-STING,0.4214520852106127,1.1802686052518108,58
circ_01302,RIG-I,0.005397277819657742,1.869767302811371,18
circ_01303,PKR,0.19857730338391613,0.5237913444365849,77
circ_01304,PKR,0.45939620770894696,1.124726774312548,96
circ_01305,TLR7/8,0.019045460388120675,8.258904962756844,14
circ_01306,RIG-I,0.39035585334894385,0.8913857636233848,32
circ_01307,NF-κB,0.033408451743531915,3.604549665238478,51
circ_01308,TLR7/8,0.006319331003438834,5.039153033710899,31
circ_01309,MDA5,0.45414078287944515,0.5721025641027445,5
circ_01310,RIG-I,0.010496332448224548,4.287062337813535,37
circ_01311,MDA5,0.3303556963286467,0.6169391372649314,11
circ_01312,PKR,0.042403725340688724,9.975795763619093,96
circ_01313,cGAS-STING,0.4936494574684963,1.3427609801341747,19
circ_01314,cGAS-STING,0.3054326605506996,0.9529587470068752,87
circ_01315,TLR7/8,0.03539731318562237,5.056021314664651,61
circ_01316,NF-κB,0.013140638887565132,2.6692092296830356,27
circ_01317,RIG-I,0.031005795855370614,2.3851827256962164,13
circ_01318,RIG-I,0.019815688820844057,1.7357410784677199,60
circ_01319,cGAS-STING,0.4222755030329951,1.2303630224430977,16
circ_01320,MDA5,0.02738855226553978,4.056346908189612,9
circ_01321,RIG-I,0.19729743588955329,1.1385133809984664,87
circ_01322,TLR7/8,0.36745647744937526,1.1330071850081365,43
circ_01323,RIG-I,0.3919074557912575,0.6339987457839962,87
circ_01324,PKR,0.32392976096524306,0.8725176270902736,73
circ_01325,JAK-STAT,0.013870849068085122,9.425578313253276,24
circ_01326,RIG-I,0.3017411782753734,1.4549066866445437,67
circ_01327,JAK-STAT,0.18664390007683285,0.9906296646217638,88
circ_01328,MDA5,0.26271259849453005,1.3198618980730834,90
circ_01329,RIG-I,0.19255411786427523,1.4159897761323788,57
circ_01330,cGAS-STING,0.4362645652336644,0.810350082547677,71
circ_01331,cGAS-STING,0.043389332790168024,7.566682479242063,96
circ_01332,RIG-I,0.0476794656493544,1.2869204643550067,81
circ_01333,MDA5,0.4016833474359993,0.7660041379497036,26
circ_01334,JAK-STAT,0.25478062727410977,1.168542133859628,84
circ_01335,TLR7/8,0.047862372205732986,7.43785156123046,11
circ_01336,cGAS-STING,0.014170915114464881,2.351266570244419,64
circ_01337,PKR,0.016674155299739524,1.0692974211670423,95
circ_01338,NF-κB,0.2735511135312872,0.7074223801034472,38
circ_01339,MDA5,0.3360067718062865,1.1328240871961182,77
circ_01340,NF-κB,0.017066744815768104,9.634620051467111,58
circ_01341,JAK-STAT,0.027435473957779653,1.333987384238875,23
circ_01342,TLR7/8,0.2059454335364138,1.1084562685153792,96
circ_01343,RIG-I,0.03343768588095323,9.229975183245013,48
circ_01344,PKR,0.005131863658696573,4.6766188672534685,79
circ_01345,RIG-I,0.4348090520349478,1.177831568350969,78
circ_01346,PKR,0.3185232360221358,0.770946565588844,13
circ_01347,MDA5,0.36050149138292753,0.9498140805559557,10
circ_01348,PKR,0.4745934660568608,0.6506693927640628,81
circ_01349,cGAS-STING,0.3853424388835607,1.2633686039254763,52
circ_01350,RIG-I,0.008086336315307953,2.801161897936782,62
circ_01351,JAK-STAT,0.04934171446899599,5.749956772770481,60
circ_01352,JAK-STAT,0.0059873629153242396,2.360326416570188,54
circ_01353,cGAS-STING,0.35072903751877527,0.8859951728282823,75
circ_01354,TLR7/8,0.1793374147321047,1.2509768812177833,76
circ_01355,TLR7/8,0.009970609631833618,3.880925557127168,76
circ_01356,MDA5,0.14363968700228047,1.1474579368664632,9
circ_01357,RIG-I,0.34223786739159745,0.7214893274818046,15
circ_01358,cGAS-STING,0.012867327484315464,9.180064711272832,63
circ_01359,RIG-I,0.005671017103730565,3.576947765432127,95
circ_01360,JAK-STAT,0.1174679242623892,1.366099227750536,42
circ_01361,RIG-I,0.04035252565371614,9.785811281461854,6
circ_01362,RIG-I,0.33735897266920484,1.326941026761514,69
circ_01363,PKR,0.025052013694049996,1.680131671689543,76
circ_01364,PKR,0.024778070641504904,3.2021920573092624,75
circ_01365,NF-κB,0.01447319603002082,1.4775669919682604,22
circ_01366,MDA5,0.007465013961674717,5.743911916040724,49
circ_01367,PKR,0.34160629286346256,0.8451340380260937,44
circ_01368,MDA5,0.1939777220081146,1.1016374545687073,97
circ_01369,PKR,0.04358102967716919,8.048968354921962,7
circ_01370,NF-κB,0.33161028361521494,0.9726933822612246,80
circ_01371,JAK-STAT,0.018948154187367165,2.3375848649548727,7
circ_01372,TLR7/8,0.3995716806501659,1.0265787921729097,63
circ_01373,RIG-I,0.1987189243075616,0.6053082084094235,8
circ_01374,NF-κB,0.04261261971044018,6.8986732317539285,82
circ_01375,cGAS-STING,0.19653243072208715,1.2403977802045856,23
circ_01376,cGAS-STING,0.4700530170627325,0.7039978949711465,33
circ_01377,PKR,0.021092615794711098,7.576189385262486,20
circ_01378,TLR7/8,0.12662505232015975,0.5980831608043924,61
circ_01379,PKR,0.4510569610763845,0.7076391413198628,20
circ_01380,RIG-I,0.4698774591474385,1.2587584018876448,68
circ_01381,cGAS-STING,0.44367354152053895,0.6475492376418152,95
circ_01382,PKR,0.22677946086357276,1.416502241884164,75
circ_01383,NF-κB,0.03344273811904819,3.164994844664962,47
circ_01384,MDA5,0.023315544382421772,5.198704877661708,50
circ_01385,TLR7/8,0.24660662100636693,0.7129018543819593,89
circ_01386,NF-κB,0.038591878720691974,6.424954390383194,55
circ_01387,RIG-I,0.047124449365541186,2.447552005083259,21
circ_01388,cGAS-STING,0.04742076334261644,8.771868528690641,64
circ_01389,NF-κB,0.45076418766523385,1.0518748679302585,30
circ_01390,cGAS-STING,0.019286574248162148,7.956850886405787,10
circ_01391,NF-κB,0.3271383343271401,1.1716045217341482,94
circ_01392,JAK-STAT,0.2952400538728086,1.4657635736898158,12
circ_01393,cGAS-STING,0.3761976434053709,0.8425262911591145,45
circ_01394,NF-κB,0.007335808164727228,2.087383030939998,44
circ_01395,PKR,0.028366048805609834,1.1710991903978436,55
circ_01396,cGAS-STING,0.013255847032264251,4.821238320528437,66
circ_01397,cGAS-STING,0.3595935483545202,1.029737037861078,42
circ_01398,RIG-I,0.04604722299621095,5.427410559915628,20
circ_01399,NF-κB,0.35315937202770464,0.8122837241567558,20
circ_01400,cGAS-STING,0.38911733229666956,1.4395100688793556,42
circ_01401,MDA5,0.04730937758410669,1.2069629843252179,5
circ_01402,cGAS-STING,0.4474114613387886,1.39235816974691,13
circ_01403,cGAS-STING,0.04148364496812876,1.7708127518445749,58
circ_01404,cGAS-STING,0.11995521813956925,1.0112722574612854,21
circ_01405,NF-κB,0.23369306628542832,0.5613650266131751,78
circ_01406,MDA5,0.3269275132608454,0.6765329561865988,9
circ_01407,TLR7/8,0.03856247642968445,6.586880300207213,51
circ_01408,PKR,0.38380640453195625,0.9223478863760698,29
circ_01409,MDA5,0.3897889655105443,0.5088970011984604,54
circ_01410,MDA5,0.02532893994864953,8.161409491482473,38
circ_01411,JAK-STAT,0.20791011280320604,1.0153330412979484,97
circ_01412,PKR,0.0156698837545999,4.901555894631674,99
circ_01413,JAK-STAT,0.024953175388699265,5.520621901592667,21
circ_01414,TLR7/8,0.40239873721600516,1.1519953946254908,73
circ_01415,JAK-STAT,0.0041479172294808225,9.25539784397637,34
circ_01416,RIG-I,0.01960066652637706,6.712985086526757,60
circ_01417,JAK-STAT,0.011449360563347076,1.2509015918826418,86
circ_01418,RIG-I,0.23820429673710058,1.2219525771025914,35
circ_01419,cGAS-STING,0.03840779440963127,6.3569434082429614,6
circ_01420,RIG-I,0.4751168879015344,1.1745521533960341,19
circ_01421,RIG-I,0.49022734904379195,0.9999907841451284,71
circ_01422,cGAS-STING,0.31524918510789,1.0024253687010667,38
circ_01423,PKR,0.3687905687254033,1.2558350034198993,83
circ_01424,PKR,0.02986737115241509,3.035911513843686,10
circ_01425,TLR7/8,0.038763706147414145,9.256847933778408,41
circ_01426,cGAS-STING,0.2221837744874706,0.8044117105412874,28
circ_01427,TLR7/8,0.03824979385938287,2.390897974381919,83
circ_01428,TLR7/8,0.11480089981459414,1.0342174823733994,39
circ_01429,PKR,0.043561427329556916,5.056615658873262,80
circ_01430,RIG-I,0.033499082498996066,4.732465075975206,99
circ_01431,JAK-STAT,0.20630202847812892,0.7211892096863362,41
circ_01432,JAK-STAT,0.4906005393237377,1.4474590875647364,27
circ_01433,MDA5,0.44775658966177445,1.1057013809067908,72
circ_01434,NF-κB,0.016320841381522358,2.3569167202978867,51
circ_01435,cGAS-STING,0.006190692845711446,1.1134914338511868,6
circ_01436,cGAS-STING,0.49904925164947656,1.0110405419400292,30
circ_01437,TLR7/8,0.014114117139543511,6.603417564790261,15
circ_01438,NF-κB,0.461042466776188,1.4709567623016258,37
circ_01439,JAK-STAT,0.04962915923997377,3.177097686423598,69
circ_01440,JAK-STAT,0.4799337386416471,0.8234350576614726,66
circ_01441,JAK-STAT,0.27431015109505685,1.1527104248212727,64
circ_01442,TLR7/8,0.04538113162528305,6.361775933155899,70
circ_01443,NF-κB,0.030624509317749835,1.4652606719915,21
circ_01444,RIG-I,0.45390138369104793,0.7823076803753106,67
circ_01445,NF-κB,0.442720329277555,1.0421209589689369,59
circ_01446,PKR,0.41651627619838527,0.6667123448959443,70
circ_01447,NF-κB,0.19056990161714996,1.4256432880768792,34
circ_01448,MDA5,0.04775181399950273,8.116928935909499,24
circ_01449,cGAS-STING,0.04499169289148,4.508804231927839,93
circ_01450,TLR7/8,0.024213658101437233,6.643704374773496,8
circ_01451,RIG-I,0.012063913315924876,4.595959142941572,22
circ_01452,cGAS-STING,0.33395600730006414,0.5376946705348411,48
circ_01453,RIG-I,0.028848114118384737,5.192249005471408,94
circ_01454,JAK-STAT,0.01950248164914035,9.213030641747583,95
circ_01455,MDA5,0.1944201168271881,0.6178415722759467,34
circ_01456,NF-κB,0.011829367851763507,7.342390278625324,47
circ_01457,RIG-I,0.02128445578086033,8.824070400779181,58
circ_01458,MDA5,0.026947995725463577,2.980260117451584,54
circ_01459,PKR,0.012660561973790414,9.577839110480442,51
circ_01460,cGAS-STING,0.34091711215119874,0.6554443993600325,19
circ_01461,NF-κB,0.24653767097998097,0.7792143058703646,5
circ_01462,MDA5,0.46559378570776666,1.023453973139599,49
circ_01463,MDA5,0.007152362107312585,7.608407421337201,46
circ_01464,TLR7/8,0.012026155008973395,2.7112783856745306,49
circ_01465,MDA5,0.015003966262408228,7.687299545844521,7
circ_01466,cGAS-STING,0.015065862390817423,7.197814333351464,53
circ_01467,RIG-I,0.04474958445447963,6.562066641380276,68
circ_01468,MDA5,0.0030413111499008436,3.431391765376818,22
circ_01469,NF-κB,0.3177461727446894,1.2493212152010058,60
circ_01470,JAK-STAT,0.42858251200549125,1.198651563059347,39
circ_01471,JAK-STAT,0.4490799200024006,1.087056223433958,60
circ_01472,JAK-STAT,0.003108112476946057,3.000396024584485,29
circ_01473,RIG-I,0.3488774998905634,1.2499040698877342,35
circ_01474,TLR7/8,0.04875264185227975,3.7388364015180446,92
circ_01475,MDA5,0.040124367523704796,5.047093690108611,99
circ_01476,RIG-I,0.13492933165803161,1.1165954267229572,79
circ_01477,MDA5,0.48744066033228783,1.049957231334933,80
circ_01478,RIG-I,0.04041328692819753,8.17900146447203,36
circ_01479,PKR,0.28975320892064826,0.6619177228925869,94
circ_01480,RIG-I,0.031493186502362276,6.028065457437866,50
circ_01481,PKR,0.01716389863103726,7.659190324794119,39
circ_01482,TLR7/8,0.2976792923808776,1.2952939596286157,99
circ_01483,MDA5,0.012257528884854686,4.028804475602892,34
circ_01484,PKR,0.03711903034502517,3.400661386519653,68
circ_01485,MDA5,0.3138735872549925,0.7201779915332677,41
circ_01486,NF-κB,0.20439413944735382,0.9094956721135884,80
circ_01487,NF-κB,0.42444174842653215,0.8351212864376376,52
circ_01488,NF-κB,0.47328866803711,0.6062237575319056,81
circ_01489,NF-κB,0.3325382214720821,0.6114782436434562,53
circ_01490,JAK-STAT,0.03484066972061541,9.119641695066525,16
circ_01491,NF-κB,0.009297162121975556,1.4791716287351964,59
circ_01492,JAK-STAT,0.04163407695416123,3.4539426091329997,16
circ_01493,RIG-I,0.17450868195132185,1.3591114337551122,14
circ_01494,TLR7/8,0.04731397960903075,7.26683015129958,74
circ_01495,NF-κB,0.012397860507115326,6.106359596062903,68
circ_01496,TLR7/8,0.04201879871447919,1.3510034738130845,15
circ_01497,TLR7/8,0.10230534433248062,1.059853922858075,11
circ_01498,cGAS-STING,0.01208498792377969,5.798665921946643,65
circ_01499,PKR,0.4115992961747872,1.2397326988356725,45
circ_01500,MDA5,0.46434273455888975,0.9240983659520898,49
circ_01501,PKR,0.3249141438570551,1.4493335722612413,48
circ_01502,JAK-STAT,0.02250480081707235,5.541760824201317,39
circ_01503,cGAS-STING,0.19780219871595223,0.7201129527867146,63
circ_01504,NF-κB,0.35537188103472983,0.6576071583779739,56
circ_01505,PKR,0.11384700246614372,1.3084054938888454,27
circ_01506,cGAS-STING,0.004075018505438399,9.421059650252497,80
circ_01507,RIG-I,0.24634086855208595,1.0342114304101555,41
circ_01508,cGAS-STING,0.04948837681306325,3.8937911094651727,87
circ_01509,TLR7/8,0.4725997225093016,0.5588768496262302,83
circ_01510,cGAS-STING,0.23558165702942815,1.2191504608120256,15
circ_01511,cGAS-STING,0.02713559879153883,7.143048745158158,5
circ_01512,PKR,0.2912388946014456,0.7464996197785809,65
circ_01513,RIG-I,0.037860045920304765,8.556686958355085,38
circ_01514,NF-κB,0.22023503579276993,1.025360644262702,57
circ_01515,cGAS-STING,0.14845188869901135,0.6005212723344462,99
circ_01516,NF-κB,0.021019055635676586,6.784843119652023,92
circ_01517,MDA5,0.009054844046091134,1.328222993902589,6
circ_01518,TLR7/8,0.4307808555067095,1.000829778987026,56
circ_01519,JAK-STAT,0.024100964865238095,4.104440974153287,91
circ_01520,NF-κB,0.1900314602530131,0.9879461129775932,93
circ_01521,JAK-STAT,0.46287482650589507,1.2113228167156205,39
circ_01522,MDA5,0.35825823805583634,0.8251222598210183,47
circ_01523,TLR7/8,0.010956924891432598,2.7892320396890575,83
circ_01524,RIG-I,0.002700000854443989,9.543568429940871,87
circ_01525,RIG-I,0.005424526571260096,4.263477460408113,31
circ_01526,TLR7/8,0.03677766199668149,7.170208226105451,10
circ_01527,cGAS-STING,0.02629252186561617,1.0068023736286573,97
circ_01528,RIG-I,0.013784096595456648,9.681960037486247,83
circ_01529,JAK-STAT,0.020782571154346268,7.049481929307069,54
circ_01530,TLR7/8,0.02126716212922242,9.397319330998979,6
circ_01531,TLR7/8,0.471112875830592,1.1942272882081402,8
circ_01532,JAK-STAT,0.26063120587817556,0.5180944952578136,65
circ_01533,TLR7/8,0.0023601283825418,6.6619247123386955,87
circ_01534,MDA5,0.26707702700860025,1.4507947602081117,55
circ_01535,NF-κB,0.025691511539929365,2.4808388782680977,51
circ_01536,JAK-STAT,0.4640881746466061,0.7508638055894512,97
circ_01537,JAK-STAT,0.027247055999148242,4.245803777843063,50
circ_01538,NF-κB,0.15351079492477085,1.0483826942653902,86
circ_01539,cGAS-STING,0.04774648179685595,1.8540000774655891,51
circ_01540,TLR7/8,0.003935254227285499,4.351686478228922,46
circ_01541,JAK-STAT,0.039854635144348505,2.729818033024097,97
circ_01542,NF-κB,0.009651395336523403,6.0626052705720745,91
circ_01543,MDA5,0.029606576246263734,7.683022511484012,48
circ_01544,TLR7/8,0.26617016788541303,1.2422966421381938,73
circ_01545,PKR,0.012841476678390178,3.8774472828115307,87
circ_01546,JAK-STAT,0.013038250866313293,2.975001024716432,59
circ_01547,PKR,0.045219274780593365,4.010406590719802,95
circ_01548,PKR,0.035265057629445824,8.87695866043908,14
circ_01549,MDA5,0.2682534355306838,0.9381933941040767,11
circ_01550,cGAS-STING,0.3753033496776971,1.409467008473308,20
circ_01551,JAK-STAT,0.036140024705450385,5.722154056047365,96
circ_01552,JAK-STAT,0.23751393079208608,1.2658320588718615,39
circ_01553,MDA5,0.045918100396312396,9.700894354689261,53
circ_01554,TLR7/8,0.03976126966426725,1.2382730248119451,42
circ_01555,cGAS-STING,0.03001597503927328,5.311680038352568,64
circ_01556,cGAS-STING,0.017032349335742967,3.727345195691139,9
circ_01557,RIG-I,0.017437443359719307,4.903597821823531,91
circ_01558,JAK-STAT,0.3400471155021952,1.4307346255238587,70
circ_01559,JAK-STAT,0.03254603096756227,2.9768927238479885,30
circ_01560,NF-κB,0.027207742726469083,8.132912148168012,66
circ_01561,JAK-STAT,0.23220658710776979,1.0577057687640128,43
circ_01562,NF-κB,0.48858056606878664,1.1683454041049548,35
circ_01563,cGAS-STING,0.02873109279979001,5.158231848876041,79
circ_01564,RIG-I,0.4409674354030019,1.105043637054548,26
circ_01565,TLR7/8,0.13098713337398848,1.4622577265381491,74
circ_01566,PKR,0.039139509417139666,7.871942322844259,28
circ_01567,cGAS-STING,0.030683685084173514,5.604718605373153,26
circ_01568,PKR,0.0355594433961257,5.465184185346604,16
circ_01569,cGAS-STING,0.19885270167776944,0.9159318898233403,33
circ_01570,JAK-STAT,0.01713125711214585,1.4637495906593412,11
circ_01571,cGAS-STING,0.0065335974347434135,3.3104177721962786,52
circ_01572,cGAS-STING,0.3841384068515462,1.429184081266499,16
circ_01573,NF-κB,0.028435300642380316,9.795585431160506,67
circ_01574,cGAS-STING,0.007612009344129436,7.782801944031772,85
circ_01575,cGAS-STING,0.3148835380989564,0.7566472878928479,20
circ_01576,JAK-STAT,0.10161194446029045,1.0239409883020465,92
circ_01577,cGAS-STING,0.3225641714017965,1.1452526248100494,59
circ_01578,PKR,0.4975053421302488,0.9187591227684182,94
circ_01579,TLR7/8,0.03707597397023641,1.1486083848775426,31
circ_01580,NF-κB,0.006611963412692322,2.662436608309667,12
circ_01581,RIG-I,0.04412844247406072,6.25959801077315,52
circ_01582,MDA5,0.25712564458004594,1.2427215920501236,13
circ_01583,JAK-STAT,0.007152411941470949,4.967153733252466,12
circ_01584,NF-κB,0.23264293496953156,0.8644365709343059,22
circ_01585,MDA5,0.38580256610814223,1.1528016757332187,56
circ_01586,PKR,0.23433034934989005,0.7278802632078675,13
circ_01587,JAK-STAT,0.03766967452887982,5.561702776364117,59
circ_01588,TLR7/8,0.03230313486338765,9.18111697132119,93
circ_01589,JAK-STAT,0.04981918406704148,9.607932432401109,43
circ_01590,JAK-STAT,0.4515987991341436,1.4673398008982075,15
circ_01591,TLR7/8,0.00871103676654892,1.109636064850109,20
circ_01592,TLR7/8,0.4664610222027811,1.3646528654652577,85
circ_01593,cGAS-STING,0.465695467378861,0.9339176988233081,54
circ_01594,TLR7/8,0.022586567525653873,7.425927278292468,64
circ_01595,cGAS-STING,0.4109079710009268,0.7907909007741212,51
circ_01596,RIG-I,0.39811033173334,0.9350969577039525,65
circ_01597,JAK-STAT,0.11612870412252448,0.5822814659919934,90
circ_01598,PKR,0.003477762579224283,1.407290448505794,26
circ_01599,cGAS-STING,0.02545105205383842,1.089769204165763,46
circ_01600,PKR,0.0046249800671131335,6.518425715230088,42
circ_01601,NF-κB,0.27366213190738115,1.1535212119761413,18
circ_01602,cGAS-STING,0.29706756889367225,0.9576106433188836,14
circ_01603,cGAS-STING,0.04260437374842231,5.952087984447067,22
circ_01604,MDA5,0.033911203067163685,1.0038047044060008,15
circ_01605,PKR,0.17248260171843205,0.9052459593884312,57
circ_01606,MDA5,0.030710757692990524,8.770529254990208,41
circ_01607,cGAS-STING,0.48185472188034895,1.2591787766309146,79
circ_01608,MDA5,0.04398284661660892,8.997991128219113,56
circ_01609,cGAS-STING,0.1980790996507758,1.450552154614944,73
circ_01610,JAK-STAT,0.35062034402549813,1.0100064770056822,57
circ_01611,PKR,0.34312151738765795,1.183011658503148,28
circ_01612,JAK-STAT,0.24640342824513062,1.114735331573888,60
circ_01613,JAK-STAT,0.4560002390700142,1.2802055628765496,89
circ_01614,PKR,0.4144634632551212,0.5763833905311464,22
circ_01615,MDA5,0.4864436869511909,0.7581398753357724,63
circ_01616,TLR7/8,0.027399267934446657,6.215423031093173,16
circ_01617,NF-κB,0.035195845301173465,9.509680256566764,16
circ_01618,JAK-STAT,0.013334579147686262,2.0932276675560315,94
circ_01619,PKR,0.017323644574752106,5.728510259128771,73
circ_01620,RIG-I,0.44732275594204796,0.5343807685456389,63
circ_01621,NF-κB,0.03490805627419783,6.936783949721972,30
circ_01622,MDA5,0.4377723857027004,1.0409107231843489,66
circ_01623,MDA5,0.13855832428044335,1.4841696616607043,67
circ_01624,TLR7/8,0.17512663658505417,1.1854705279577016,29
circ_01625,cGAS-STING,0.022846913378148707,5.417960171099029,92
circ_01626,TLR7/8,0.2328956996322792,1.414431396203235,10
circ_01627,JAK-STAT,0.4095443888648953,1.2843158887968293,26
circ_01628,RIG-I,0.1653330472565961,1.482563086637985,82
circ_01629,RIG-I,0.0066934596409650975,4.515769522580859,74
circ_01630,MDA5,0.46528807081019596,1.1021071774599152,41
circ_01631,TLR7/8,0.18368197469655756,1.1485110320049121,20
circ_01632,cGAS-STING,0.041384177455989456,8.157230849089848,6
circ_01633,TLR7/8,0.03526739405687407,3.7896850676168814,61
circ_01634,TLR7/8,0.4728858902805536,0.8534260975738992,39
circ_01635,PKR,0.0015807764421810048,3.9969572194945355,97
circ_01636,MDA5,0.40057763715552086,1.1389522473989557,20
circ_01637,PKR,0.02739564079545112,8.98495114648179,70
circ_01638,JAK-STAT,0.021856394873360562,3.438557845868535,59
circ_01639,JAK-STAT,0.01273877206546362,7.180218150933184,59
circ_01640,JAK-STAT,0.03511198879761106,1.8726114811546313,65
circ_01641,JAK-STAT,0.026230597863446524,4.736138257854305,48
circ_01642,cGAS-STING,0.014922052621964318,7.470861765172451,24
circ_01643,RIG-I,0.03989838350418043,8.04032348945313,18
circ_01644,TLR7/8,0.3442387694469702,0.5583820475581053,24
circ_01645,MDA5,0.44035742246995113,1.1071212515751792,81
circ_01646,JAK-STAT,0.23108086657865945,0.6500603458112303,95
circ_01647,NF-κB,0.004568217417010145,9.960997642157855,43
circ_01648,TLR7/8,0.027558854975834372,7.140252338369586,82
circ_01649,MDA5,0.017236535478704268,7.893731015136394,75
circ_01650,RIG-I,0.2440867559872545,0.8305899814761937,64
circ_01651,cGAS-STING,0.28934388341613065,0.8741099050288069,43
circ_01652,NF-κB,0.41546968517286775,1.22955425367944,53
circ_01653,TLR7/8,0.018640832109321024,8.050811151051132,69
circ_01654,NF-κB,0.03936039316553181,9.401468644014294,9
circ_01655,RIG-I,0.014422783016337044,8.350404524981233,92
circ_01656,TLR7/8,0.03959524284961839,5.204596466466297,95
circ_01657,PKR,0.029361750683978876,3.7901116397316565,64
circ_01658,RIG-I,0.23438531793782472,0.6154530926893549,53
circ_01659,MDA5,0.01689691701430961,1.1638442680666863,16
circ_01660,PKR,0.4320444653313813,1.1749541240962245,84
circ_01661,cGAS-STING,0.3543324876067766,1.4979116318159211,83
circ_01662,MDA5,0.3156119837556196,1.1633379770653938,63
circ_01663,TLR7/8,0.004915565590632696,2.587769884135432,42
circ_01664,JAK-STAT,0.10636037183567688,0.5324824937266676,68
circ_01665,RIG-I,0.013357515886973561,2.7928446864235417,65
circ_01666,TLR7/8,0.009663509308575246,9.23778300992317,99
circ_01667,cGAS-STING,0.28560048356468537,0.591795980407726,11
circ_01668,JAK-STAT,0.04256819559476021,6.270536283973219,79
circ_01669,JAK-STAT,0.3442604793267128,0.8311579556457092,55
circ_01670,RIG-I,0.021931869575012457,1.666481857456836,53
circ_01671,JAK-STAT,0.011850137389382301,1.279660897453812,67
circ_01672,PKR,0.031771082942963484,4.04135020263759,46
circ_01673,MDA5,0.03326120243381588,3.543671472567775,32
circ_01674,TLR7/8,0.025257030365427098,2.9239175040974406,88
circ_01675,TLR7/8,0.024186931880183556,4.872885508669321,60
circ_01676,NF-κB,0.023882820982613864,6.71247355537216,64
circ_01677,NF-κB,0.049878951574453524,9.837611528055424,56
circ_01678,MDA5,0.04097382099324368,7.698010151815005,81
circ_01679,cGAS-STING,0.0050812335241533346,7.064256752232468,63
circ_01680,JAK-STAT,0.46030074406029864,0.9571553749832812,56
circ_01681,PKR,0.046177083745898226,6.824278134908416,45
circ_01682,RIG-I,0.010002089077772204,3.467257290119033,30
circ_01683,cGAS-STING,0.2261585629194802,0.9044089451144351,19
circ_01684,PKR,0.27032568378184973,1.3800052813118933,45
circ_01685,MDA5,0.1925756062337759,1.2248101723319662,81
circ_01686,TLR7/8,0.04302562519973581,4.769657492671482,23
circ_01687,cGAS-STING,0.26729553789352123,0.69862449797925,92
circ_01688,cGAS-STING,0.002003688268172173,3.221817717166803,42
circ_01689,TLR7/8,0.00634624714149913,5.909992132260043,21
circ_01690,PKR,0.3301653652735466,1.133187227597659,56
circ_01691,RIG-I,0.3249191156540251,0.5826216580839345,35
circ_01692,TLR7/8,0.027080107594973462,3.2587508805672796,93
circ_01693,TLR7/8,0.01986690552186975,2.5599879767421996,32
circ_01694,MDA5,0.13558028561469554,1.3303450068816696,80
circ_01695,cGAS-STING,0.022174566527036484,5.186099767656129,62
circ_01696,JAK-STAT,0.37193658390681283,0.6333084600361342,76
circ_01697,PKR,0.03994106432380284,3.619201759711632,60
circ_01698,TLR7/8,0.02998435603438681,6.373808626321629,76
circ_01699,JAK-STAT,0.010622048985517121,1.4309985620118073,7
circ_01700,NF-κB,0.12452849049804926,0.6628903821598081,28
circ_01701,JAK-STAT,0.04051939358896782,8.788136792222833,48
circ_01702,NF-κB,0.03894814221775887,3.7823601316598774,61
circ_01703,PKR,0.16143251497975025,1.341453621856333,92
circ_01704,NF-κB,0.046982720631171405,3.0373139824595836,48
circ_01705,cGAS-STING,0.03419452856778969,4.955956033609202,29
circ_01706,MDA5,0.2711478314710233,0.6485344804896995,55
circ_01707,cGAS-STING,0.03981360803227251,6.482054933965153,9
circ_01708,TLR7/8,0.03286487346452526,8.941633481426186,36
circ_01709,TLR7/8,0.4705465827923133,1.3192852149322767,54
circ_01710,PKR,0.4083997726106686,1.2615206771351177,28
circ_01711,NF-κB,0.22026260960424518,0.6277599621818581,59
circ_01712,JAK-STAT,0.012219460848732398,1.6426384783421346,12
circ_01713,TLR7/8,0.0015936961169328622,8.82703816810768,42
circ_01714,NF-κB,0.042925597620065946,2.185891301819318,44
circ_01715,TLR7/8,0.2611880183811197,1.2455491304896253,67
circ_01716,RIG-I,0.0418117928178173,2.329566767654371,47
circ_01717,JAK-STAT,0.4544099354730503,0.9567535118731059,68
circ_01718,RIG-I,0.2627196889651271,0.9179194134517287,14
circ_01719,TLR7/8,0.4153705309733743,1.4755776606352788,87
circ_01720,TLR7/8,0.03416276234673974,5.741708396129978,38
circ_01721,MDA5,0.03527633415255346,5.881131599869631,43
circ_01722,NF-κB,0.027642150074062823,9.67524687239774,6
circ_01723,PKR,0.3513692282299846,0.7426752117987743,47
circ_01724,NF-κB,0.010135002189025657,1.660401890924265,12
circ_01725,NF-κB,0.36436442519702095,1.202447318275492,28
circ_01726,JAK-STAT,0.02336335827422148,4.329395808604474,55
circ_01727,cGAS-STING,0.23909965557371293,1.4456733235307935,33
circ_01728,PKR,0.021711484255957442,1.03692563934889,22
circ_01729,NF-κB,0.3044838461398931,1.4416162389258802,98
circ_01730,RIG-I,0.047149653911676616,3.8598174917389336,70
circ_01731,TLR7/8,0.32505447295285883,1.0786070218391506,58
circ_01732,NF-κB,0.3911775643254374,1.0169295827944769,80
circ_01733,TLR7/8,0.21224308694900096,0.7216280401361614,31
circ_01734,TLR7/8,0.01928800848600889,8.08778185285352,28
circ_01735,cGAS-STING,0.0036085746800355663,2.910383558352131,64
circ_01736,PKR,0.025792275688188017,5.945586618142869,34
circ_01737,TLR7/8,0.39243439964972926,0.9110208560956456,71
circ_01738,NF-κB,0.02339194424845862,2.1873925806051377,55
circ_01739,cGAS-STING,0.02809502880835921,5.372025650580454,23
circ_01740,MDA5,0.13889790440678446,0.9273837573841558,96
circ_01741,MDA5,0.002518800535484352,1.9739952438979518,44
circ_01742,RIG-I,0.2991226177409661,0.8815794515538455,32
circ_01743,TLR7/8,0.1433768388476392,0.5535843132543865,63
circ_01744,RIG-I,0.04121133995855048,4.902016532303949,75
circ_01745,PKR,0.014643901029537821,6.502394196091887,9
circ_01746,cGAS-STING,0.02545267354526804,2.07473925097915,76
circ_01747,RIG-I,0.4956762438555794,1.101476374030232,16
circ_01748,TLR7/8,0.2778170083806165,1.312426835168214,93
circ_01749,NF-κB,0.024264326229159337,2.5432033392588624,23
circ_01750,cGAS-STING,0.0413096445483864,9.506720927784015,69
circ_01751,PKR,0.204294154279682,0.9818798832137902,60
circ_01752,cGAS-STING,0.007143346797368885,7.359202618960783,74
circ_01753,TLR7/8,0.11020157622157889,1.1243006406701448,58
circ_01754,cGAS-STING,0.42123763317366236,1.3465860633534668,15
circ_01755,TLR7/8,0.4665701352554916,0.9026787803464726,84
circ_01756,JAK-STAT,0.30029047363105466,0.8879772021322311,97
circ_01757,TLR7/8,0.029385775724187636,1.9770222002309452,67
circ_01758,PKR,0.013525702826581207,5.968232362923389,7
circ_01759,TLR7/8,0.33758312980059924,0.809186998516994,51
circ_01760,cGAS-STING,0.025311212895325546,2.378745591882822,31
circ_01761,MDA5,0.03820230053586669,3.1697924242206335,91
circ_01762,JAK-STAT,0.44115041946754907,0.8194690066255802,68
circ_01763,PKR,0.02869243767157725,9.453923317289565,52
circ_01764,JAK-STAT,0.04670611751402851,4.938911575697601,94
circ_01765,cGAS-STING,0.046019195697772304,6.207023637922114,14
circ_01766,RIG-I,0.011470043243651938,6.185935185719906,43
circ_01767,NF-κB,0.022534752012647274,5.823873660876667,36
circ_01768,MDA5,0.006839387747550087,8.899322792134004,68
circ_01769,MDA5,0.02508242711435343,3.9987285478887316,11
circ_01770,cGAS-STING,0.046108154780388336,8.176511519650575,85
circ_01771,RIG-I,0.013504666976087602,2.65094077840986,92
circ_01772,PKR,0.021605695355676323,4.132990121169598,22
circ_01773,TLR7/8,0.48132343976920366,0.9811034843052138,62
circ_01774,JAK-STAT,0.047036501189661045,2.3020856548195088,80
circ_01775,JAK-STAT,0.48609430103893914,0.9695308282562287,73
circ_01776,TLR7/8,0.012918038752506272,9.862893902609112,55
circ_01777,cGAS-STING,0.04735338501949257,7.599096432612523,60
circ_01778,TLR7/8,0.18375212911095035,1.2017454058542425,50
circ_01779,TLR7/8,0.37972158443126036,0.8574103242076083,30
circ_01780,JAK-STAT,0.02999959591017996,9.188746929393666,5
circ_01781,TLR7/8,0.4891170384309632,0.5703133135050928,82
circ_01782,cGAS-STING,0.03544035842627984,2.0736120605364334,82
circ_01783,NF-κB,0.3240430916459982,1.3507387503808554,28
circ_01784,RIG-I,0.048313267272339505,3.041312427985996,20
circ_01785,JAK-STAT,0.01740153897901871,1.5997630639134193,81
circ_01786,PKR,0.019534088182835953,2.0842961524737986,90
circ_01787,TLR7/8,0.02473457690740656,7.650381220528317,45
circ_01788,MDA5,0.032574182456110976,3.1325286409873585,69
circ_01789,cGAS-STING,0.015520327241056623,6.320004695708073,95
circ_01790,cGAS-STING,0.021180877581273714,1.906640911317373,35
circ_01791,MDA5,0.1455356733429016,0.9779070240459534,85
circ_01792,NF-κB,0.013802511192235096,2.3151676136422386,42
circ_01793,RIG-I,0.47430347193859257,1.2399709947961628,27
circ_01794,RIG-I,0.19391968617660937,0.5163283803189064,16
circ_01795,MDA5,0.005137655950607097,9.671774961656494,62
circ_01796,JAK-STAT,0.04268698425267467,8.39510557708182,60
circ_01797,cGAS-STING,0.02250268241985232,9.789059723961028,15
circ_01798,JAK-STAT,0.004461602961707853,3.2965825327298983,74
circ_01799,PKR,0.011231689421927493,3.653285684077595,31
circ_01800,PKR,0.4435934898311674,1.419447258894893,15
circ_01801,TLR7/8,0.4214696255716248,1.4978644929692915,60
circ_01802,TLR7/8,0.14658893687217886,1.3036369291891616,77
circ_01803,RIG-I,0.012002472864377355,8.096532995383885,74
circ_01804,cGAS-STING,0.1925016501114808,1.235952912206491,98
circ_01805,cGAS-STING,0.009877671212674934,8.026805907019545,94
circ_01806,cGAS-STING,0.0018675609438270077,3.8120470231771098,95
circ_01807,NF-κB,0.009172472326610684,6.753550294057835,40
circ_01808,cGAS-STING,0.4944254185704656,1.389700055592814,55
circ_01809,MDA5,0.03683511354438817,2.4658785657586084,70
circ_01810,JAK-STAT,0.007560446091936541,7.88859470495865,75
circ_01811,RIG-I,0.020942510333045828,8.437653834277274,69
circ_01812,MDA5,0.03158981732789277,6.381377156957943,12
circ_01813,PKR,0.4097932456482424,1.4499176560292848,73
circ_01814,TLR7/8,0.4490181794626522,0.9453993713280192,49
circ_01815,JAK-STAT,0.42560853809262833,0.515949202896249,47
circ_01816,NF-κB,0.04676494350943249,4.638581091125982,7
circ_01817,RIG-I,0.014429685551759129,9.332429595730545,10
circ_01818,PKR,0.3039390849773563,1.3372364751220778,39
circ_01819,TLR7/8,0.008814436093120631,6.652054644032883,49
circ_01820,TLR7/8,0.11344709554598574,1.207550012866556,54
circ_01821,RIG-I,0.42722699575688405,1.0848188915189492,11
circ_01822,cGAS-STING,0.03150335398690043,3.869887240548378,10
circ_01823,NF-κB,0.03529943649908002,4.26368564006491,18
circ_01824,TLR7/8,0.47588092028816875,0.9061197579614013,86
circ_01825,JAK-STAT,0.37427668676031034,0.766213293226933,49
circ_01826,RIG-I,0.18039885288867358,1.3908016432764485,91
circ_01827,RIG-I,0.023276029986366995,7.739558655125577,62
circ_01828,PKR,0.04087767081037668,6.671543608575208,70
circ_01829,JAK-STAT,0.0061273326164202595,4.920248339748162,58
circ_01830,RIG-I,0.38302974885075136,0.7262865563093853,64
circ_01831,MDA5,0.01786726222087771,3.201365831902391,90
circ_01832,TLR7/8,0.04940066266201067,2.91841037584407,94
circ_01833,cGAS-STING,0.10169671705258475,0.6387955580604162,16
circ_01834,JAK-STAT,0.012390963446818833,4.190532479857543,15
circ_01835,PKR,0.22199914248616667,0.579090764283173,69
circ_01836,PKR,0.020498969115828408,6.441540297048926,27
circ_01837,cGAS-STING,0.11693099108259011,0.9348865117308323,29
circ_01838,JAK-STAT,0.023812058400187783,2.0221401422740923,98
circ_01839,TLR7/8,0.10745728473554667,1.261109442490065,26
circ_01840,RIG-I,0.4367922733031563,0.967799292085026,71
circ_01841,NF-κB,0.006373114679887587,1.252790705619802,50
circ_01842,cGAS-STING,0.1191503156126891,0.955854374346589,49
circ_01843,MDA5,0.009301081153215863,4.236779866493608,82
circ_01844,MDA5,0.26030286934875724,0.7814055286900382,43
circ_01845,MDA5,0.11320991187497031,1.0340404030302708,81
circ_01846,RIG-I,0.005771337497861563,9.036391836028402,14
circ_01847,TLR7/8,0.2550760001286291,1.2080198945248197,54
circ_01848,NF-κB,0.30212589071732165,1.4034187572346766,5
circ_01849,JAK-STAT,0.03662281303652735,2.2850986273866076,79
circ_01850,TLR7/8,0.38256125325609036,1.2906499966415454,45
circ_01851,cGAS-STING,0.030555811376864087,5.928078321273395,31
circ_01852,MDA5,0.3729637357041765,0.7971118841727306,62
circ_01853,TLR7/8,0.13562146794445296,1.137856747842021,69
circ_01854,cGAS-STING,0.030676115538167736,6.250361737995937,58
circ_01855,MDA5,0.0122997505735335,4.583201021660977,25
circ_01856,RIG-I,0.03799639797579513,5.065655591823644,29
circ_01857,NF-κB,0.27179387985422976,0.7499211994348394,87
circ_01858,TLR7/8,0.04189484781517721,8.213971597287598,78
circ_01859,RIG-I,0.30388362269608815,1.49436035799935,15
circ_01860,NF-κB,0.39252377094635205,0.9686530500384283,82
circ_01861,cGAS-STING,0.37879407637388307,0.5150897910404504,62
circ_01862,PKR,0.027841919104362144,8.646064402564278,5
circ_01863,PKR,0.4919246111923169,1.4498326369415317,52
circ_01864,cGAS-STING,0.004901077039726192,4.904157286481443,54
circ_01865,RIG-I,0.43978803311004677,1.4746812474518518,98
circ_01866,MDA5,0.04952924828952513,2.236378912659006,33
circ_01867,JAK-STAT,0.03657884572429207,3.2027412916316678,19
circ_01868,cGAS-STING,0.2949260890448056,1.3020571870663682,69
circ_01869,TLR7/8,0.3877643731167376,1.3043885452438873,30
circ_01870,cGAS-STING,0.017580949950996554,9.272492633170163,43
circ_01871,NF-κB,0.024073279286785314,3.2279016676382417,79
circ_01872,PKR,0.013888646285124585,4.76137941928054,17
circ_01873,TLR7/8,0.019927283810838112,7.012464601470067,54
circ_01874,PKR,0.04892692515455481,7.028078802431306,40
circ_01875,TLR7/8,0.22354777666115108,0.5775115833131402,27
circ_01876,RIG-I,0.030204688796236872,4.549245043662012,29
circ_01877,TLR7/8,0.04200680561818882,5.40528842215317,72
circ_01878,JAK-STAT,0.027510825381871034,4.615546885836594,14
circ_01879,MDA5,0.4034747700207909,1.395787370175037,71
circ_01880,PKR,0.4421106430723416,1.0867398186240602,35
circ_01881,PKR,0.3369168363772048,1.0005454694082045,35
circ_01882,RIG-I,0.34512659106373955,1.4656711088686034,77
circ_01883,PKR,0.017107756997983163,6.903536748148531,75
circ_01884,MDA5,0.01918334916961297,8.050361399754042,61
circ_01885,NF-κB,0.4405208587311321,1.1128419924308095,21
circ_01886,PKR,0.1408111745930758,0.9525933248938167,26
circ_01887,JAK-STAT,0.14676443568287284,1.4559597402789175,97
circ_01888,PKR,0.04692552816577826,6.1935281702960925,59
circ_01889,RIG-I,0.4844522065312903,0.7487403151994306,79
circ_01890,TLR7/8,0.28392934441650197,0.9353146726548727,29
circ_01891,TLR7/8,0.41925177167716676,1.092967816793882,24
circ_01892,JAK-STAT,0.15865723382354346,1.1724284800695532,31
circ_01893,NF-κB,0.3392063476470982,0.9219613979186732,83
circ_01894,RIG-I,0.16554070139935845,0.8885940720182077,25
circ_01895,NF-κB,0.012016075039573065,9.925404019046116,61
circ_01896,PKR,0.026441917764886993,5.908099907882672,19
circ_01897,PKR,0.049080928489304725,3.6357844201227794,9
circ_01898,TLR7/8,0.0032732212398354056,3.9687714734277773,71
circ_01899,cGAS-STING,0.034313504692565173,2.8570894179817583,71
circ_01900,NF-κB,0.1457899467047272,0.8579737387150099,72
circ_01901,NF-κB,0.41713736870586804,1.449083560577395,77
circ_01902,cGAS-STING,0.017465947086938785,1.6380799673570512,83
circ_01903,TLR7/8,0.42562521680080556,1.3810108555447673,70
circ_01904,NF-κB,0.0025884351621279114,7.564127133349069,95
circ_01905,MDA5,0.45150742690498413,0.6714385787805143,12
circ_01906,TLR7/8,0.018803472700106315,6.278583505753546,11
circ_01907,MDA5,0.21119558410345138,0.9464210762806261,29
circ_01908,PKR,0.14698093321701725,0.9048700216622959,45
circ_01909,JAK-STAT,0.01064624371244799,9.399298609257112,78
circ_01910,MDA5,0.02983722164650601,2.0526162563675205,36
circ_01911,cGAS-STING,0.015537887068702735,2.617881657985926,95
circ_01912,TLR7/8,0.10274903073574038,0.6247276635563811,10
circ_01913,RIG-I,0.29842236134286093,1.3749514207349591,88
circ_01914,NF-κB,0.003409678393503606,9.893730402966861,40
circ_01915,JAK-STAT,0.016329370187022536,1.2428097559880453,89
circ_01916,PKR,0.008332002069224841,1.6176462630138242,58
circ_01917,RIG-I,0.019476522565312196,1.5061455375881605,52
circ_01918,NF-κB,0.3032648476156313,0.8011035352825795,46
circ_01919,NF-κB,0.17153298320954308,0.5403540358926996,68
circ_01920,PKR,0.018819547092018243,8.851649620367553,97
circ_01921,NF-κB,0.1545213182333466,1.0346792802788083,67
circ_01922,TLR7/8,0.048410261123190704,5.6457573576077715,7
circ_01923,PKR,0.208851253386983,0.5387301185329095,7
circ_01924,MDA5,0.048161302168398736,3.697850070616605,93
circ_01925,cGAS-STING,0.10105044122502749,0.6843342001866559,37
circ_01926,cGAS-STING,0.03573286667215183,6.480684218675534,23
circ_01927,JAK-STAT,0.38044499175963387,1.3331537406856442,53
circ_01928,TLR7/8,0.2690995412933613,1.063294068690964,63
circ_01929,TLR7/8,0.047551554746580724,6.643065891255984,54
circ_01930,JAK-STAT,0.007421525378173952,5.344594157354525,45
circ_01931,cGAS-STING,0.4211679016717097,0.7408232578843722,75
circ_01932,MDA5,0.011834831893645977,1.320474797625532,85
circ_01933,RIG-I,0.3731931457098908,0.6252157126843292,80
circ_01934,TLR7/8,0.02261782955506257,2.630961529612132,64
circ_01935,cGAS-STING,0.04582102685358942,8.918617253155482,94
circ_01936,MDA5,0.019177877389205,4.1698353423803685,67
circ_01937,MDA5,0.03826307725542192,3.0784355588044336,64
circ_01938,TLR7/8,0.03810712018035139,9.880917447336174,42
circ_01939,TLR7/8,0.004511318628271095,6.348188403545768,20
circ_01940,MDA5,0.028060642818605076,3.759045250505611,59
circ_01941,RIG-I,0.04321846131281805,2.6365269980824353,19
circ_01942,MDA5,0.03461038785441363,5.758048732021135,95
circ_01943,JAK-STAT,0.027830694382220952,5.3834758341118505,15
circ_01944,MDA5,0.4954715644947466,0.6399454855790306,90
circ_01945,cGAS-STING,0.3706104105825685,0.6448804444444152,85
circ_01946,TLR7/8,0.015530400237843713,6.739100436375135,26
circ_01947,MDA5,0.2489104895297763,0.666297033104216,15
circ_01948,TLR7/8,0.045888897544129,1.8493056612641638,86
circ_01949,MDA5,0.43618346361056326,0.8996994892053595,67
circ_01950,RIG-I,0.20447911447287082,1.1867321249030915,17
circ_01951,RIG-I,0.04102317206199887,3.2685632004088676,77
circ_01952,NF-κB,0.025928012198197785,1.5689094790337927,52
circ_01953,PKR,0.04072448859501963,2.1878252370737825,55
circ_01954,PKR,0.04391161262361284,5.616006209273565,7
circ_01955,MDA5,0.2748075158447596,1.0632211128464983,44
circ_01956,JAK-STAT,0.48742423065502594,0.7894367218566833,53
circ_01957,NF-κB,0.006909192209256863,9.805722407538047,79
circ_01958,RIG-I,0.042943085062015454,5.021085844227041,30
circ_01959,JAK-STAT,0.036111000886206966,7.661434368202701,19
circ_01960,RIG-I,0.44532574572434724,0.5556368753739372,91
circ_01961,PKR,0.45163418380514353,1.2212351102791241,5
circ_01962,NF-κB,0.01963362022587483,9.744564400279096,21
circ_01963,NF-κB,0.041081681638249205,7.272461246532476,7
circ_01964,NF-κB,0.0095012948084395,9.867457814826032,46
circ_01965,RIG-I,0.014952487771041974,8.789378253203097,98
circ_01966,RIG-I,0.28981726855766843,0.9948493682756808,28
circ_01967,cGAS-STING,0.0022176062545441484,5.69540888840632,43
circ_01968,PKR,0.008985294973782088,7.885070905547929,29
circ_01969,PKR,0.04233156087362118,3.878811991080245,32
circ_01970,cGAS-STING,0.47066241229871375,1.1414353858129145,29
circ_01971,MDA5,0.3827009124326295,0.7486541527243297,99
circ_01972,TLR7/8,0.012964725048910185,7.043394260424039,78
circ_01973,MDA5,0.4704922384664255,0.7636520033580841,13
circ_01974,JAK-STAT,0.3715145139787851,1.4119769026975941,97
circ_01975,TLR7/8,0.39528465789625644,0.6158293773063511,65
circ_01976,MDA5,0.4925057839814593,1.0429347960530806,15
circ_01977,MDA5,0.19797197440043857,1.3832256754327568,57
circ_01978,RIG-I,0.15743396948041963,0.8076127423284949,57
circ_01979,JAK-STAT,0.010728021701983257,2.8145368973083036,65
circ_01980,JAK-STAT,0.030490791756907595,6.27656704281124,7
circ_01981,JAK-STAT,0.16241594916887203,1.315311814171671,41
circ_01982,cGAS-STING,0.048750121916687233,1.1613762977725235,71
circ_01983,RIG-I,0.0180023055099468,5.470763343724744,12
circ_01984,NF-κB,0.4228371915753891,1.3016664536036915,29
circ_01985,PKR,0.2604756290608508,1.2402018327088489,71
circ_01986,PKR,0.03049464346174573,1.3038140130198053,12
circ_01987,NF-κB,0.04937136122344862,5.017265574903204,32
circ_01988,JAK-STAT,0.02516870584575767,5.253872868426667,13
circ_01989,JAK-STAT,0.10715093869184256,0.6285118524721979,46
circ_01990,MDA5,0.2434936637862621,0.508297858257621,87
circ_01991,NF-κB,0.03193831237216041,9.539511922637544,20
circ_01992,NF-κB,0.027214361272027986,8.97987809470233,93
circ_01993,PKR,0.03484747986877204,3.2567473241740013,53
circ_01994,PKR,0.006949703071015077,3.406271841015335,36
circ_01995,TLR7/8,0.45374304707229507,1.0838265178023465,19
circ_01996,cGAS-STING,0.0026079565030724438,3.7225596245922086,75
circ_01997,JAK-STAT,0.040340071629009634,9.339883210858938,95
circ_01998,RIG-I,0.4821187967724343,1.1483205015897964,5
circ_01999,NF-κB,0.032418902711706644,7.353018836688692,38
