circrna_id,cell_type,expression_mean,detection_rate
circ_00000,CD4+ T cells,6.853187697104169,0.7763588845559907
circ_00001,Dendritic cells,0.46645515541290816,0.8782407004899142
circ_00002,CD8+ T cells,7.306395975170049,0.8443895327748943
circ_00003,Macrophages,0.47810887301902527,0.19097859072348122
circ_00004,Macrophages,7.371125904047011,0.5911952029496785
circ_00005,Macrophages,9.760226536540372,0.289925153350166
circ_00006,Dendritic cells,8.413214287266275,0.16401633562983486
circ_00007,Macrophages,3.094267374666156,0.8699993988368901
circ_00008,CD8+ T cells,6.36057052784288,0.8475323223622998
circ_00009,CD8+ T cells,4.0876946237644285,0.5213150051461839
circ_00010,B cells,9.887496848989505,0.7340816863963766
circ_00011,B cells,6.1826117366919,0.49246956265981123
circ_00012,CD8+ T cells,0.5728495681567269,0.8954465417329764
circ_00013,B cells,3.9448088365191203,0.1303815474781834
circ_00014,Macrophages,3.6632717283527105,0.3877305602393081
circ_00015,CD4+ T cells,8.887068323288297,0.29566667892078097
circ_00016,Dendritic cells,2.521617703294953,0.9634414023796394
circ_00017,Macrophages,2.4859828572551788,0.5629051283162869
circ_00018,CD8+ T cells,9.585897721056448,0.6063512503350337
circ_00019,CD4+ T cells,5.31992003258572,0.20676755598746918
circ_00020,CD4+ T cells,5.754334323432934,0.6627778141727038
circ_00021,NK cells,8.674069569596124,0.8632042842909695
circ_00022,Macrophages,1.9463245437832388,0.6584616002740734
circ_00023,CD4+ T cells,7.997831686123917,0.7454455915244222
circ_00024,CD8+ T cells,8.05643484559966,0.91186119898824
circ_00025,CD8+ T cells,0.9051392975355865,0.6851754950366078
circ_00026,CD4+ T cells,6.517675048761209,0.19472782296308205
circ_00027,B cells,1.8604136344587952,0.9432367302203326
circ_00028,B cells,1.3190129381776827,0.26994415650279646
circ_00029,Macrophages,4.903683557709994,0.6627059841010039
circ_00030,NK cells,0.7200906275566954,0.507889820948943
circ_00031,Macrophages,3.1948244886963795,0.7611805686693365
circ_00032,Macrophages,9.448582093787532,0.29849116151258914
circ_00033,CD8+ T cells,1.1517704055795375,0.4174804820124006
circ_00034,Macrophages,2.741707126676828,0.10887283018658656
circ_00035,Dendritic cells,3.89327033509553,0.487708201397721
circ_00036,Dendritic cells,3.038082264903484,0.40834079777869114
circ_00037,CD4+ T cells,2.7517650639007996,0.514114697643461
circ_00038,Dendritic cells,2.697793640293945,0.6202810275254932
circ_00039,CD4+ T cells,0.07380019374794822,0.4182904803832047
circ_00040,Macrophages,7.709253132673206,0.6658052072959952
circ_00041,CD8+ T cells,4.805849019178493,0.3719640143366888
circ_00042,CD4+ T cells,6.057935881130044,0.7156211251239921
circ_00043,CD4+ T cells,7.029025391250273,0.4037528118763908
circ_00044,CD4+ T cells,9.237574985342796,0.49699277060222014
circ_00045,NK cells,5.761312236144006,0.9698711327970077
circ_00046,Macrophages,0.3992442867064916,0.9053147758463729
circ_00047,Macrophages,3.1118224818792406,0.4913899099088249
circ_00048,Dendritic cells,8.915937445088622,0.6098182966936894
circ_00049,Dendritic cells,7.707774820759214,0.4589107646117815
circ_00050,NK cells,1.6939888228087008,0.9832906017396501
circ_00051,CD4+ T cells,0.005258729483966773,0.746690395678773
circ_00052,CD8+ T cells,0.5491854584256683,0.7577909679686715
circ_00053,Dendritic cells,7.328779031449897,0.19160986844620678
circ_00054,Dendritic cells,7.5570182690549075,0.8135286126021463
circ_00055,CD4+ T cells,6.752183834636146,0.29890043645094877
circ_00056,B cells,0.11404484191053665,0.15256546745174945
circ_00057,CD8+ T cells,5.842274468211089,0.30675009058258496
circ_00058,NK cells,1.541505641840808,0.19698323436539028
circ_00059,CD8+ T cells,1.637734522647023,0.28916951710128547
circ_00060,Dendritic cells,3.932687675571793,0.8050926032380092
circ_00061,CD4+ T cells,1.5422498867725998,0.6060215242048654
circ_00062,Macrophages,5.368290674119668,0.5061140733028877
circ_00063,NK cells,0.4020169222602965,0.9185588868667232
circ_00064,NK cells,1.4197861935996026,0.8172818780985259
circ_00065,B cells,3.6069850609926313,0.9812386896628157
circ_00066,Macrophages,9.672539183319076,0.35762137352316536
circ_00067,CD4+ T cells,0.027732807590931108,0.6611943722902339
circ_00068,Macrophages,8.035982469288559,0.9899750902360562
circ_00069,NK cells,8.019607806099554,0.10063111871989455
circ_00070,CD4+ T cells,0.2263651219267382,0.13161875329067185
circ_00071,NK cells,9.481937745866842,0.42533233961275074
circ_00072,Macrophages,9.094953599470173,0.4468611023980027
circ_00073,NK cells,0.6641226241901099,0.696589902898618
circ_00074,CD8+ T cells,1.2243553829317821,0.9556299352312523
circ_00075,CD8+ T cells,3.285572076822365,0.25588969255698246
circ_00076,NK cells,8.043967550344979,0.9153405785494019
circ_00077,CD4+ T cells,8.758518888205213,0.3770151618164731
circ_00078,CD4+ T cells,7.8600617667786645,0.35106677173984935
circ_00079,CD4+ T cells,4.316436805558915,0.6993590318293716
circ_00080,CD4+ T cells,3.429740546671194,0.7170690755564215
circ_00081,Macrophages,6.408470527219689,0.4526136137916982
circ_00082,Dendritic cells,2.502187400779843,0.8152729937062
circ_00083,B cells,8.874487929167708,0.3974218552999126
circ_00084,Dendritic cells,4.338344983376182,0.9019962909068002
circ_00085,Macrophages,0.0046593392920035726,0.7179889870443955
circ_00086,NK cells,2.082083065580067,0.5065494633344142
circ_00087,NK cells,0.6492810031909124,0.18281257368470621
circ_00088,Macrophages,1.250915800613539,0.5018041562190444
circ_00089,Dendritic cells,3.7136502008883987,0.21224302203358478
circ_00090,Macrophages,9.231469683265392,0.5886569741255452
circ_00091,CD8+ T cells,8.405525816654931,0.5449647086801154
circ_00092,Dendritic cells,6.710997068338672,0.5436561504189593
circ_00093,Dendritic cells,0.38322808827910393,0.6097815510398716
circ_00094,NK cells,3.32139637329274,0.47342465463292127
circ_00095,NK cells,3.913407452946304,0.9280667677108846
circ_00096,Macrophages,8.013462471552256,0.9902828002110708
circ_00097,CD8+ T cells,8.154809211094395,0.8854903030791587
circ_00098,Macrophages,4.664490890414532,0.13363259033291686
circ_00099,Dendritic cells,9.84404541204297,0.11381419678488276
circ_00100,Dendritic cells,5.82142536366001,0.5129418092772503
circ_00101,Dendritic cells,7.629118608566419,0.33357253340756166
circ_00102,CD8+ T cells,5.318727113252883,0.6482803370702064
circ_00103,Dendritic cells,8.828123722486342,0.4101289585608432
circ_00104,CD8+ T cells,4.887306583160662,0.8344138833422474
circ_00105,CD8+ T cells,1.1753396850179865,0.3658982138888306
circ_00106,CD4+ T cells,3.446396580856793,0.838036493303924
circ_00107,B cells,1.2124464201078256,0.5465815255898908
circ_00108,B cells,7.9879141039090165,0.9942334426435776
circ_00109,Macrophages,7.032405398312678,0.5790498041288444
circ_00110,Macrophages,8.87300405743748,0.33970966551674886
circ_00111,CD8+ T cells,0.7249881659940249,0.3897214104359198
circ_00112,CD4+ T cells,1.5294334973397827,0.26268004330215916
circ_00113,B cells,9.051540812425717,0.36817940139181904
circ_00114,B cells,4.716372838380861,0.2147497860669465
circ_00115,CD8+ T cells,0.4700821533430788,0.446776465627139
circ_00116,CD4+ T cells,2.0950847268435577,0.43306719671933
circ_00117,CD8+ T cells,9.078203266861562,0.2943420864041216
circ_00118,CD8+ T cells,5.10124803209414,0.2564888059077837
circ_00119,B cells,9.958320299898428,0.8390315201213404
circ_00120,CD8+ T cells,1.2160556889649654,0.3207110525661806
circ_00121,Macrophages,3.56771005422814,0.28253880450314384
circ_00122,CD8+ T cells,7.28707357539136,0.48566958949738226
circ_00123,B cells,7.366379291063546,0.5631074862848462
circ_00124,CD4+ T cells,5.624844607618687,0.5586830283588833
circ_00125,Macrophages,3.6412726909735085,0.22959621877297834
circ_00126,CD4+ T cells,2.040240798149097,0.2229732350719304
circ_00127,Macrophages,7.354304600481621,0.1352284626780167
circ_00128,CD4+ T cells,4.196336527957194,0.2677639903412994
circ_00129,B cells,5.714716550526956,0.7949929486641207
circ_00130,B cells,4.837954947002238,0.4827591181911508
circ_00131,Macrophages,0.9434713099430247,0.8612448128036456
circ_00132,B cells,5.201481040627653,0.28928973549752646
circ_00133,CD8+ T cells,8.64075514148992,0.9297601270362325
circ_00134,CD8+ T cells,6.856217448033663,0.5960470916504417
circ_00135,CD8+ T cells,0.45232920866798754,0.4336676155861766
circ_00136,CD4+ T cells,9.613907661293489,0.8147855946131498
circ_00137,NK cells,0.23276358674744202,0.33069903821585916
circ_00138,CD8+ T cells,3.1233903748899428,0.7830441239988608
circ_00139,Macrophages,3.9982100562866862,0.5852258378607389
circ_00140,NK cells,1.1887559043652962,0.21520380162503377
circ_00141,NK cells,0.2000183364573216,0.1194520712618089
circ_00142,Macrophages,6.597182208484179,0.11711614799749948
circ_00143,CD8+ T cells,2.041243836218285,0.23193921658072922
circ_00144,Macrophages,4.4802697652467565,0.7007608780487318
circ_00145,Macrophages,3.5079217189228205,0.16756148557840006
circ_00146,CD4+ T cells,5.873725073663131,0.945838249755209
circ_00147,Macrophages,6.198034204492435,0.15545080128222444
circ_00148,Dendritic cells,2.340814717921692,0.7175904453031714
circ_00149,CD8+ T cells,0.5409861515114689,0.8652279713675111
circ_00150,CD4+ T cells,3.1701847096908353,0.12915054922142657
circ_00151,NK cells,8.67790122851205,0.7806053536939249
circ_00152,Dendritic cells,7.203144168736012,0.6282799921721863
circ_00153,B cells,7.706300229656209,0.8892773587263552
circ_00154,CD4+ T cells,1.9844345806877128,0.5849589130651321
circ_00155,NK cells,1.8579444651235766,0.3121251162817774
circ_00156,NK cells,5.1753557166482675,0.3254902323071701
circ_00157,NK cells,8.88994519696254,0.5787003132787059
circ_00158,NK cells,6.644698325961043,0.4831160134767799
circ_00159,CD8+ T cells,2.8499673108229597,0.6826291391135569
circ_00160,CD8+ T cells,3.765523511757527,0.6179073670167298
circ_00161,Macrophages,9.38208948345267,0.780229712442334
circ_00162,Dendritic cells,3.152901608104024,0.5278848447342172
circ_00163,CD4+ T cells,0.8728425562841191,0.5592843247886373
circ_00164,B cells,2.7478293395124966,0.2777935659209204
circ_00165,Macrophages,4.423348005804158,0.3799866222718107
circ_00166,Dendritic cells,5.969981298779615,0.3350643363238893
circ_00167,Macrophages,1.5115700621515737,0.17209950947688352
circ_00168,CD8+ T cells,7.597157476436256,0.36451541044409486
circ_00169,CD8+ T cells,5.906511005747575,0.5684764421307744
circ_00170,CD8+ T cells,2.9066039447051795,0.9862759962092759
circ_00171,CD8+ T cells,6.741290533175087,0.7436547988217295
circ_00172,NK cells,0.8260879938167209,0.597278469676783
circ_00173,B cells,2.4734119123331966,0.9876222589111008
circ_00174,CD8+ T cells,7.330566169840661,0.6947484518720932
circ_00175,CD8+ T cells,8.978667711447796,0.36501253010676804
circ_00176,Macrophages,2.9355767989039796,0.23192374820234005
circ_00177,CD8+ T cells,8.687746295857213,0.6834114410156201
circ_00178,CD8+ T cells,7.684676157781681,0.8613992197984776
circ_00179,Dendritic cells,2.527246651219736,0.43101783835219576
circ_00180,Macrophages,3.600067847852959,0.32821531895613343
circ_00181,CD8+ T cells,3.5289348161782073,0.48944357792657733
circ_00182,CD8+ T cells,6.877280123728554,0.44558499405302
circ_00183,CD4+ T cells,2.643234290219042,0.38151877922777533
circ_00184,CD4+ T cells,1.0421402146351078,0.2788127476610013
circ_00185,B cells,3.424106875692743,0.677960519164325
circ_00186,CD8+ T cells,0.5428469138140779,0.8427844598216975
circ_00187,CD8+ T cells,8.327064089712017,0.8044749479310913
circ_00188,Macrophages,3.7558561386676645,0.5585060488306194
circ_00189,B cells,5.483041531365439,0.20465673291201497
circ_00190,NK cells,7.696084770834807,0.3372774557954952
circ_00191,Dendritic cells,0.21217469905892683,0.7890093834470322
circ_00192,CD4+ T cells,5.736425567920005,0.7049493053935656
circ_00193,CD4+ T cells,1.8434870544439497,0.9754639874712284
circ_00194,Macrophages,1.8464049659094839,0.7934135662268278
circ_00195,B cells,1.4244024994556004,0.8977877882523667
circ_00196,NK cells,5.95857137789808,0.5334739263249111
circ_00197,NK cells,1.471223933995669,0.6133950992331736
circ_00198,Dendritic cells,5.929361765843226,0.1942864436854152
circ_00199,Dendritic cells,4.532323431839983,0.14947746556014493
circ_00200,B cells,8.428778974130225,0.23209685700541133
circ_00201,NK cells,5.105946281008993,0.6114555765796968
circ_00202,Dendritic cells,1.6666631610240146,0.2517653984939573
circ_00203,Dendritic cells,2.3431573123062455,0.39111706174368766
circ_00204,Macrophages,3.6626510218390473,0.7876467692116924
circ_00205,B cells,1.2374108398515804,0.30669805155974106
circ_00206,Dendritic cells,0.987215217684343,0.4557170175170234
circ_00207,CD4+ T cells,6.125560287203548,0.4244992515723516
circ_00208,NK cells,8.972060976396715,0.8269932892033541
circ_00209,CD8+ T cells,0.014108818920818278,0.7620084800720638
circ_00210,CD4+ T cells,1.488192194733352,0.742750927009865
circ_00211,CD4+ T cells,4.189769367235023,0.9866738587000419
circ_00212,CD4+ T cells,4.458830707733474,0.29070536642069283
circ_00213,Dendritic cells,4.191291599184935,0.8542728464645373
circ_00214,CD8+ T cells,9.97132838663698,0.40481074056988375
circ_00215,NK cells,8.958261044234803,0.5559603750049151
circ_00216,CD4+ T cells,7.3758439664634246,0.4172359385621549
circ_00217,CD8+ T cells,9.623735880093367,0.7927537089126461
circ_00218,CD8+ T cells,3.554572346580578,0.5636355136996913
circ_00219,CD8+ T cells,9.38179601848484,0.6900579641981107
circ_00220,CD8+ T cells,4.260697805242765,0.46522283388255825
circ_00221,Dendritic cells,4.3996402717060725,0.13518758651577475
circ_00222,Macrophages,3.858729567994774,0.24587113805147276
circ_00223,Dendritic cells,0.18769776043116027,0.2218818033656814
circ_00224,NK cells,8.882378736663703,0.9217375985128762
circ_00225,CD8+ T cells,8.923580961259992,0.7523779768156929
circ_00226,NK cells,5.857480230490497,0.45855508673057144
circ_00227,Dendritic cells,9.020831954873069,0.35804366889185224
circ_00228,CD4+ T cells,9.913204134969288,0.35491260017274806
circ_00229,CD8+ T cells,8.756406130170364,0.46539835180371514
circ_00230,Macrophages,5.3500190070265985,0.346894369102584
circ_00231,CD8+ T cells,9.142384771430574,0.8017845610887502
circ_00232,Macrophages,8.220130264910008,0.9114176675248429
circ_00233,B cells,5.606081966706692,0.6213347930705246
circ_00234,B cells,5.57256780429155,0.9547007828391456
circ_00235,CD8+ T cells,9.24863925037619,0.8036708590976707
circ_00236,B cells,3.714549493215056,0.22952831447708252
circ_00237,NK cells,5.98773294534956,0.8337099514148968
circ_00238,Dendritic cells,9.023540930920351,0.8271916445812683
circ_00239,NK cells,7.948694277234932,0.8803358388054928
circ_00240,B cells,5.1052896916182275,0.8903396356570457
circ_00241,NK cells,9.231120706317737,0.5649477407700155
circ_00242,CD8+ T cells,8.268312027192511,0.8387403543249966
circ_00243,Dendritic cells,8.500340019487249,0.14060010244792795
circ_00244,Dendritic cells,3.8957588143397084,0.6717000634160214
circ_00245,Dendritic cells,7.74537164641374,0.36781477951176456
circ_00246,B cells,9.655449767486541,0.6158134784185652
circ_00247,NK cells,8.514760779707236,0.4545654994209062
circ_00248,Macrophages,0.8766246467621341,0.891450929291805
circ_00249,CD4+ T cells,7.132714589927348,0.1966035008471556
circ_00250,CD8+ T cells,4.4273427191171235,0.6696113428066727
circ_00251,CD4+ T cells,8.714076434985516,0.22193191083361977
circ_00252,CD4+ T cells,9.393263311865084,0.10363793787917037
circ_00253,NK cells,8.302044941169097,0.6637787792810543
circ_00254,Dendritic cells,1.8607950007141838,0.7765485911272225
circ_00255,CD4+ T cells,7.034262695847476,0.6857691682368203
circ_00256,CD8+ T cells,9.802576805819191,0.3588209500913164
circ_00257,Dendritic cells,7.449862105577219,0.28283945915610753
circ_00258,Macrophages,4.529060065029692,0.549868613165833
circ_00259,NK cells,5.137308328680591,0.9202022012204871
circ_00260,Dendritic cells,1.6068745729863898,0.7357721689066979
circ_00261,CD8+ T cells,4.637939587720705,0.5496480333237836
circ_00262,B cells,2.6408520146278502,0.5228049533549142
circ_00263,B cells,9.686332665146987,0.8774052130055968
circ_00264,B cells,3.0191251968490174,0.43165141446234057
circ_00265,Macrophages,0.9273645894658233,0.20652331618566497
circ_00266,B cells,4.469732131789092,0.4486356602677124
circ_00267,Macrophages,8.428070406947912,0.977829975806453
circ_00268,B cells,2.3468290016020754,0.8706526438542346
circ_00269,Dendritic cells,8.918901331752394,0.6095764469795727
circ_00270,Macrophages,5.0699002206455805,0.9618835703387631
circ_00271,CD8+ T cells,3.386794377826574,0.8632996759152293
circ_00272,B cells,7.480550505362038,0.31386331244117505
circ_00273,B cells,9.247706652786956,0.3873040248412608
circ_00274,NK cells,6.628611801996877,0.17834579665305828
circ_00275,CD4+ T cells,6.246390534733173,0.9276282066798546
circ_00276,Dendritic cells,4.414777488494805,0.7301030620438824
circ_00277,Macrophages,6.628033387848566,0.4655244744378336
circ_00278,CD8+ T cells,5.7078520516775075,0.6325464650093349
circ_00279,CD4+ T cells,6.377521769949741,0.8502682389775597
circ_00280,CD8+ T cells,8.338772474078379,0.6265377425463917
circ_00281,B cells,9.244144594430715,0.3339849342614833
circ_00282,CD4+ T cells,7.873275685657508,0.25521252574038544
circ_00283,CD8+ T cells,4.601797139413804,0.3781099444253544
circ_00284,NK cells,5.837255707728888,0.23632325976502688
circ_00285,B cells,7.719833649189832,0.25985215976894344
circ_00286,Macrophages,0.41476840155757366,0.8909988193190398
circ_00287,B cells,3.6620242750174503,0.38025099161056397
circ_00288,Dendritic cells,1.4317556075685711,0.49129913406090886
circ_00289,Dendritic cells,0.3106420125145881,0.829201234462342
circ_00290,Dendritic cells,1.277169154915394,0.9948341008866589
circ_00291,CD8+ T cells,6.199467036893655,0.9752480353086714
circ_00292,CD4+ T cells,2.99828610010895,0.8699100284982113
circ_00293,Macrophages,3.9951421886781313,0.6178455092969475
circ_00294,B cells,4.578268664854486,0.12885224855660218
circ_00295,B cells,3.5377018445154054,0.821674297413559
circ_00296,Dendritic cells,0.7374936622586092,0.40613833166194857
circ_00297,Macrophages,4.932080288338754,0.7478831925973839
circ_00298,B cells,4.356781918306755,0.37675811675863
circ_00299,CD8+ T cells,1.505352491843045,0.8565292349513939
circ_00300,CD4+ T cells,9.928612109745377,0.10441592562541507
circ_00301,CD8+ T cells,8.464855412109642,0.46452882073919033
circ_00302,NK cells,4.785601009305898,0.25889600571724924
circ_00303,Macrophages,2.5023314453507997,0.36411790819788037
circ_00304,Dendritic cells,0.49462194350123445,0.9534437351538302
circ_00305,Macrophages,7.376209894432646,0.317422320558553
circ_00306,NK cells,5.121288580325784,0.734683166824694
circ_00307,B cells,6.6770114369571045,0.313016439305748
circ_00308,NK cells,6.852254543109328,0.36586755482451094
circ_00309,NK cells,6.285572179885678,0.2065273592292409
circ_00310,NK cells,0.06300980662605649,0.2195446731004121
circ_00311,NK cells,2.5766723062488603,0.5720811437532244
circ_00312,Dendritic cells,0.6349551380323837,0.3321747969697696
circ_00313,B cells,5.156961891903436,0.7345372835682609
circ_00314,CD4+ T cells,2.7847064105502906,0.1565162584126847
circ_00315,Dendritic cells,0.39917874299485456,0.3442945808541312
circ_00316,Dendritic cells,7.6291289582232675,0.7129760860451106
circ_00317,Macrophages,2.794245320243415,0.11449164694374929
circ_00318,Macrophages,9.767361740813573,0.904795556467658
circ_00319,CD4+ T cells,0.39014688489449,0.6944683800539563
circ_00320,NK cells,5.323108591163175,0.3307688557797921
circ_00321,B cells,2.8564448772089825,0.9257847474935493
circ_00322,Dendritic cells,3.2605468208959376,0.132657685175566
circ_00323,B cells,7.87915819207967,0.39311330289587576
circ_00324,B cells,9.15063806073361,0.5529191976734359
circ_00325,CD4+ T cells,1.6150968258179865,0.7589093296442158
circ_00326,Macrophages,4.625103858415779,0.9842855348591275
circ_00327,NK cells,0.345003800683894,0.21520879735050238
circ_00328,CD8+ T cells,0.9637009403231767,0.34843826057606153
circ_00329,CD4+ T cells,8.695963401349236,0.8706976006886039
circ_00330,NK cells,7.3439195289568495,0.126053256529816
circ_00331,CD8+ T cells,0.6033644865828913,0.6982458384586832
circ_00332,NK cells,0.49204617687371166,0.1465945856365045
circ_00333,CD8+ T cells,6.283825569799452,0.7516348867777348
circ_00334,Macrophages,1.4305992341489249,0.5461445691803463
circ_00335,NK cells,9.897121121380678,0.2250854450092092
circ_00336,Dendritic cells,4.1908703681008355,0.8697236726948636
circ_00337,CD4+ T cells,5.987373920356976,0.9999856123704172
circ_00338,Macrophages,5.006244876965255,0.6124981835054282
circ_00339,NK cells,1.7441841981288964,0.6318777251332929
circ_00340,B cells,8.044098846191414,0.6573584028425337
circ_00341,CD4+ T cells,8.33355627546104,0.44487572921341667
circ_00342,Dendritic cells,6.201879443726942,0.14359059374566924
circ_00343,CD4+ T cells,1.5187306047654558,0.6600751495349658
circ_00344,B cells,0.16273848172796646,0.27502668070743397
circ_00345,Macrophages,2.5631757314961288,0.599925138107382
circ_00346,Macrophages,8.08806508528818,0.6396079600898108
circ_00347,Macrophages,3.6985643812775217,0.3867346544730088
circ_00348,CD4+ T cells,0.8386732446045397,0.1352178081751704
circ_00349,CD8+ T cells,0.04727187978589065,0.9500941046686928
circ_00350,CD4+ T cells,7.950161513690478,0.23168941824278833
circ_00351,B cells,8.038455952285421,0.7195783684351981
circ_00352,B cells,4.9999549414752185,0.8050724797267446
circ_00353,CD4+ T cells,6.544606422394147,0.8368565677616103
circ_00354,Macrophages,4.654934991160413,0.4433405509349463
circ_00355,NK cells,9.838764002080762,0.9654458371327771
circ_00356,Macrophages,9.901040719969119,0.22862811575686626
circ_00357,Macrophages,2.275240629149853,0.7471197074852138
circ_00358,Dendritic cells,1.0730634762705882,0.9759660841507313
circ_00359,Dendritic cells,7.214858090230573,0.8770988792474427
circ_00360,Dendritic cells,9.833360161573129,0.6041677738950153
circ_00361,CD4+ T cells,5.550685379544521,0.8377628114821304
circ_00362,NK cells,4.123286137603114,0.36009731996139593
circ_00363,B cells,8.77695966619848,0.298470951140143
circ_00364,CD8+ T cells,6.516424803189236,0.14009503427574313
circ_00365,CD8+ T cells,1.5398570774487597,0.7644426528121845
circ_00366,CD8+ T cells,8.461025531758406,0.42036857165855424
circ_00367,CD8+ T cells,8.458431558241328,0.6281263865394766
circ_00368,Dendritic cells,3.3370198517492575,0.7814458183392474
circ_00369,B cells,2.4397193430708954,0.8161511115814619
circ_00370,Macrophages,1.6275160108465936,0.6795697231468383
circ_00371,NK cells,5.51480091508775,0.4728123354372258
circ_00372,NK cells,8.088724105165904,0.6780630586477734
circ_00373,Macrophages,5.183126119130308,0.5995452645157066
circ_00374,Dendritic cells,4.041975864117045,0.7820702588410978
circ_00375,NK cells,2.220980400439129,0.8988430688626774
circ_00376,CD8+ T cells,0.7738671497867688,0.5595581579963723
circ_00377,NK cells,3.108486040053932,0.5339593460627293
circ_00378,NK cells,5.100326416562502,0.9463542226772941
circ_00379,Macrophages,8.629799809877623,0.9485660705039854
circ_00380,NK cells,3.038241971069897,0.6739717660208145
circ_00381,B cells,4.711243774189616,0.24718208318619744
circ_00382,Dendritic cells,7.874671674691381,0.39766289590595916
circ_00383,NK cells,8.988170094615143,0.8010689102207539
circ_00384,Macrophages,3.1271898430017,0.7323698945514866
circ_00385,B cells,5.628385585795902,0.5696946025422168
circ_00386,CD4+ T cells,4.4489366432058866,0.31378446855303554
circ_00387,Macrophages,3.7691474239233793,0.22138206193554422
circ_00388,CD8+ T cells,8.065888227743807,0.4419907335417226
circ_00389,B cells,4.436322938993184,0.7444254258362271
circ_00390,Dendritic cells,9.531674138593903,0.9549338737885638
circ_00391,B cells,9.226578746130686,0.6592897186559806
circ_00392,B cells,3.7832913148051297,0.9093314318541399
circ_00393,B cells,5.065577448635414,0.683829444563038
circ_00394,CD8+ T cells,6.61741872308263,0.4329778632183826
circ_00395,CD4+ T cells,5.8129443086368,0.14981922099337164
circ_00396,B cells,5.240649233876957,0.44234723817714205
circ_00397,CD4+ T cells,9.84802094787992,0.41905067780597405
circ_00398,NK cells,4.187072936190153,0.5801766558387488
circ_00399,CD4+ T cells,8.746258628899533,0.5344743964920355
circ_00400,Macrophages,5.766943151870395,0.2884325926064001
circ_00401,Macrophages,7.029470560243266,0.6541109270057038
circ_00402,B cells,1.500386951622228,0.8870771077612518
circ_00403,Macrophages,2.7689894035923923,0.6565198996114238
circ_00404,CD8+ T cells,3.713486659736347,0.4236842471929284
circ_00405,CD4+ T cells,3.254695665843139,0.84082451125457
circ_00406,CD8+ T cells,1.366891930703682,0.2585706547648394
circ_00407,CD8+ T cells,0.5510472560623592,0.9486744620159289
circ_00408,Dendritic cells,5.482625479710796,0.9138892829530036
circ_00409,B cells,2.875026142709869,0.6395651450260275
circ_00410,CD8+ T cells,4.913559240034322,0.29173823106616115
circ_00411,CD8+ T cells,7.802964545053193,0.8784021489905378
circ_00412,Dendritic cells,7.932077714525844,0.2240104850314409
circ_00413,B cells,2.204147667676919,0.7236548280175141
circ_00414,B cells,4.47593207378068,0.33665442929298417
circ_00415,Dendritic cells,5.858768655501002,0.26258738272276805
circ_00416,NK cells,1.257202854947842,0.29574944305906026
circ_00417,B cells,9.8361302194415,0.5942024279089062
circ_00418,CD4+ T cells,9.55883332561995,0.1861499710389095
circ_00419,Macrophages,0.9509696890101205,0.9394605515343347
circ_00420,B cells,2.633767468537207,0.4900254090091114
circ_00421,Macrophages,3.6466169439401774,0.4679751598110491
circ_00422,NK cells,4.430147734176959,0.5968631498580393
circ_00423,Dendritic cells,0.8134529135187707,0.2386481227480063
circ_00424,Macrophages,8.716816975255895,0.4504945203354238
circ_00425,CD4+ T cells,6.6918176458970375,0.47547174716021345
circ_00426,NK cells,5.56765353701897,0.17881453785912926
circ_00427,CD8+ T cells,0.6212545164153249,0.40532097457006533
circ_00428,Dendritic cells,8.310774487051468,0.530003862421604
circ_00429,Dendritic cells,0.5199773529116947,0.6945246616295133
circ_00430,Macrophages,7.139856005158116,0.7480402437972798
circ_00431,B cells,2.520511082512893,0.4502114047954967
circ_00432,Dendritic cells,8.012605624722292,0.31003455933487767
circ_00433,Macrophages,7.951816739075603,0.8408772586809706
circ_00434,Macrophages,9.655665985885511,0.6203343379294853
circ_00435,Dendritic cells,9.1161316987152,0.7871510018236091
circ_00436,NK cells,4.536158019351135,0.7042578957407706
circ_00437,CD4+ T cells,7.65226315304798,0.7829948138363165
circ_00438,Dendritic cells,5.5811447437807065,0.7690131989310558
circ_00439,CD4+ T cells,1.3915791544188394,0.6564881741854783
circ_00440,Macrophages,8.683221472523817,0.5048249819905963
circ_00441,Dendritic cells,6.265942036996034,0.9883801705272887
circ_00442,NK cells,6.936382754867752,0.8821236917772874
circ_00443,Dendritic cells,1.0059113873533365,0.8548768575029506
circ_00444,Macrophages,0.10655374931285211,0.7631244786624352
circ_00445,Macrophages,0.4179843927707583,0.8146985815317727
circ_00446,CD4+ T cells,1.4140099409675388,0.7106491333380272
circ_00447,NK cells,5.644710624817342,0.8219057251948884
circ_00448,B cells,0.20493674424051367,0.9141177991906162
circ_00449,Dendritic cells,6.103539908382381,0.8333754307797607
circ_00450,Macrophages,8.273260916017147,0.7874185421742608
circ_00451,CD8+ T cells,2.5051030852197176,0.11091180208299227
circ_00452,CD4+ T cells,5.934075337082602,0.5284953961243101
circ_00453,CD4+ T cells,7.300339401590352,0.8119327592713607
circ_00454,B cells,2.1046957200689596,0.5756957554778674
circ_00455,CD4+ T cells,9.6906889794118,0.2616773776525202
circ_00456,NK cells,2.162292847128594,0.10625396375145744
circ_00457,B cells,2.509627562882627,0.5703348240782651
circ_00458,Macrophages,3.485316851804614,0.4378940453668747
circ_00459,B cells,9.256749943937395,0.6556070449781225
circ_00460,B cells,9.31954454822948,0.4963786060725718
circ_00461,Macrophages,2.844340884983242,0.5918449826010431
circ_00462,Dendritic cells,5.530217475110186,0.9712781713603396
circ_00463,Dendritic cells,9.168000119676176,0.6029296655731642
circ_00464,Dendritic cells,6.823506678176202,0.2427103967609026
circ_00465,B cells,0.40734132302759685,0.8036424098679172
circ_00466,CD8+ T cells,8.75223943644712,0.29452398522630197
circ_00467,CD4+ T cells,4.625966138209546,0.43908151695114606
circ_00468,Dendritic cells,8.70290735457114,0.17983376507604276
circ_00469,CD8+ T cells,4.544942623335184,0.5957695001212077
circ_00470,Macrophages,1.0905047706335191,0.9094367108029126
circ_00471,CD8+ T cells,3.755421616500297,0.14447206824390213
circ_00472,Dendritic cells,8.754424049156226,0.6255802117498109
circ_00473,Macrophages,8.447786559559145,0.4372751809597344
circ_00474,CD4+ T cells,5.553940416277317,0.2727632903155435
circ_00475,B cells,8.421596845123583,0.35522679771840227
circ_00476,NK cells,6.511959212970147,0.16333390324775143
circ_00477,B cells,6.795474678992118,0.3710221493685729
circ_00478,Macrophages,8.640913350160767,0.7115052667622661
circ_00479,CD8+ T cells,0.09253975939578996,0.9579250711397727
circ_00480,CD4+ T cells,1.4881707800899513,0.3966107495558323
circ_00481,B cells,4.214051572082516,0.31404990276654066
circ_00482,NK cells,1.7479855291317903,0.36828460736838087
circ_00483,CD8+ T cells,4.77310543216719,0.21247141572440303
circ_00484,CD4+ T cells,0.556162893909321,0.8998471827616586
circ_00485,B cells,8.274396199558652,0.8383881848557233
circ_00486,NK cells,1.0774514559340154,0.7669201928184903
circ_00487,B cells,7.640065255141142,0.4827830609627263
circ_00488,Macrophages,4.730868994077369,0.758871370772271
circ_00489,B cells,4.919624948696988,0.20360434653702247
circ_00490,B cells,6.257794581362619,0.9653828418298428
circ_00491,B cells,4.738159318284404,0.566542116357514
circ_00492,CD4+ T cells,3.1755064036064464,0.2623748715662919
circ_00493,B cells,6.975574151263649,0.8085939353131788
circ_00494,Macrophages,9.769214999326511,0.6872803571803956
circ_00495,B cells,2.6531180110236043,0.5486877067553706
circ_00496,CD4+ T cells,0.43625958480503213,0.22226731031514574
circ_00497,NK cells,7.119996727338291,0.8217874614750948
circ_00498,Macrophages,8.799183351603618,0.8964178819285118
circ_00499,Macrophages,7.75288805266354,0.6157320385143873
circ_00500,B cells,8.604846470033529,0.4467599517820646
circ_00501,Macrophages,2.3007795387820993,0.9513561764682673
circ_00502,CD4+ T cells,1.426808391365496,0.1704708182682575
circ_00503,Macrophages,2.168980233049581,0.27479018057210536
circ_00504,B cells,3.5737068127677207,0.6003208997666989
circ_00505,Dendritic cells,4.921712748368597,0.4907410042789686
circ_00506,B cells,5.074771689843266,0.3661043997589247
circ_00507,B cells,7.5642978468551245,0.5267785064897665
circ_00508,Dendritic cells,9.418187479009099,0.8088121632128047
circ_00509,B cells,8.359766178988172,0.5131162684877789
circ_00510,CD8+ T cells,3.936599585491767,0.2200727249978528
circ_00511,Macrophages,1.9630308744448333,0.832406854128306
circ_00512,Macrophages,6.060153071166168,0.9574198229504619
circ_00513,CD8+ T cells,1.07115927873066,0.6306181977699075
circ_00514,CD8+ T cells,9.685356137660092,0.9442518159919047
circ_00515,Macrophages,8.557528209203848,0.8259958145661523
circ_00516,NK cells,4.821558627444389,0.9764368889489773
circ_00517,Dendritic cells,6.154243678935848,0.4944609532069364
circ_00518,CD4+ T cells,4.652654071552846,0.4680548577822742
circ_00519,NK cells,2.5378036803726545,0.2732691012445305
circ_00520,CD4+ T cells,6.268631393996134,0.5697596871033319
circ_00521,CD4+ T cells,6.5337598068800276,0.9707007468177076
circ_00522,CD4+ T cells,7.968460181205261,0.7926135076233775
circ_00523,CD4+ T cells,2.2237163490639733,0.8544995243329888
circ_00524,Macrophages,6.9751398425644275,0.9740650636031282
circ_00525,Macrophages,6.958462412393841,0.4010539766434186
circ_00526,Dendritic cells,6.065190329443071,0.44848359826914497
circ_00527,Macrophages,6.2093323031171765,0.2522381791933498
circ_00528,CD8+ T cells,9.142367750612054,0.7259379923377652
circ_00529,CD4+ T cells,3.369387900767691,0.9802422725924417
circ_00530,NK cells,2.0104444240482255,0.21859775916139573
circ_00531,CD8+ T cells,4.760316528155383,0.782984807607116
circ_00532,Macrophages,2.5454557152234827,0.15000526309935486
circ_00533,Dendritic cells,1.113223623654629,0.42710037163574943
circ_00534,B cells,4.235908258290385,0.6447834531424969
circ_00535,Dendritic cells,6.522298106112318,0.6782454880500556
circ_00536,CD8+ T cells,5.9850830926534835,0.5798107560727843
circ_00537,Dendritic cells,4.4975792259884875,0.25407307610980023
circ_00538,B cells,4.803446268656787,0.42858012642348087
circ_00539,CD4+ T cells,0.07987731350233229,0.21272410148331053
circ_00540,CD8+ T cells,8.653727258903402,0.6688834181232675
circ_00541,B cells,0.9651937432686053,0.5366751137618918
circ_00542,Dendritic cells,4.164054361542258,0.6377154102116075
circ_00543,B cells,0.26885550049257967,0.34709692033022754
circ_00544,Macrophages,1.271776172375071,0.37070932367587384
circ_00545,Dendritic cells,3.382219428814024,0.15819026909436412
circ_00546,NK cells,5.435496970361381,0.6320153348106758
circ_00547,B cells,5.951352404394634,0.11165660753344687
circ_00548,CD8+ T cells,8.314116980912907,0.9447947609144146
circ_00549,B cells,7.124601848700529,0.2053386233123169
circ_00550,CD4+ T cells,3.7489263250740654,0.7332491919884517
circ_00551,B cells,1.059735023507531,0.2711623817014749
circ_00552,CD4+ T cells,4.643016903374063,0.12021147407782092
circ_00553,Dendritic cells,2.315017421300963,0.4779399698846185
circ_00554,CD8+ T cells,9.82575491866751,0.3927288947696985
circ_00555,NK cells,1.2542966944647382,0.9579247706634916
circ_00556,CD4+ T cells,0.8026262351226154,0.20866428214336052
circ_00557,Macrophages,7.20751563043582,0.7653470882380364
circ_00558,Dendritic cells,2.0373336674089937,0.4793886818111862
circ_00559,Dendritic cells,1.1748180870017644,0.17872230327051244
circ_00560,Dendritic cells,9.345945158509592,0.3467606472507418
circ_00561,B cells,9.936243709502715,0.5784829030118092
circ_00562,Dendritic cells,7.531777343764406,0.5904475229312429
circ_00563,CD8+ T cells,9.595588248841555,0.8091421985435763
circ_00564,CD4+ T cells,7.1510728754002,0.9207785397816248
circ_00565,CD8+ T cells,8.44755296503974,0.8784379249675438
circ_00566,Dendritic cells,2.566405483246582,0.46053299833696637
circ_00567,B cells,6.148741752840997,0.7445803216961695
circ_00568,Dendritic cells,1.2123578903512922,0.1311736196157389
circ_00569,CD8+ T cells,8.57520557613541,0.9212213799575619
circ_00570,CD4+ T cells,0.9756585666608908,0.8172993803906925
circ_00571,CD4+ T cells,5.3633603879441525,0.1294703557923587
circ_00572,Macrophages,1.0185384359971106,0.8970686180833535
circ_00573,CD8+ T cells,3.8054844085094883,0.8207696696854259
circ_00574,B cells,1.2258758438636963,0.25679211661042
circ_00575,CD4+ T cells,8.724736788002337,0.21662792831387412
circ_00576,B cells,5.412536157677294,0.1226550176056238
circ_00577,B cells,2.663894982547621,0.9017976463368226
circ_00578,CD8+ T cells,0.6609095289177802,0.7615939059427836
circ_00579,CD4+ T cells,1.179789591881566,0.7464623164016206
circ_00580,B cells,5.762117744345751,0.6572779900608869
circ_00581,Macrophages,1.284047761995225,0.7770028027783238
circ_00582,B cells,9.341653316952414,0.6991736048622479
circ_00583,NK cells,5.527919803827382,0.6064897471122854
circ_00584,NK cells,0.7477503483395853,0.9204133389678896
circ_00585,NK cells,2.502609322916526,0.23490240098296652
circ_00586,Dendritic cells,9.822176252572337,0.3123298795179591
circ_00587,Dendritic cells,9.674510678343552,0.3669374910986549
circ_00588,CD4+ T cells,1.4346224244112127,0.9467217845433656
circ_00589,CD8+ T cells,7.717982772544061,0.331206580676078
circ_00590,NK cells,9.632657800323267,0.12631168381376304
circ_00591,Dendritic cells,5.086371895841717,0.9970183616498773
circ_00592,Dendritic cells,3.151682402482682,0.23881780649252932
circ_00593,CD8+ T cells,3.7266322613058476,0.9618801239243232
circ_00594,NK cells,9.304543562052913,0.3967772984470783
circ_00595,Macrophages,3.286511073219115,0.871869167829693
circ_00596,B cells,4.503741135605815,0.7789182057935296
circ_00597,B cells,4.716769686328072,0.5755393473699572
circ_00598,CD4+ T cells,0.955885710457397,0.5818871150562337
circ_00599,Dendritic cells,0.6649960922623199,0.21082979876448482
circ_00600,CD8+ T cells,3.1192513108649833,0.7670523667440065
circ_00601,CD8+ T cells,7.801091680822978,0.398899270555244
circ_00602,Dendritic cells,6.848833926435436,0.5877699468266132
circ_00603,Macrophages,1.2389436632415973,0.20910730725685273
circ_00604,CD4+ T cells,8.55683862149224,0.4233446426785181
circ_00605,B cells,0.23565395234497855,0.5652070661639437
circ_00606,NK cells,0.23306733750859343,0.2974477861598087
circ_00607,CD8+ T cells,0.08841664385433767,0.5402532673298552
circ_00608,CD8+ T cells,8.935036085313156,0.9480468059220247
circ_00609,NK cells,2.2509105397120077,0.6687154280181873
circ_00610,CD4+ T cells,0.6274897606469343,0.14520282337090612
circ_00611,B cells,2.585334316106429,0.6290101502932263
circ_00612,NK cells,2.9692235908770117,0.6240216807103836
circ_00613,CD4+ T cells,2.9255451687210163,0.8939840879455575
circ_00614,CD4+ T cells,2.9818643438473558,0.7100736706712412
circ_00615,CD4+ T cells,2.8204295054498605,0.9381190790561648
circ_00616,Dendritic cells,9.564890641119653,0.570543686654663
circ_00617,B cells,8.455096045256438,0.9777555390387775
circ_00618,CD4+ T cells,9.834252339770824,0.7979340367449572
circ_00619,CD4+ T cells,2.215376682322031,0.8665283549040169
circ_00620,CD8+ T cells,6.203455941681776,0.972176190773557
circ_00621,CD4+ T cells,9.76046968063693,0.7515623853808088
circ_00622,Macrophages,5.202748751410919,0.7771940439723322
circ_00623,CD8+ T cells,4.161366798598357,0.7508052930859337
circ_00624,Dendritic cells,7.30903985895197,0.9921146993703113
circ_00625,NK cells,6.966019028362326,0.4356210541601372
circ_00626,Dendritic cells,9.476112020544065,0.7308347567245721
circ_00627,Dendritic cells,5.406444040112285,0.12240886888731473
circ_00628,CD4+ T cells,2.041974131241754,0.2552705142762529
circ_00629,Macrophages,2.3481936380807356,0.59306656047353
circ_00630,Macrophages,9.34533252741551,0.8677651377673048
circ_00631,CD8+ T cells,5.9445026594160755,0.4485039457297161
circ_00632,B cells,8.553322451286485,0.32823103719468394
circ_00633,NK cells,9.202285217633534,0.7225044300822278
circ_00634,NK cells,7.8404445141718915,0.6572490328751658
circ_00635,CD4+ T cells,2.6178476721546593,0.5910888513262096
circ_00636,CD4+ T cells,4.8504914991699275,0.20632492521268977
circ_00637,NK cells,6.63688747021018,0.5935007481764151
circ_00638,CD8+ T cells,2.787346462452347,0.6178099273630318
circ_00639,NK cells,6.443872647601365,0.27698056367945045
circ_00640,Dendritic cells,8.140929681861014,0.14903636065303494
circ_00641,Dendritic cells,4.3309721102711,0.4819636136359057
circ_00642,Macrophages,8.013258577099894,0.8729500871312996
circ_00643,Macrophages,3.6262922668621087,0.1549808207119467
circ_00644,Dendritic cells,3.4163863047929888,0.6699826299174435
circ_00645,Dendritic cells,8.078734142786626,0.5648096932685326
circ_00646,NK cells,9.386763106024619,0.41897711535242843
circ_00647,CD4+ T cells,8.217879158788174,0.8686354715937357
circ_00648,NK cells,5.521038399972703,0.3771975886274296
circ_00649,CD8+ T cells,2.6602829668288064,0.5567748618780082
circ_00650,CD4+ T cells,2.992335560041833,0.6914735544632484
circ_00651,CD8+ T cells,6.819500479023822,0.2375694819863594
circ_00652,Dendritic cells,5.133107592371035,0.8266473541687485
circ_00653,NK cells,9.666273588429169,0.10214773479307787
circ_00654,NK cells,6.733918322100698,0.17490187522353945
circ_00655,CD4+ T cells,6.798848083929156,0.8942178009944216
circ_00656,NK cells,0.7842879933544589,0.49648997437225717
circ_00657,B cells,6.959311458881144,0.5394114550945948
circ_00658,B cells,1.5780769646539516,0.7808907548152171
circ_00659,CD8+ T cells,7.844792206476889,0.6465930693992011
circ_00660,B cells,2.328270403200583,0.12377526935863348
circ_00661,CD4+ T cells,3.6519592708726023,0.5763729985308367
circ_00662,CD4+ T cells,0.021577155104601786,0.4390919640386868
circ_00663,Dendritic cells,0.8754226590934266,0.27510713876721504
circ_00664,Macrophages,4.278500806121446,0.16821090069859024
circ_00665,Macrophages,2.734323380558709,0.2819841304467223
circ_00666,B cells,0.2111447945184164,0.41002379913882536
circ_00667,Macrophages,9.386711740666653,0.3983781892890873
circ_00668,NK cells,3.906953157632258,0.6641411664464589
circ_00669,B cells,6.931687254522647,0.6568264479277792
circ_00670,CD4+ T cells,8.188456338910761,0.36973256050994796
circ_00671,Dendritic cells,7.328489484864481,0.9405158870124372
circ_00672,CD4+ T cells,0.5695180311835213,0.9388682157834872
circ_00673,NK cells,8.75005612327589,0.6495094020192075
circ_00674,Macrophages,2.745066633362505,0.6449311242745408
circ_00675,Macrophages,8.591107527289385,0.36919516518130346
circ_00676,Macrophages,1.8141529073289397,0.5931202147931822
circ_00677,NK cells,9.605871479445556,0.41098616271948596
circ_00678,Dendritic cells,2.020061023088301,0.742550869401421
circ_00679,NK cells,4.453914629940733,0.3525718270295186
circ_00680,Dendritic cells,5.6967052465598025,0.10582509111784787
circ_00681,NK cells,8.591302550241425,0.5039898034323634
circ_00682,NK cells,3.4865337793903404,0.1330322426679877
circ_00683,B cells,5.005299747938093,0.8494737292630816
circ_00684,NK cells,8.47650637659296,0.6983828417428583
circ_00685,Dendritic cells,7.8266646973677325,0.6209068586426417
circ_00686,Macrophages,3.785375070781387,0.17798009256396696
circ_00687,Macrophages,9.365488409220756,0.3916574778017142
circ_00688,Macrophages,6.38869385686239,0.2110892240963782
circ_00689,NK cells,0.3244136867711678,0.35492231142916186
circ_00690,NK cells,8.199442155060074,0.34426015319977377
circ_00691,Dendritic cells,2.4427826086597104,0.2395721869894794
circ_00692,Dendritic cells,2.093904133320649,0.4754293204805502
circ_00693,B cells,1.2767266644972264,0.624637280194766
circ_00694,CD8+ T cells,1.1333087946123233,0.7622959007133078
circ_00695,B cells,1.9300565176080164,0.45345372876055323
circ_00696,CD8+ T cells,2.5927339492797365,0.9693757866532946
circ_00697,B cells,2.966165324594688,0.2169158230441261
circ_00698,CD4+ T cells,7.889085580441676,0.48480485453119104
circ_00699,CD8+ T cells,3.3481882750269234,0.7128282808399851
circ_00700,Macrophages,5.389796475847033,0.9368555353882612
circ_00701,Dendritic cells,9.962145095982612,0.5928853549492896
circ_00702,Macrophages,4.561994595227978,0.7122382701281665
circ_00703,Dendritic cells,6.941009773582709,0.36675335708427725
circ_00704,NK cells,6.951560211011802,0.5762639352991175
circ_00705,Macrophages,5.56064916852988,0.7638296916453357
circ_00706,Macrophages,8.999133065208856,0.4617376861516579
circ_00707,Macrophages,7.473677201436929,0.8131469348880941
circ_00708,CD4+ T cells,7.16075263504954,0.42280686920063926
circ_00709,NK cells,1.0424521811611809,0.7875150155952788
circ_00710,Macrophages,7.667957100992954,0.257107784468559
circ_00711,NK cells,3.4787028786674346,0.5293902140391136
circ_00712,Dendritic cells,4.966015876164001,0.7455779962681608
circ_00713,Dendritic cells,7.446445816023992,0.41182916368499656
circ_00714,Macrophages,3.1225006463131413,0.24129664635537212
circ_00715,CD8+ T cells,4.4274764384220795,0.3396768118612123
circ_00716,B cells,8.417980371103706,0.388047243033975
circ_00717,Dendritic cells,8.549899566370161,0.6280918744393804
circ_00718,Dendritic cells,6.411673566934841,0.7830328138234425
circ_00719,CD4+ T cells,2.4207679945993767,0.3111950658724701
circ_00720,Dendritic cells,7.194149077759237,0.9546380061279047
circ_00721,Dendritic cells,6.5607991502449226,0.7727679179101288
circ_00722,Dendritic cells,8.517798336002642,0.3845707103621492
circ_00723,Macrophages,4.186674555826939,0.2171797539030224
circ_00724,NK cells,2.8599862417487207,0.10730712705615811
circ_00725,Dendritic cells,2.7464452773028003,0.9767056701703234
circ_00726,Macrophages,3.361598599421453,0.9982873887962245
circ_00727,Dendritic cells,2.978023280112938,0.2166555075350008
circ_00728,Macrophages,0.22309070743192883,0.34322616283807944
circ_00729,Dendritic cells,9.285219882779964,0.4866160564906993
circ_00730,NK cells,7.2936915719316335,0.5624176366412772
circ_00731,CD4+ T cells,2.3726674201653752,0.8710119169604132
circ_00732,NK cells,3.1909615891410734,0.23910620338315736
circ_00733,CD8+ T cells,2.753167230058181,0.37985563112168463
circ_00734,Dendritic cells,9.720901471179934,0.4733076498301948
circ_00735,CD4+ T cells,8.656735968672406,0.31947425575937555
circ_00736,Macrophages,5.261320546502666,0.7922077229543284
circ_00737,Dendritic cells,1.453917666889173,0.5524409745049917
circ_00738,B cells,8.510536552939165,0.7303913409464629
circ_00739,NK cells,2.499799037253747,0.7661931011416717
circ_00740,CD4+ T cells,0.18270184429361902,0.7190220536594341
circ_00741,Dendritic cells,3.6538957082290704,0.242866602245609
circ_00742,CD8+ T cells,6.197720451599036,0.3459561785217307
circ_00743,CD4+ T cells,7.595640103268028,0.909136563266217
circ_00744,CD4+ T cells,1.6380763244281737,0.273206807501689
circ_00745,Dendritic cells,6.354245369021395,0.6681612767396086
circ_00746,Dendritic cells,6.810219544481621,0.5473364699380159
circ_00747,CD8+ T cells,1.445135319423303,0.706041834146085
circ_00748,B cells,7.501893186757985,0.7287078071016024
circ_00749,Dendritic cells,7.292204055637165,0.4417312790711684
circ_00750,NK cells,2.121139449730566,0.7868086109801604
circ_00751,Dendritic cells,6.595473966954492,0.7100155505781646
circ_00752,B cells,6.723483370310175,0.6173227797246708
circ_00753,CD4+ T cells,8.10399999918993,0.6910374013004419
circ_00754,CD4+ T cells,7.653033230803007,0.2858426399002252
circ_00755,Macrophages,5.838457775083761,0.11612200718882584
circ_00756,Dendritic cells,8.320487089114737,0.694045977269971
circ_00757,NK cells,7.677718954900246,0.17681306800139285
circ_00758,Dendritic cells,3.6996384254253387,0.479123938186367
circ_00759,NK cells,1.0548068579932668,0.37585803491645586
circ_00760,NK cells,2.8505853213949917,0.1802801517076628
circ_00761,Macrophages,6.760903893158744,0.7128415889760373
circ_00762,NK cells,8.001082313418555,0.9974292581705269
circ_00763,CD8+ T cells,2.0430906248396594,0.979983562113968
circ_00764,NK cells,0.17249918314379165,0.8654164084019581
circ_00765,B cells,3.609707681029941,0.8532272606213336
circ_00766,Macrophages,4.965992875538193,0.37060974433531535
circ_00767,CD4+ T cells,6.422180803795248,0.7599260985094302
circ_00768,B cells,4.763577466369069,0.35741687662228994
circ_00769,Dendritic cells,1.6206415033970867,0.9227243463712462
circ_00770,Macrophages,5.442850875920384,0.7077331669948951
circ_00771,CD4+ T cells,3.5322204031271043,0.6811034746569219
circ_00772,CD4+ T cells,4.982643012074066,0.46435548047925246
circ_00773,CD8+ T cells,9.209638470030118,0.8121113982087359
circ_00774,B cells,5.339747486267042,0.4789806520354567
circ_00775,NK cells,3.0852418596493636,0.9714735338995879
circ_00776,Dendritic cells,2.436126825289744,0.15839640125465437
circ_00777,CD8+ T cells,9.442982301314341,0.29464014187084253
circ_00778,CD8+ T cells,1.4948025700434409,0.8194750851708392
circ_00779,Dendritic cells,6.763431121757655,0.4687171164825761
circ_00780,NK cells,0.913836677964005,0.37569590152953014
circ_00781,Dendritic cells,4.498456454589891,0.7099680054194445
circ_00782,B cells,5.023077764625219,0.5081074138174485
circ_00783,Dendritic cells,6.646807548288901,0.42621663477565874
circ_00784,Macrophages,1.1941169827456177,0.5339123701595355
circ_00785,Dendritic cells,0.9278103039928343,0.8472851250355821
circ_00786,CD8+ T cells,1.44223507158445,0.49185714018397375
circ_00787,CD4+ T cells,8.826385078493896,0.340149938930715
circ_00788,CD8+ T cells,0.58711119026299,0.8911566047754986
circ_00789,CD4+ T cells,1.080378907727082,0.13529103109215096
circ_00790,Dendritic cells,3.191880074596789,0.7108189741909536
circ_00791,CD8+ T cells,7.316651457131819,0.12241457899854458
circ_00792,CD8+ T cells,5.268404830966084,0.5227765438463892
circ_00793,NK cells,8.65263998440443,0.7920352072603553
circ_00794,Dendritic cells,6.608976632431538,0.20971559330232642
circ_00795,Dendritic cells,2.792232143471386,0.6944004584785459
circ_00796,B cells,8.813784304871401,0.9106733293730003
circ_00797,Dendritic cells,5.693294037971025,0.5083392971683495
circ_00798,CD4+ T cells,6.160384605308183,0.9690688018493199
circ_00799,CD4+ T cells,3.8681389952117695,0.12124800288832499
circ_00800,Macrophages,5.065877557910881,0.5769636032223436
circ_00801,Macrophages,7.791786986215317,0.8413732444759735
circ_00802,CD8+ T cells,8.04036329810869,0.910938921396243
circ_00803,CD8+ T cells,6.917507011769616,0.3536191455486528
circ_00804,NK cells,6.847722952274008,0.3452766014392137
circ_00805,B cells,1.3905691143759291,0.6567009267954806
circ_00806,Dendritic cells,9.109933505803772,0.9593072778624089
circ_00807,NK cells,7.859150825379293,0.5658729817304132
circ_00808,CD8+ T cells,6.110361650160331,0.9202858697740179
circ_00809,Macrophages,2.9808247308503475,0.1479375906676496
circ_00810,CD4+ T cells,3.6282213144642483,0.9885933608932863
circ_00811,CD4+ T cells,7.78694516298287,0.8060766928749443
circ_00812,NK cells,2.582657456984033,0.5852317856250512
circ_00813,NK cells,8.637436136449562,0.2653919250348994
circ_00814,CD8+ T cells,3.743872272451516,0.38551801864185165
circ_00815,NK cells,1.16454573127871,0.39016384794708114
circ_00816,B cells,5.398035248008711,0.2983440789261824
circ_00817,Macrophages,9.109104007031451,0.24644458714866785
circ_00818,CD4+ T cells,6.595457553545113,0.1284730374127403
circ_00819,NK cells,8.96235219800906,0.2669651808541012
circ_00820,CD4+ T cells,7.1968229383682205,0.5420252311949901
circ_00821,CD4+ T cells,9.965056726371426,0.6407976281280784
circ_00822,Dendritic cells,9.167255855865276,0.9938910991337397
circ_00823,B cells,6.466855631715424,0.6527142533991367
circ_00824,CD8+ T cells,4.0093709256322105,0.6634398143117467
circ_00825,CD4+ T cells,9.26393891495958,0.39559787079176234
circ_00826,Macrophages,4.297229163440495,0.4997639921065372
circ_00827,Dendritic cells,4.086516862688155,0.813468690749156
circ_00828,CD8+ T cells,1.429536159611261,0.5408329368760745
circ_00829,NK cells,2.061775374273047,0.8369138934225457
circ_00830,Macrophages,0.0014246605035761473,0.8133231615188724
circ_00831,B cells,6.103058002058461,0.7861559583672469
circ_00832,Macrophages,3.5679990240721726,0.8349363046719657
circ_00833,CD8+ T cells,5.913703339209385,0.9796427374696299
circ_00834,Macrophages,7.946059860451689,0.6942953958727666
circ_00835,NK cells,6.328161279529691,0.5104751118834822
circ_00836,B cells,7.365399905615112,0.9469879693605373
circ_00837,NK cells,5.447448805851436,0.3478544432303336
circ_00838,Dendritic cells,4.350662539700339,0.7340424488409358
circ_00839,Dendritic cells,2.2736491359199986,0.1982783502473186
circ_00840,Dendritic cells,4.9063154945798235,0.19157092033256395
circ_00841,NK cells,0.01536602992004421,0.2782012406141435
circ_00842,CD8+ T cells,3.895167503272253,0.8559728916458565
circ_00843,Dendritic cells,1.2006614516870295,0.8606431042092724
circ_00844,Dendritic cells,8.42168581283945,0.597580565916308
circ_00845,CD4+ T cells,6.474781701469928,0.8592963294889719
circ_00846,CD4+ T cells,4.853499658742283,0.5358828935667773
circ_00847,Dendritic cells,8.680804705790672,0.6612593376805738
circ_00848,CD8+ T cells,6.530886224298056,0.3113815817425798
circ_00849,CD4+ T cells,7.068986249849076,0.1268670589981636
circ_00850,CD4+ T cells,5.405026494402746,0.7146503545376734
circ_00851,Macrophages,7.680400463742529,0.4775724317833039
circ_00852,CD8+ T cells,4.92142506902172,0.4940750044736001
circ_00853,CD4+ T cells,2.6943528393247984,0.7365123313492998
circ_00854,B cells,9.506888199186522,0.22646391129303328
circ_00855,NK cells,1.426623057068389,0.46524158400455107
circ_00856,NK cells,5.182222874523628,0.8948885057863293
circ_00857,B cells,3.1606224309465505,0.41456974634454835
circ_00858,Dendritic cells,3.8837318798963927,0.31294455238547014
circ_00859,CD8+ T cells,2.4456935442467764,0.7941241914575385
circ_00860,CD4+ T cells,4.516629145296811,0.33113635888228876
circ_00861,Macrophages,5.2143987970652965,0.12184633766908903
circ_00862,Dendritic cells,8.645750255624595,0.4053757361236001
circ_00863,Dendritic cells,3.1737721524050864,0.18659860090898617
circ_00864,Dendritic cells,6.29532461247305,0.8361098424266583
circ_00865,NK cells,1.5783950992503082,0.585558718170075
circ_00866,NK cells,6.7149337371924345,0.6655171159056446
circ_00867,B cells,3.8266123292644973,0.2463454429606376
circ_00868,CD4+ T cells,6.476837852855284,0.15152336946428588
circ_00869,CD8+ T cells,0.4331567578644713,0.6448029447091376
circ_00870,NK cells,8.13547554441117,0.6235950670017603
circ_00871,CD4+ T cells,2.3055593885095007,0.7602430090758993
circ_00872,CD8+ T cells,0.771006874263841,0.7850653731614474
circ_00873,CD8+ T cells,4.592856100932586,0.7712193199615243
circ_00874,Macrophages,6.906370462124216,0.124623903122547
circ_00875,B cells,9.05636551657761,0.32898763051076174
circ_00876,NK cells,5.621041793580625,0.4104697717566448
circ_00877,CD4+ T cells,3.904249639121582,0.8892639134392084
circ_00878,Macrophages,6.420880641008813,0.5848297132161415
circ_00879,B cells,3.634521140642808,0.23240717632551883
circ_00880,Macrophages,1.2752597065909554,0.9016226028893897
circ_00881,Dendritic cells,7.893237411800595,0.6773054097225466
circ_00882,CD8+ T cells,4.122266350304753,0.7853955883236752
circ_00883,CD8+ T cells,9.59044539110921,0.6380120967702099
circ_00884,CD8+ T cells,1.8464155938685956,0.13829388959098265
circ_00885,Macrophages,1.1482705407157323,0.21715102005479123
circ_00886,CD4+ T cells,8.18667569614789,0.7160908133013252
circ_00887,Dendritic cells,8.273037668997883,0.18740355743118936
circ_00888,CD8+ T cells,8.810882471437731,0.8445849036873767
circ_00889,NK cells,9.108807608106318,0.641398962680363
circ_00890,CD4+ T cells,7.439667569754102,0.779321302268092
circ_00891,Macrophages,8.035687462717705,0.637833662478261
circ_00892,CD4+ T cells,2.7851147926052313,0.5402961000735738
circ_00893,CD8+ T cells,0.502179152008907,0.5880889974619681
circ_00894,NK cells,0.21015213353425488,0.5555646275423071
circ_00895,CD8+ T cells,3.477736650265607,0.9505282841564908
circ_00896,NK cells,4.286543689185404,0.12626577886245485
circ_00897,CD4+ T cells,5.294893964007494,0.9579683929589758
circ_00898,Macrophages,3.465120105005144,0.8394855868793013
circ_00899,B cells,9.965967541902483,0.12580493669739343
circ_00900,CD8+ T cells,9.65661299737645,0.810131821966359
circ_00901,Dendritic cells,8.089153249271178,0.5480004065247602
circ_00902,CD4+ T cells,8.459642883222067,0.2899262774020439
circ_00903,NK cells,2.4197127773830465,0.9514846381945298
circ_00904,CD8+ T cells,3.5171446019127375,0.4569570856359082
circ_00905,NK cells,5.267682497869963,0.9920966352128052
circ_00906,CD8+ T cells,3.8914462667711236,0.6472821489670687
circ_00907,CD4+ T cells,0.6730302306072244,0.5669975792152921
circ_00908,Macrophages,6.488425239384636,0.6742425768787924
circ_00909,CD4+ T cells,7.368768018060393,0.9299246686300277
circ_00910,Dendritic cells,8.771725232477806,0.461435979679063
circ_00911,CD4+ T cells,2.5624596567587012,0.5219077259530311
circ_00912,B cells,9.071273690982203,0.12702306667795435
circ_00913,Macrophages,7.325916765956334,0.42619760659613215
circ_00914,B cells,5.553636168149353,0.19219565066911587
circ_00915,CD8+ T cells,3.838188754903342,0.9375220284523822
circ_00916,NK cells,5.403423060278851,0.703119039107986
circ_00917,Dendritic cells,7.690087757257661,0.18973819498620526
circ_00918,Macrophages,3.3374259687006527,0.22768083309897824
circ_00919,Dendritic cells,1.8421939486431083,0.3447161465231657
circ_00920,CD8+ T cells,5.9385263157310515,0.8446178178820856
circ_00921,NK cells,1.8287978030222074,0.8815448023952352
circ_00922,CD4+ T cells,0.794947812723884,0.7386448729605123
circ_00923,B cells,3.243247870808652,0.7656272810601927
circ_00924,NK cells,7.743065245953293,0.13783517769367165
circ_00925,NK cells,6.481935899888573,0.49299010084519246
circ_00926,CD8+ T cells,0.9831095552576496,0.20177998568388203
circ_00927,B cells,0.23560133072828116,0.3534476195827708
circ_00928,CD4+ T cells,2.745381134794812,0.2499218213459739
circ_00929,CD4+ T cells,5.5799789783976195,0.4569109072467804
circ_00930,B cells,2.106571565117,0.3029197620676833
circ_00931,CD8+ T cells,7.062760747265821,0.6663281662823435
circ_00932,Macrophages,1.0619697824272245,0.9325991155634357
circ_00933,Macrophages,4.620320578820443,0.9354779683186906
circ_00934,B cells,3.6597243590632553,0.5855187602051463
circ_00935,NK cells,1.395305965415854,0.7568922172279824
circ_00936,Dendritic cells,1.2731043878916215,0.5474597239722305
circ_00937,CD4+ T cells,8.159345038179827,0.7704166472913258
circ_00938,Dendritic cells,0.1309240108646248,0.6241802817132102
circ_00939,Macrophages,4.323207599049901,0.3039868159401533
circ_00940,Dendritic cells,9.821527875486508,0.6191117458883271
circ_00941,Macrophages,0.0018698272028072616,0.8128454844311771
circ_00942,Macrophages,5.033932010851227,0.5560452808746553
circ_00943,Dendritic cells,2.023782014505829,0.8910260265868172
circ_00944,NK cells,3.0862211743797587,0.5605686212715497
circ_00945,Macrophages,9.144330500060988,0.5717448039339156
circ_00946,NK cells,6.938614328017094,0.4450152226025105
circ_00947,Dendritic cells,4.7505604047169765,0.33949961998850764
circ_00948,CD4+ T cells,9.797893151804507,0.15746888920068078
circ_00949,NK cells,6.417420382090774,0.597431139636055
circ_00950,CD4+ T cells,9.255369497821652,0.47992447431891605
circ_00951,Macrophages,8.224562160169148,0.5736621359535855
circ_00952,B cells,5.924309261076774,0.9208029694871533
circ_00953,B cells,9.617649217290223,0.7318865038016658
circ_00954,Macrophages,1.423312041196526,0.306116269064696
circ_00955,NK cells,6.681024335446687,0.3875100863191727
circ_00956,CD8+ T cells,4.65116211174464,0.7143910783395627
circ_00957,CD4+ T cells,0.6275899461598233,0.21598633667073275
circ_00958,B cells,0.4316171187804574,0.4774692545097401
circ_00959,CD8+ T cells,9.507821432121377,0.5771417788021791
circ_00960,Macrophages,9.59444107631605,0.5337408348649166
circ_00961,NK cells,6.349114302966955,0.4963328233358085
circ_00962,CD8+ T cells,2.2959911541258213,0.103764714649962
circ_00963,Dendritic cells,2.1575216168436784,0.7497551029789843
circ_00964,NK cells,7.083578723940168,0.47771020817305987
circ_00965,NK cells,6.048096564125089,0.8488437821830301
circ_00966,Dendritic cells,7.388241122433467,0.8043322672087437
circ_00967,CD4+ T cells,8.606047171833598,0.18654812013508573
circ_00968,B cells,2.9495117076630475,0.15662396812256957
circ_00969,NK cells,6.686106360132655,0.7642204152909158
circ_00970,NK cells,1.1628348776695818,0.9509511157263942
circ_00971,B cells,2.8719462014299912,0.5572115240799721
circ_00972,B cells,7.706927626152533,0.6863244995483635
circ_00973,NK cells,6.116561375136201,0.4383049144665605
circ_00974,CD4+ T cells,2.6850086512452584,0.41934151596877944
circ_00975,Macrophages,9.617171428446007,0.976907490431613
circ_00976,Dendritic cells,8.026507297728996,0.20648871875122082
circ_00977,CD8+ T cells,7.964556456704781,0.24235321258547607
circ_00978,Macrophages,6.569573767329783,0.4375400249844391
circ_00979,Dendritic cells,4.186316881939103,0.6480580871066761
circ_00980,NK cells,9.451083691566943,0.28180399806867007
circ_00981,B cells,7.336491878424488,0.7337861925076876
circ_00982,CD4+ T cells,9.004817194735415,0.6851549648400026
circ_00983,B cells,5.372547072511131,0.4421063937817111
circ_00984,B cells,1.0201240466477546,0.2047863857653539
circ_00985,CD4+ T cells,8.098040492564193,0.3501804515351997
circ_00986,B cells,6.750961896550284,0.5754007440388436
circ_00987,NK cells,5.4009980320200786,0.33493891865142766
circ_00988,Macrophages,3.14317260452842,0.5369569998828642
circ_00989,Dendritic cells,1.1710440742050066,0.5552626679865711
circ_00990,B cells,2.643013774131324,0.9811178396595446
circ_00991,NK cells,9.4538624813168,0.3404911332397135
circ_00992,Dendritic cells,1.5817195676521012,0.14217108881524415
circ_00993,B cells,5.71942475801205,0.9363339979760088
circ_00994,Dendritic cells,8.34496839126786,0.15539052660991065
circ_00995,B cells,6.186025557949307,0.6754802169440641
circ_00996,NK cells,4.920127378296337,0.37605762453145053
circ_00997,Dendritic cells,2.522954599300038,0.8161292087184783
circ_00998,Dendritic cells,1.3342317179504226,0.12493774080288084
circ_00999,B cells,9.73704677277943,0.2851029158637364
circ_01000,CD4+ T cells,6.340784802187449,0.2617066710527517
circ_01001,NK cells,3.1147654591194716,0.6094741124103286
circ_01002,Dendritic cells,5.385148851585182,0.6224911335060074
circ_01003,CD4+ T cells,9.817088566003045,0.6304745713529362
circ_01004,NK cells,0.9597196922815443,0.1766744037691895
circ_01005,B cells,6.7127459772649924,0.1392676536878416
circ_01006,Dendritic cells,6.9351406831174085,0.17552992821978686
circ_01007,NK cells,3.979974286027038,0.489179514512355
circ_01008,Dendritic cells,3.1742488578182715,0.2739430577297789
circ_01009,CD8+ T cells,2.5302376851255803,0.6413392084709926
circ_01010,CD4+ T cells,4.019871983198112,0.9065110733905491
circ_01011,Dendritic cells,0.11867001348953798,0.8724989231383505
circ_01012,B cells,1.0499644704357691,0.7191497606972242
circ_01013,Macrophages,3.590413199995528,0.8439707425234984
circ_01014,CD8+ T cells,5.899328341309591,0.7538216426258938
circ_01015,Dendritic cells,6.6444416492415534,0.9873583041943305
circ_01016,Dendritic cells,6.606464322601121,0.23320039986784066
circ_01017,NK cells,0.07944700980552,0.4769123945808883
circ_01018,B cells,1.523157774563343,0.6221204192850393
circ_01019,NK cells,8.759210891509714,0.2563360508493815
circ_01020,B cells,9.587140832686744,0.5082164072885498
circ_01021,NK cells,5.58186910089575,0.14435711733591192
circ_01022,Dendritic cells,7.447484172387485,0.622487768315729
circ_01023,NK cells,3.0466319211379034,0.48131159461273065
circ_01024,Macrophages,7.765022648701887,0.9504261441126283
circ_01025,CD4+ T cells,5.517628231877008,0.25737392858442937
circ_01026,Macrophages,0.4973613560717205,0.1777936879706607
circ_01027,Dendritic cells,2.0372583360025165,0.9250916652576254
circ_01028,CD8+ T cells,5.834154048552655,0.6633992390853571
circ_01029,B cells,7.00551231149234,0.886756739355035
circ_01030,CD4+ T cells,4.1522203342742605,0.45512283839171297
circ_01031,NK cells,7.98877839584325,0.4650383725035113
circ_01032,CD8+ T cells,0.2575090715504613,0.5189178479263536
circ_01033,B cells,9.441330028404874,0.9132414437256478
circ_01034,B cells,4.458154245471916,0.33474793458747876
circ_01035,Macrophages,5.469233253066612,0.8416345061975242
circ_01036,Dendritic cells,3.141281830297814,0.9809919257315104
circ_01037,NK cells,4.877652484607525,0.8681916321271033
circ_01038,CD8+ T cells,6.2418839360797795,0.11298807245988385
circ_01039,NK cells,6.669693139086434,0.8510646407773732
circ_01040,NK cells,4.456171807999062,0.16837330457322225
circ_01041,B cells,8.74042917948866,0.34026524597612495
circ_01042,CD4+ T cells,5.789241205551273,0.13826247371397593
circ_01043,Macrophages,8.843634901926329,0.5225529788284061
circ_01044,CD4+ T cells,6.059339959413824,0.23596670542677287
circ_01045,NK cells,0.6290571525389099,0.8479825197330277
circ_01046,Macrophages,3.384555357052127,0.6258076676436154
circ_01047,CD8+ T cells,6.1352793867079605,0.17195440952649568
circ_01048,Dendritic cells,8.681977122363753,0.9997652889778177
circ_01049,B cells,4.500307406781873,0.9851748078848027
circ_01050,CD8+ T cells,2.6027740582934724,0.3879846668668899
circ_01051,B cells,4.710699401007501,0.6376405188757163
circ_01052,B cells,0.5247493910743772,0.19470507156365094
circ_01053,CD8+ T cells,5.044216793767262,0.12509003366327917
circ_01054,NK cells,2.067864934110114,0.8718654062683285
circ_01055,B cells,1.164032585633178,0.9637052017669833
circ_01056,B cells,5.605183477491153,0.7330695210192063
circ_01057,NK cells,3.191658749741364,0.4306790987505952
circ_01058,Macrophages,6.336676809076708,0.9644378563398102
circ_01059,CD8+ T cells,4.221067763627539,0.6901490313579213
circ_01060,CD8+ T cells,5.874582881288303,0.25052699066616224
circ_01061,NK cells,9.233732452564714,0.38568770218293646
circ_01062,Dendritic cells,6.415529906650297,0.18232732704579252
circ_01063,Dendritic cells,4.938666170339166,0.708800901688726
circ_01064,B cells,5.590965265622198,0.23834261661422132
circ_01065,B cells,6.037622415405539,0.7539740342235315
circ_01066,NK cells,7.105657329396065,0.9653702288279546
circ_01067,B cells,4.930009635221577,0.952310660646322
circ_01068,B cells,7.006875448802369,0.6449557623522342
circ_01069,NK cells,7.346804785357745,0.16580640904233096
circ_01070,NK cells,3.469806636238334,0.6453027417703739
circ_01071,B cells,4.628102841008611,0.6753470898039822
circ_01072,B cells,9.085729185869853,0.1680309646722869
circ_01073,B cells,4.93146228784841,0.6962654410402774
circ_01074,NK cells,5.3659865923263865,0.14314815021072497
circ_01075,CD4+ T cells,8.403037292167525,0.4734459462040854
circ_01076,CD8+ T cells,2.902847847396143,0.43292334565660295
circ_01077,Dendritic cells,6.065971830206157,0.8606026814148023
circ_01078,Dendritic cells,1.9830860183596,0.35611565445830484
circ_01079,CD4+ T cells,6.386647615529517,0.28089570738384473
circ_01080,Dendritic cells,0.4946758232706172,0.32084886068223406
circ_01081,Macrophages,2.977292735895639,0.9450901590560701
circ_01082,B cells,1.0744210781107233,0.52752766206898
circ_01083,CD4+ T cells,0.45500913126924725,0.8703307898356305
circ_01084,NK cells,9.252655562677234,0.1022637675805094
circ_01085,CD8+ T cells,0.2700524967301854,0.24421417080803695
circ_01086,Macrophages,7.2226305605448236,0.196798536720397
circ_01087,Macrophages,1.7693394025326559,0.11761481593576634
circ_01088,CD4+ T cells,6.351569022609148,0.3656420814618654
circ_01089,B cells,3.7738186671901586,0.2283876838962564
circ_01090,NK cells,7.372580047475902,0.8405860243935233
circ_01091,CD4+ T cells,8.302078780233295,0.3836190973546507
circ_01092,Dendritic cells,3.539393916691611,0.7883202896575217
circ_01093,CD4+ T cells,5.939601172333475,0.3055508514153016
circ_01094,Macrophages,3.3010717032438897,0.19549246209309568
circ_01095,NK cells,8.34773704736879,0.5099566329752044
circ_01096,Macrophages,4.665179969195754,0.16688725114649375
circ_01097,CD4+ T cells,8.409993905218977,0.9665654609730472
circ_01098,Dendritic cells,0.09720866078140933,0.7907651180355314
circ_01099,CD4+ T cells,0.5155376543815238,0.5732234447473887
circ_01100,Macrophages,0.36045453939630323,0.3742671382928452
circ_01101,B cells,7.190227273859849,0.2033650434701566
circ_01102,Macrophages,0.1409366087209618,0.5822099477693891
circ_01103,NK cells,4.639109578525242,0.4823794429003627
circ_01104,NK cells,3.898771663912531,0.5714006896692021
circ_01105,CD8+ T cells,0.5256588461604028,0.6267097618794737
circ_01106,B cells,8.428666305548866,0.7799691956115138
circ_01107,Macrophages,1.0582584757916458,0.2127965709924
circ_01108,NK cells,6.1668924874987265,0.562129226958972
circ_01109,CD8+ T cells,7.880948776087689,0.589393393251865
circ_01110,CD4+ T cells,8.67130298704494,0.9975846865309459
circ_01111,Macrophages,7.367291985140111,0.638226627498322
circ_01112,B cells,2.381220291162305,0.8398409295146697
circ_01113,CD4+ T cells,0.6043354774597987,0.5474416566264295
circ_01114,Dendritic cells,1.221206202575833,0.4364040518179132
circ_01115,Dendritic cells,6.702514952756864,0.12439727401497497
circ_01116,Macrophages,3.1890226358038176,0.34147623951178074
circ_01117,CD4+ T cells,9.41230023344369,0.7709959017739179
circ_01118,B cells,2.3571075599411326,0.5652238416011338
circ_01119,B cells,7.017275311202726,0.22064610045718458
circ_01120,Macrophages,8.763161620553504,0.21018686060157854
circ_01121,CD8+ T cells,7.970644402381847,0.8379477611215338
circ_01122,B cells,8.904002887196757,0.9379206565041308
circ_01123,CD4+ T cells,2.299192521947732,0.8773330764975085
circ_01124,B cells,1.0891230200793522,0.1186886133901491
circ_01125,CD4+ T cells,9.156081947303282,0.46154144881116266
circ_01126,CD8+ T cells,7.603809276344942,0.23820098503409032
circ_01127,B cells,2.6397835469307953,0.34356823466750197
circ_01128,B cells,9.682195125055172,0.9367001042388078
circ_01129,Dendritic cells,6.0546594274050065,0.6523296488618627
circ_01130,NK cells,9.769806000529531,0.8614614401102326
circ_01131,NK cells,1.9924436243106913,0.19621652098630873
circ_01132,Dendritic cells,7.32478528663415,0.7372995320081751
circ_01133,B cells,5.102637524074247,0.1894417475770377
circ_01134,NK cells,3.621361322562082,0.2538607109840808
circ_01135,Dendritic cells,6.279057567289264,0.9512662441912454
circ_01136,CD4+ T cells,1.3182021234296648,0.5977360333530846
circ_01137,CD4+ T cells,1.0668072716038923,0.20384236915718645
circ_01138,CD4+ T cells,4.593493242832093,0.8504079076515745
circ_01139,CD4+ T cells,6.779076553925577,0.29022640415965456
circ_01140,CD8+ T cells,0.22861573862947404,0.24034430493735603
circ_01141,CD8+ T cells,5.302991421561055,0.6658301116850829
circ_01142,CD8+ T cells,7.774810200578081,0.15371305772901664
circ_01143,CD8+ T cells,8.25608444393078,0.4855791842654902
circ_01144,CD4+ T cells,8.322561319715309,0.5974184021077634
circ_01145,Dendritic cells,1.6183396636503844,0.6945970955737805
circ_01146,Macrophages,9.338784615812804,0.3017577376856618
circ_01147,CD4+ T cells,2.6475992012077176,0.6892894311268931
circ_01148,Dendritic cells,0.7610062676245588,0.6372193031300998
circ_01149,CD4+ T cells,4.332618016108417,0.6755223686590881
circ_01150,CD4+ T cells,2.662270535176571,0.5983576744614637
circ_01151,CD4+ T cells,5.927846665601674,0.595222007420279
circ_01152,CD4+ T cells,0.9529200053165365,0.6460805301206269
circ_01153,CD4+ T cells,2.3861115520681397,0.4656199985056536
circ_01154,CD8+ T cells,9.968109100793763,0.549851283407363
circ_01155,Macrophages,1.0965774860437316,0.3668772396309201
circ_01156,NK cells,3.2424133711331593,0.757372613229989
circ_01157,B cells,6.158759014992372,0.6425653654848247
circ_01158,CD4+ T cells,9.543521568020626,0.9715610955341555
circ_01159,NK cells,1.1934079249669372,0.8645580724188854
circ_01160,NK cells,4.787394389582053,0.6256298718967088
circ_01161,B cells,7.363293843562506,0.7899789556876403
circ_01162,CD8+ T cells,7.118720697048091,0.4824077031133198
circ_01163,Dendritic cells,6.384293467066576,0.9083159515995781
circ_01164,Dendritic cells,9.803098208574566,0.35136488401770827
circ_01165,Macrophages,4.562215910499932,0.3764299558252402
circ_01166,Macrophages,9.287238791389868,0.43239831408940776
circ_01167,NK cells,0.8812777519656034,0.6169311447088446
circ_01168,Macrophages,0.08429191324608398,0.1711177748484632
circ_01169,Macrophages,4.855503473237403,0.8909831519226139
circ_01170,Macrophages,6.79959365312083,0.4330096781641619
circ_01171,Dendritic cells,9.62172856447058,0.8364392366398732
circ_01172,Macrophages,8.502912741075342,0.230111477137863
circ_01173,Macrophages,8.828815306369453,0.21933664233595035
circ_01174,CD4+ T cells,7.854786441126582,0.6949764845151427
circ_01175,B cells,0.9772878173356958,0.9205895774312038
circ_01176,B cells,1.762990223629255,0.23516037592921513
circ_01177,CD8+ T cells,4.802714710343674,0.7412145130091276
circ_01178,Dendritic cells,5.6717298392766216,0.45867922032173136
circ_01179,NK cells,2.6095940330904774,0.47422319618294406
circ_01180,Dendritic cells,2.3436531163725425,0.8533742680585816
circ_01181,NK cells,9.991016327257157,0.8077463068660962
circ_01182,B cells,0.400716017009245,0.6644657931052868
circ_01183,Dendritic cells,0.908431559775138,0.7057854231924982
circ_01184,CD4+ T cells,7.095883595744254,0.45888995156238155
circ_01185,NK cells,7.6021361946073185,0.8459179435487469
circ_01186,B cells,5.306942874990011,0.1501148605551581
circ_01187,B cells,5.37074224777526,0.44721699128148185
circ_01188,Dendritic cells,9.459873713094503,0.8172030266198108
circ_01189,CD8+ T cells,6.031525601008828,0.1535856216015167
circ_01190,Macrophages,6.321257856739241,0.24684433165186345
circ_01191,Macrophages,4.96743358856347,0.5243113173035514
circ_01192,Macrophages,5.866251512397589,0.5954010440648629
circ_01193,Dendritic cells,8.13924215035706,0.6336434237611375
circ_01194,Macrophages,7.952659848120903,0.46805320780915305
circ_01195,CD8+ T cells,7.724342830393662,0.32346600708170287
circ_01196,Macrophages,8.6902521100331,0.5853001072295976
circ_01197,CD8+ T cells,0.013529312409509275,0.18292176787974695
circ_01198,Dendritic cells,5.993451990367853,0.7583185627122705
circ_01199,NK cells,9.872160932935465,0.42064662725163227
circ_01200,Macrophages,3.9558500862944856,0.11544628834478582
circ_01201,NK cells,3.8960183823878114,0.17497951499837683
circ_01202,CD4+ T cells,0.03692962934093047,0.3763870218434021
circ_01203,Macrophages,9.385757067798732,0.370311166048927
circ_01204,Dendritic cells,0.44695587992311103,0.7430404664785846
circ_01205,Macrophages,5.345853635533526,0.9209440386948047
circ_01206,Macrophages,6.101064157779444,0.8224681887930948
circ_01207,NK cells,5.606699194880419,0.5370662475233342
circ_01208,Dendritic cells,2.914890357732208,0.3318578431716118
circ_01209,Macrophages,3.7474047966168356,0.8210489643276883
circ_01210,B cells,0.44388887388099985,0.8763967192080414
circ_01211,Dendritic cells,9.204971191124349,0.19657121780644435
circ_01212,NK cells,2.834335135954833,0.6248313561489067
circ_01213,CD8+ T cells,3.285880115659742,0.8142315184468082
circ_01214,CD4+ T cells,8.905218708992663,0.9422725540763881
circ_01215,Dendritic cells,8.62427774388481,0.5029819056480304
circ_01216,Dendritic cells,1.314872887159374,0.3557221540455051
circ_01217,Dendritic cells,4.840633234873386,0.22909653291600454
circ_01218,NK cells,7.726220939823797,0.9817703908020563
circ_01219,Dendritic cells,2.3539745903060014,0.9606335269233347
circ_01220,B cells,9.540851441467606,0.850868486776616
circ_01221,CD8+ T cells,8.86422169437002,0.9347165156978217
circ_01222,B cells,2.535057809722676,0.42664147118458695
circ_01223,Dendritic cells,7.740855590328146,0.18105393505142842
circ_01224,CD4+ T cells,8.532414855659319,0.703590851361262
circ_01225,Dendritic cells,0.13987002772034351,0.9555749426135726
circ_01226,B cells,2.0163226027962766,0.45089947927076823
circ_01227,CD8+ T cells,3.1958024434687515,0.22093675124281867
circ_01228,NK cells,9.353351232887492,0.36522264673988425
circ_01229,CD8+ T cells,4.053482468414752,0.3723915563489566
circ_01230,Dendritic cells,5.860076326206052,0.6904654534400996
circ_01231,CD4+ T cells,1.536015828101358,0.44448175624349695
circ_01232,Macrophages,5.720680021340765,0.9225858759798214
circ_01233,Macrophages,7.76560787659538,0.9484456628746128
circ_01234,NK cells,5.316431226478356,0.3264232413872679
circ_01235,NK cells,8.761174521376654,0.8708045466731592
circ_01236,Dendritic cells,9.243087702715355,0.7912578040870787
circ_01237,NK cells,3.7137298305866517,0.5333554022331891
circ_01238,NK cells,1.407672126978613,0.6590673046425425
circ_01239,NK cells,3.0557282145259412,0.6206995138121328
circ_01240,Macrophages,4.490423434387302,0.6199634224452489
circ_01241,NK cells,6.704551058757647,0.3954550668362532
circ_01242,Macrophages,8.279824279590123,0.61749521430329
circ_01243,CD4+ T cells,1.0902062756044772,0.7684257488768278
circ_01244,B cells,4.357210615804189,0.9802738193312663
circ_01245,Macrophages,9.913312865098753,0.34126290698806916
circ_01246,NK cells,3.9512004151715594,0.8787274421865847
circ_01247,B cells,1.1867230766932402,0.3038862237511451
circ_01248,Dendritic cells,7.376123128074601,0.9596539322413403
circ_01249,Macrophages,2.082067909335419,0.6278830448548328
circ_01250,Dendritic cells,3.6515200520619286,0.1778205195274468
circ_01251,Macrophages,8.029749397835928,0.6093257276516643
circ_01252,CD4+ T cells,0.1629556787703168,0.6476668934612042
circ_01253,CD4+ T cells,6.5116634060466385,0.25760556620188635
circ_01254,CD4+ T cells,8.19419796076455,0.1020623354041133
circ_01255,Macrophages,8.008951100974786,0.5460284147711132
circ_01256,Macrophages,7.4693452036557435,0.5030656193463221
circ_01257,Dendritic cells,8.565148360643756,0.5815453489322765
circ_01258,CD4+ T cells,6.5983646147061314,0.3842012927734183
circ_01259,NK cells,6.6148590970178525,0.3772461694863176
circ_01260,B cells,5.0887718055428675,0.7829049632461075
circ_01261,Dendritic cells,8.538286934829577,0.11460406360168947
circ_01262,NK cells,7.31370007180232,0.8144196101499235
circ_01263,CD4+ T cells,3.1659521314741634,0.411992303666444
circ_01264,CD8+ T cells,3.1126720923434146,0.7299388097682707
circ_01265,CD8+ T cells,6.340625808195388,0.9589676015685484
circ_01266,Dendritic cells,8.744398128756059,0.9779721945972991
circ_01267,CD8+ T cells,4.5735189470562565,0.1256244570538186
circ_01268,Macrophages,8.027560294783072,0.4435816716736164
circ_01269,Macrophages,1.8015997350558033,0.35300703462232297
circ_01270,CD4+ T cells,3.4104409123145505,0.16285612242413694
circ_01271,CD8+ T cells,0.23939168038366043,0.11559987436971741
circ_01272,NK cells,5.887858611759994,0.4525081834184226
circ_01273,Macrophages,0.31992261069178185,0.4721890948501092
circ_01274,NK cells,4.671404804751522,0.6824758578153858
circ_01275,Dendritic cells,8.171690396593839,0.6338919125522594
circ_01276,CD8+ T cells,1.8248381422171112,0.883214132594981
circ_01277,B cells,5.440161393475218,0.8440150164663252
circ_01278,B cells,9.976784344495751,0.3614602709861512
circ_01279,Dendritic cells,9.907369280669739,0.8655367400891306
circ_01280,Dendritic cells,8.69345607531841,0.2924314685573612
circ_01281,Macrophages,2.0646894907687994,0.7468022597792532
circ_01282,CD8+ T cells,3.349025505349509,0.15258136077722634
circ_01283,CD4+ T cells,7.8427695022011665,0.8849993284440226
circ_01284,Dendritic cells,6.808349429067341,0.6916914778908104
circ_01285,Dendritic cells,4.084157708637516,0.9560146567132408
circ_01286,Macrophages,1.4820727614919038,0.868883899561253
circ_01287,NK cells,5.720805186424355,0.2874061039476247
circ_01288,NK cells,6.759111718026245,0.7663958690666901
circ_01289,Macrophages,5.333890979098586,0.5685502736050922
circ_01290,B cells,1.8600290062196079,0.7685704295477455
circ_01291,NK cells,9.56674104060877,0.48618256203215526
circ_01292,NK cells,0.2971195341898192,0.707781668071485
circ_01293,NK cells,7.239470339893721,0.18188461585862076
circ_01294,B cells,9.356973807059802,0.3756145334715941
circ_01295,Dendritic cells,5.72964899515649,0.40376788399874997
circ_01296,CD8+ T cells,3.8062954638915567,0.2683372600719488
circ_01297,B cells,6.481264964158388,0.5651592930706806
circ_01298,CD4+ T cells,2.8130844647649553,0.8365473268837591
circ_01299,Macrophages,2.9939807257389472,0.4711101967966975
circ_01300,CD8+ T cells,2.040484099571933,0.9491560232874319
circ_01301,CD4+ T cells,2.944353877773133,0.20621908664292646
circ_01302,Macrophages,3.135990146588492,0.6935583682106347
circ_01303,B cells,8.180930662003568,0.24661241495693548
circ_01304,Macrophages,2.91019015773627,0.42534565155408766
circ_01305,Macrophages,1.5444343773447877,0.5562753083387166
circ_01306,NK cells,6.714776003600908,0.7894685832309516
circ_01307,CD4+ T cells,3.3862439959091573,0.33316886023854975
circ_01308,Macrophages,7.284038147916169,0.44542711670581525
circ_01309,CD4+ T cells,2.8496376938233094,0.32994758287526427
circ_01310,CD4+ T cells,1.303982534733058,0.9901773955614682
circ_01311,NK cells,9.45154188731793,0.4622271393267082
circ_01312,NK cells,5.618343682915224,0.6693433370165485
circ_01313,CD4+ T cells,2.9248714706124535,0.666404471733471
circ_01314,CD4+ T cells,6.2602986558420435,0.5381891675378929
circ_01315,Macrophages,0.9599568326733121,0.6943764374753687
circ_01316,Dendritic cells,1.48017983498118,0.5695543913233229
circ_01317,NK cells,4.7292881687970345,0.8299753949528181
circ_01318,CD4+ T cells,1.105478567207846,0.8191626965265549
circ_01319,Dendritic cells,2.529626693579944,0.11835090097567448
circ_01320,CD4+ T cells,5.278072004707466,0.7619205508252236
circ_01321,Macrophages,2.7832579558705763,0.287392378068111
circ_01322,CD8+ T cells,7.911274253826518,0.13332456983468555
circ_01323,CD4+ T cells,5.152040680628083,0.6882734857955383
circ_01324,CD8+ T cells,7.548803331311498,0.2128467606438358
circ_01325,Dendritic cells,6.407694020292942,0.7337509753271196
circ_01326,NK cells,6.394576016584445,0.6328404854378141
circ_01327,Macrophages,8.654496236940401,0.16624852257544817
circ_01328,CD4+ T cells,4.750665632084077,0.6283334947820759
circ_01329,CD4+ T cells,3.4513505515651266,0.36220148563736587
circ_01330,Dendritic cells,9.234424849976266,0.6755877358658151
circ_01331,Macrophages,1.4971722807157173,0.9005257753813197
circ_01332,CD8+ T cells,1.948449485746393,0.2729349695080422
circ_01333,Dendritic cells,9.934875324145302,0.12197144212849607
circ_01334,CD8+ T cells,1.2958838116301208,0.17180344056164684
circ_01335,CD4+ T cells,1.4777304159692461,0.4801131869053409
circ_01336,NK cells,5.26376039765416,0.2960688713526042
circ_01337,NK cells,0.7682861568822141,0.202949357357133
circ_01338,NK cells,8.279941112861586,0.2702150587680821
circ_01339,Macrophages,0.8454201972372466,0.9174845659148637
circ_01340,CD8+ T cells,4.670397810125496,0.34329821190955545
circ_01341,CD8+ T cells,5.1135271743834485,0.931787339793285
circ_01342,Dendritic cells,4.622573906691677,0.1194175171946727
circ_01343,CD4+ T cells,8.557091432799016,0.24211067561998
circ_01344,B cells,7.92736176428957,0.5121593466279531
circ_01345,NK cells,6.101482448152419,0.8391212219287125
circ_01346,B cells,2.077888381810098,0.3006803857825096
circ_01347,CD4+ T cells,6.1449507227559526,0.8976414610342599
circ_01348,CD8+ T cells,0.22870713992296565,0.16092570105996865
circ_01349,Dendritic cells,8.231802407394774,0.1370127052440919
circ_01350,NK cells,4.270521302925027,0.777545067054401
circ_01351,Dendritic cells,1.3360914108126731,0.306108139640261
circ_01352,NK cells,0.041438727731965,0.23146210023551242
circ_01353,CD8+ T cells,6.277308043903044,0.6378371474140945
circ_01354,Dendritic cells,8.114022069160479,0.274199162830453
circ_01355,CD8+ T cells,3.701486953063945,0.8217189529643055
circ_01356,CD8+ T cells,1.1654136675934523,0.49015001175908723
circ_01357,NK cells,1.883996876377948,0.2011230620749624
circ_01358,Macrophages,6.200619902948024,0.7477989645703977
circ_01359,CD4+ T cells,4.604255335017465,0.989301808508513
circ_01360,Macrophages,5.337752426974111,0.5123595764365539
circ_01361,CD4+ T cells,1.6646960182938253,0.2603472356067472
circ_01362,CD8+ T cells,0.46335264678392885,0.16279392349793123
circ_01363,Macrophages,5.337618172840245,0.5582629230220507
circ_01364,CD4+ T cells,7.068143054611088,0.654832442270978
circ_01365,Macrophages,7.916953729661532,0.38043373436450534
circ_01366,B cells,6.4242847467800965,0.7395124271251108
circ_01367,CD4+ T cells,3.4140946663781726,0.19336977850522075
circ_01368,CD8+ T cells,1.4195349174622474,0.5270433858602276
circ_01369,NK cells,3.5304399564900835,0.6997466333913843
circ_01370,NK cells,9.469853186881792,0.3038403278228766
circ_01371,CD8+ T cells,9.823444349151902,0.32300568180804995
circ_01372,B cells,4.983387875890431,0.9997961811648578
circ_01373,NK cells,4.018148273956142,0.3194812967153638
circ_01374,CD4+ T cells,2.8056357325110937,0.1277192997523311
circ_01375,NK cells,3.786401390601961,0.18205983156057653
circ_01376,NK cells,2.8141617416461076,0.503121337879008
circ_01377,NK cells,8.689223450664466,0.2402584471906691
circ_01378,B cells,8.32605125050759,0.8782171904534141
circ_01379,Dendritic cells,6.803847484220897,0.26094561189321286
circ_01380,CD8+ T cells,4.334968488925751,0.5715195637328968
circ_01381,NK cells,3.8612701040662722,0.6389273124454111
circ_01382,CD4+ T cells,7.804527840562329,0.6070925203981665
circ_01383,CD8+ T cells,1.3837991193027632,0.615672109897843
circ_01384,CD8+ T cells,7.666782214689905,0.9917748917487301
circ_01385,Macrophages,0.4453958428478222,0.510359582295844
circ_01386,NK cells,0.5845245524308196,0.7176499601174842
circ_01387,CD8+ T cells,8.826541138110628,0.7589704439098351
circ_01388,B cells,5.68679040238905,0.200419759445354
circ_01389,Dendritic cells,0.48603328714719396,0.3190072760323738
circ_01390,CD4+ T cells,4.729186002012295,0.9602538956921495
circ_01391,CD8+ T cells,7.359300929038476,0.1901180882815948
circ_01392,Dendritic cells,1.278340879311568,0.5401830616000864
circ_01393,Dendritic cells,4.29358985732892,0.10270513562435289
circ_01394,B cells,8.341605838502492,0.9497504716419222
circ_01395,CD4+ T cells,5.507927301314632,0.1734245777146699
circ_01396,NK cells,2.3670384559455773,0.7662792571087975
circ_01397,Macrophages,4.1191886035543135,0.8256444716712626
circ_01398,B cells,2.04575731549831,0.798742933822345
circ_01399,CD8+ T cells,5.777578256255694,0.6099411006805358
circ_01400,B cells,6.623402183314115,0.9396329761459863
circ_01401,Macrophages,8.443366557869027,0.708551747749285
circ_01402,Macrophages,1.9531903352024371,0.6614294714135559
circ_01403,NK cells,5.397745263157509,0.9372312464804441
circ_01404,CD4+ T cells,9.657965434187389,0.7224988257037664
circ_01405,Dendritic cells,9.908098280410414,0.5116472714782321
circ_01406,NK cells,2.6010529054680154,0.5713031352045039
circ_01407,CD8+ T cells,9.945758569059809,0.5897627581408716
circ_01408,CD4+ T cells,5.838974482408863,0.3552140958548863
circ_01409,CD8+ T cells,0.5365002362521876,0.6431800168276288
circ_01410,B cells,6.60341342306922,0.9589927040385816
circ_01411,NK cells,6.930918126540803,0.42149569637704964
circ_01412,CD8+ T cells,0.5085346683224479,0.23504292545209657
circ_01413,Dendritic cells,1.1823909846729408,0.6125554630453158
circ_01414,CD4+ T cells,9.728271603835221,0.48264474811171976
circ_01415,CD8+ T cells,4.7437340693133905,0.9305463551101921
circ_01416,CD4+ T cells,2.074612832203657,0.6461526069160747
circ_01417,Macrophages,2.0962030961175495,0.22376291695353595
circ_01418,CD4+ T cells,7.227510645674614,0.4275099423360118
circ_01419,Macrophages,6.217464445580628,0.6679147911538995
circ_01420,CD4+ T cells,6.63287338627025,0.12002048871363982
circ_01421,Macrophages,6.053451279162774,0.47155597371441704
circ_01422,B cells,9.551486593922128,0.8231600946907489
circ_01423,Dendritic cells,1.4612389257279712,0.6476332064452555
circ_01424,B cells,9.254876948455497,0.7760992136501933
circ_01425,Macrophages,0.6576999255861826,0.36301709085587563
circ_01426,Dendritic cells,9.179917068578753,0.4216784249996387
circ_01427,Macrophages,5.372147336950688,0.16345011871101353
circ_01428,CD4+ T cells,0.3838952776875926,0.34563707887748296
circ_01429,CD4+ T cells,0.3444909316604572,0.24642154474163921
circ_01430,Macrophages,4.954860108190093,0.5304247398520643
circ_01431,CD8+ T cells,9.03987425135335,0.8338182967048904
circ_01432,CD8+ T cells,1.1499330485121395,0.2704887510628713
circ_01433,CD4+ T cells,0.9532021094394982,0.2471880148963397
circ_01434,Dendritic cells,8.856117511472231,0.5423270235984308
circ_01435,Dendritic cells,2.4544132414176434,0.7584969746288072
circ_01436,NK cells,4.155454176998358,0.2949535968992848
circ_01437,CD8+ T cells,5.195592068511738,0.7975053992066785
circ_01438,Dendritic cells,2.021283238007072,0.8196351126564952
circ_01439,Macrophages,0.44932505349807195,0.4541457500136782
circ_01440,CD4+ T cells,8.685742984414627,0.14343511430354783
circ_01441,NK cells,5.173015178539276,0.14867050365318457
circ_01442,Dendritic cells,1.9202135601509962,0.12395200981654372
circ_01443,CD8+ T cells,1.3326484251461512,0.8032993186938105
circ_01444,Macrophages,6.535200799775965,0.70867383294215
circ_01445,NK cells,7.378454498696484,0.5791762988286168
circ_01446,CD8+ T cells,7.282780160596812,0.9832006957974135
circ_01447,CD4+ T cells,1.706755506474984,0.3295936085355636
circ_01448,Macrophages,4.626920784554326,0.1279120658818411
circ_01449,B cells,9.902597262365745,0.845941059121014
circ_01450,B cells,3.4362565969737693,0.2586417583505909
circ_01451,Dendritic cells,3.4509746215170956,0.2520621478650633
circ_01452,B cells,4.6592910265546745,0.8016800352216916
circ_01453,Macrophages,5.732128705071034,0.3718271583416899
circ_01454,CD8+ T cells,8.803427328301884,0.43216974539486197
circ_01455,NK cells,5.434429930698393,0.3366210524531287
circ_01456,Macrophages,4.4300691150582585,0.11311249904164898
circ_01457,B cells,1.0288099334481138,0.562962550635801
circ_01458,CD8+ T cells,4.577515063623597,0.5171656236166403
circ_01459,CD8+ T cells,2.499518950358095,0.7654634017960711
circ_01460,NK cells,5.817104084531113,0.49629085590439903
circ_01461,CD4+ T cells,3.7231113554195017,0.8810897216243289
circ_01462,Dendritic cells,3.1727093999790035,0.10689943944031917
circ_01463,NK cells,6.258836982650516,0.3009960231303922
circ_01464,CD4+ T cells,3.5830879910525235,0.6022451337232843
circ_01465,B cells,7.108866876190014,0.3730406848522916
circ_01466,CD8+ T cells,7.0625339807879195,0.3512172275768065
circ_01467,Macrophages,6.631891744168202,0.3391979394915806
circ_01468,CD8+ T cells,3.685430033219783,0.8554765263875195
circ_01469,Dendritic cells,7.269447926513596,0.7813462689067155
circ_01470,Dendritic cells,5.164009164087496,0.7698563064278956
circ_01471,NK cells,8.71371716977364,0.10667274605885635
circ_01472,Dendritic cells,5.771634422646267,0.6949590277678515
circ_01473,Dendritic cells,6.005230169716943,0.12075792575363575
circ_01474,B cells,6.926608223399836,0.2468409803925471
circ_01475,Dendritic cells,8.613772221736895,0.1641088661907107
circ_01476,Dendritic cells,3.611138285550245,0.5813881256351293
circ_01477,Dendritic cells,2.6346658549909208,0.41598788263874653
circ_01478,Macrophages,6.85373813964029,0.431200497669448
circ_01479,Macrophages,9.401025876081805,0.13937034071641863
circ_01480,CD4+ T cells,4.003219192384342,0.7727067241715685
circ_01481,NK cells,5.229143966742158,0.1817446351924486
circ_01482,B cells,7.483974366252397,0.35691099356322076
circ_01483,CD8+ T cells,9.94779524294126,0.3227839633331896
circ_01484,CD8+ T cells,1.686883601043191,0.9344103441941887
circ_01485,Macrophages,4.618924692472929,0.8539730951195347
circ_01486,Macrophages,6.939333105843559,0.8705864145999405
circ_01487,CD4+ T cells,0.4009182573160974,0.7170258203371946
circ_01488,Dendritic cells,6.292386196723624,0.8919879849734799
circ_01489,Dendritic cells,8.964111766377552,0.9118940460030308
circ_01490,CD4+ T cells,2.8433091358516647,0.21051884944391913
circ_01491,Dendritic cells,1.9945694111760282,0.23672459295150514
circ_01492,Macrophages,2.6898090388773586,0.6293356860442294
circ_01493,CD8+ T cells,2.740445184030084,0.7552237093685595
circ_01494,B cells,9.582024327044811,0.22770793714369947
circ_01495,CD4+ T cells,9.172105128856057,0.14591114957503737
circ_01496,CD4+ T cells,3.8670751224157938,0.7062417221279275
circ_01497,Macrophages,5.058019698213434,0.34100256594441536
circ_01498,Dendritic cells,5.86680852768964,0.5597441567787655
circ_01499,NK cells,5.2042374818919725,0.3788453609669168
circ_01500,CD8+ T cells,9.554124712773946,0.3171034096161002
circ_01501,CD8+ T cells,4.5566841710334405,0.806023684031718
circ_01502,Dendritic cells,0.02881352835248263,0.7861460258624888
circ_01503,B cells,2.9501535609765774,0.5008953063860726
circ_01504,Dendritic cells,7.551947521000599,0.10594153353574524
circ_01505,CD8+ T cells,2.077424838468657,0.8807394503418047
circ_01506,NK cells,1.4425528720325698,0.8468864958114299
circ_01507,CD4+ T cells,9.93042025559763,0.9728171090990997
circ_01508,NK cells,0.44975024540523934,0.17524846742825387
circ_01509,CD4+ T cells,7.452290734195874,0.4924710885468465
circ_01510,CD4+ T cells,8.289074561642245,0.7092070499008695
circ_01511,B cells,1.8445543291871536,0.9053075550298227
circ_01512,NK cells,7.593925996984115,0.7179370585032557
circ_01513,Dendritic cells,1.1851684586217226,0.9375472536496173
circ_01514,NK cells,0.5193825221157422,0.7490260012030366
circ_01515,B cells,8.261484521046162,0.7014771531221677
circ_01516,NK cells,5.372646146335231,0.8672298175209388
circ_01517,Macrophages,8.966306715165455,0.2464402376110399
circ_01518,CD4+ T cells,6.830367203076576,0.6719501155085041
circ_01519,B cells,3.031332112243388,0.29064437933093173
circ_01520,Dendritic cells,7.225413668228468,0.3297823694199562
circ_01521,Macrophages,3.4589216189561944,0.6289569613839091
circ_01522,NK cells,5.688091406657563,0.27622404343028706
circ_01523,CD4+ T cells,0.8987219152448667,0.4784204061342048
circ_01524,NK cells,1.1453592842428018,0.46149655006172274
circ_01525,B cells,1.861124557671704,0.45537726481992047
circ_01526,NK cells,1.352878145106784,0.5518521563460357
circ_01527,B cells,0.4593139132800428,0.4121902032011656
circ_01528,B cells,6.409744776145012,0.5295206073742525
circ_01529,NK cells,9.466375829934666,0.8493804017814375
circ_01530,Dendritic cells,8.036417895348654,0.8453146725103585
circ_01531,Macrophages,2.2548415963716506,0.12770876282237234
circ_01532,NK cells,0.31279007695539596,0.6887052601672365
circ_01533,CD4+ T cells,9.581051156948565,0.5636736768731676
circ_01534,NK cells,9.127953010869742,0.7965866984408506
circ_01535,CD4+ T cells,3.9233581534636186,0.19269415057987244
circ_01536,B cells,0.7120083135782762,0.36312799346304814
circ_01537,Macrophages,8.114798804356965,0.12042458911998281
circ_01538,Dendritic cells,7.410802376912978,0.18839932591878894
circ_01539,CD8+ T cells,2.2064195259891095,0.3255475034227605
circ_01540,Macrophages,2.4628095646718684,0.46711923684920875
circ_01541,Dendritic cells,6.7520371405178015,0.8821492021160948
circ_01542,B cells,9.874535144469931,0.9340560085318275
circ_01543,Dendritic cells,3.189844381059191,0.3085344670319117
circ_01544,CD4+ T cells,2.0003219793871327,0.7527309131949333
circ_01545,Dendritic cells,3.6050718692869586,0.30475216622428003
circ_01546,Dendritic cells,3.6713914617462926,0.29569845457823024
circ_01547,Dendritic cells,5.038561737326528,0.2973829486618108
circ_01548,CD8+ T cells,7.4024134945108875,0.9987808851589235
circ_01549,CD8+ T cells,0.0813767101573748,0.20752650093306263
circ_01550,B cells,8.124158285411193,0.9532399679809128
circ_01551,Dendritic cells,4.426639389490092,0.8406481245938848
circ_01552,NK cells,8.942499602080888,0.591055292662471
circ_01553,NK cells,8.704077190613583,0.862352885629793
circ_01554,B cells,3.3651155033277194,0.9163844516396609
circ_01555,Dendritic cells,7.460471814297989,0.2373661018472339
circ_01556,Macrophages,9.007843011650374,0.3190000716094944
circ_01557,NK cells,4.165095422177956,0.14897777112990096
circ_01558,Dendritic cells,4.038321367123027,0.7748766293833932
circ_01559,Macrophages,9.012291744086715,0.6403985103229346
circ_01560,CD4+ T cells,5.088079182623614,0.6745452039641399
circ_01561,CD4+ T cells,2.243866108441377,0.68154461793364
circ_01562,CD8+ T cells,6.86942565515799,0.22300920885554237
circ_01563,CD8+ T cells,4.660949476345132,0.11629722023995903
circ_01564,Dendritic cells,1.5147145600479417,0.5422340023687031
circ_01565,B cells,5.726353044622947,0.6369162864456146
circ_01566,Dendritic cells,1.3264125963609652,0.9928083485693304
circ_01567,NK cells,8.312059302204037,0.7057227644363772
circ_01568,Dendritic cells,7.4722354434146485,0.4622194018619854
circ_01569,B cells,5.698627000935419,0.7096216103441246
circ_01570,Dendritic cells,2.0564243074084096,0.5962680703661452
circ_01571,NK cells,5.402351774845413,0.9564610309790375
circ_01572,CD8+ T cells,9.991569428151104,0.8426324161601816
circ_01573,B cells,6.0097802662873985,0.692430207282496
circ_01574,B cells,9.228592918258279,0.627401698885468
circ_01575,B cells,9.977990344052758,0.3436351322284125
circ_01576,Dendritic cells,5.7040679459793555,0.6279678520237071
circ_01577,Dendritic cells,4.041697435534072,0.5313234639630067
circ_01578,Macrophages,8.901964115290244,0.8979414748720597
circ_01579,NK cells,6.370554863389549,0.8765563623809683
circ_01580,CD4+ T cells,8.507652372624193,0.6659326337248989
circ_01581,CD4+ T cells,8.766665392750886,0.10599139212339115
circ_01582,B cells,2.114921138110133,0.5985590525202759
circ_01583,Macrophages,4.505063280394813,0.2269167982381638
circ_01584,Macrophages,5.4295189280424605,0.44472457672470356
circ_01585,NK cells,1.5374911193044194,0.28845515869441785
circ_01586,CD4+ T cells,4.812323805828642,0.40310895968617233
circ_01587,Macrophages,0.02551902489803859,0.4422460148164006
circ_01588,Macrophages,8.179599523412598,0.5862755840554289
circ_01589,CD8+ T cells,8.659014774858276,0.9310822964951776
circ_01590,NK cells,4.777187886305576,0.7384243421495701
circ_01591,CD8+ T cells,4.529894086771248,0.15676543152671124
circ_01592,Macrophages,6.4910626469708,0.9396470250736582
circ_01593,CD4+ T cells,4.174943893434629,0.48198703507536644
circ_01594,NK cells,1.4362308075270258,0.5705557858728425
circ_01595,CD4+ T cells,8.974367870383889,0.9694653493688759
circ_01596,NK cells,7.9363472116476395,0.29104392976308446
circ_01597,B cells,9.546490502098827,0.9740573822339889
circ_01598,Macrophages,3.491791548834361,0.39107591421532995
circ_01599,CD4+ T cells,3.1554477433382546,0.722343745521501
circ_01600,Dendritic cells,8.315362797515673,0.3613790335470861
circ_01601,CD8+ T cells,9.595138688586719,0.396871722821701
circ_01602,CD8+ T cells,6.961970433548189,0.8504878869142269
circ_01603,Dendritic cells,5.565282888204028,0.6050612754831481
circ_01604,Dendritic cells,7.097351887099038,0.9493993745650579
circ_01605,Macrophages,2.1069810697453017,0.6370215190860653
circ_01606,Macrophages,0.9217406041765175,0.5166624115840611
circ_01607,NK cells,1.4867275008239855,0.3619440010099224
circ_01608,B cells,0.6714606309866,0.7473979793396316
circ_01609,CD4+ T cells,4.411805292819125,0.7548182908499287
circ_01610,Dendritic cells,4.80784501289145,0.7324887737785438
circ_01611,Macrophages,7.17807959099178,0.5986566897183884
circ_01612,Dendritic cells,6.823216093158945,0.9590974033556997
circ_01613,CD4+ T cells,3.045305850221327,0.8746111539745274
circ_01614,NK cells,8.154704324694137,0.586403547706356
circ_01615,CD4+ T cells,4.3336085117018825,0.1237810486570764
circ_01616,Dendritic cells,5.303318705171663,0.6806249049506873
circ_01617,CD4+ T cells,3.7002736257619153,0.8176662774513948
circ_01618,NK cells,2.95130092453723,0.445158256422562
circ_01619,Macrophages,5.1423623581019,0.42981116509858364
circ_01620,CD4+ T cells,3.82670452655303,0.6886330983976451
circ_01621,B cells,6.07960342361708,0.13972879336782093
circ_01622,Macrophages,5.718483675784563,0.9545248346660757
circ_01623,NK cells,6.173682939655597,0.49693344090875424
circ_01624,Macrophages,2.909960907676994,0.5461893399958798
circ_01625,B cells,8.822471548047567,0.12426903390497895
circ_01626,Macrophages,9.528985084771783,0.5007814978180885
circ_01627,CD4+ T cells,3.0002961053064126,0.652621600551785
circ_01628,Dendritic cells,4.867816182996217,0.12652906730254018
circ_01629,Dendritic cells,9.946406796036106,0.3600068094290111
circ_01630,Macrophages,4.266482556896811,0.40969084273832757
circ_01631,NK cells,0.08224190161480238,0.4882776873092891
circ_01632,Dendritic cells,0.44567696151277425,0.6180447790193474
circ_01633,CD8+ T cells,8.306355113871483,0.23577157806417492
circ_01634,Dendritic cells,0.7489064889889829,0.601488581936536
circ_01635,Macrophages,3.889453089794345,0.7632958510551484
circ_01636,CD4+ T cells,9.266378648516309,0.7053416863422001
circ_01637,NK cells,4.127458591820467,0.11074455635969047
circ_01638,NK cells,2.724266217399942,0.9032206763425829
circ_01639,CD8+ T cells,4.934531319889823,0.8084588014018833
circ_01640,Macrophages,2.4821967859476555,0.28832508364016646
circ_01641,CD8+ T cells,6.256047085442135,0.9902334692051379
circ_01642,NK cells,5.887480611697281,0.358101640722865
circ_01643,B cells,8.820537243045978,0.3047906470639775
circ_01644,B cells,4.222136995474125,0.7588587780911878
circ_01645,CD4+ T cells,9.983575190248455,0.8988390688632439
circ_01646,NK cells,7.34445449073415,0.9241292865299934
circ_01647,CD8+ T cells,2.186260937215655,0.760817175861736
circ_01648,B cells,2.5016103142346346,0.695251450405782
circ_01649,B cells,2.402242094595195,0.38363603713763095
circ_01650,CD8+ T cells,1.3745764917910552,0.25366914926420525
circ_01651,Macrophages,3.6243988793792647,0.8262654238830781
circ_01652,CD4+ T cells,0.3979956608420654,0.9037776071453596
circ_01653,CD8+ T cells,7.211903435653129,0.5094977888748066
circ_01654,Dendritic cells,9.975760791938242,0.2906403579995966
circ_01655,NK cells,3.5579380223414594,0.20308432916439412
circ_01656,CD4+ T cells,9.713166681945314,0.7072035647241312
circ_01657,Macrophages,8.997105568872534,0.9878848986168293
circ_01658,CD4+ T cells,4.03352121150904,0.34807813394785503
circ_01659,Dendritic cells,6.899979033205241,0.33738270579888185
circ_01660,NK cells,7.5195356078227515,0.7717461082282452
circ_01661,B cells,1.9571183715051665,0.5270849709773555
circ_01662,Dendritic cells,6.0852665535547565,0.9107668406953889
circ_01663,CD8+ T cells,0.3950508073414749,0.6140071569440775
circ_01664,CD4+ T cells,8.908518377910164,0.938410807232093
circ_01665,Macrophages,0.6676687330903197,0.19262525156423324
circ_01666,CD8+ T cells,9.281192908278472,0.8618227578586558
circ_01667,Macrophages,9.315067184106153,0.8394631772945058
circ_01668,NK cells,9.934346996816943,0.9153220525121594
circ_01669,B cells,9.566036869249354,0.17683202755815441
circ_01670,CD8+ T cells,2.2711768444366243,0.8452449553033912
circ_01671,Macrophages,4.125937848680267,0.2659562550671175
circ_01672,B cells,7.790527324822504,0.42637500475049606
circ_01673,Macrophages,6.504796645341045,0.44940024730330563
circ_01674,CD4+ T cells,4.71282650486661,0.24095550769808055
circ_01675,CD4+ T cells,6.612576183980733,0.2465192958721779
circ_01676,NK cells,0.307232310980865,0.7107176975274597
circ_01677,CD8+ T cells,2.6863757756565656,0.4077305959855214
circ_01678,CD4+ T cells,3.340110694372446,0.8321419835871345
circ_01679,CD4+ T cells,9.081007703383516,0.9906640285571118
circ_01680,Macrophages,2.8630557331871787,0.6914989767497217
circ_01681,CD8+ T cells,1.4270127264040378,0.6294825918397045
circ_01682,Dendritic cells,0.5150060784867716,0.45935776947898854
circ_01683,CD8+ T cells,1.0968058803318437,0.9949732734016209
circ_01684,Macrophages,7.257706134501134,0.8223847846598831
circ_01685,B cells,6.908025873118544,0.43202375064764964
circ_01686,CD8+ T cells,7.384871946957526,0.3485040997932528
circ_01687,CD8+ T cells,5.6139820207653965,0.850754689242193
circ_01688,CD4+ T cells,9.94723800152869,0.16255289419663196
circ_01689,Macrophages,3.001069232465481,0.23014287815903636
circ_01690,B cells,4.735386072524632,0.757761339336629
circ_01691,NK cells,4.618179198538904,0.5383711325360561
circ_01692,Macrophages,0.2501061680282368,0.20475929251715363
circ_01693,CD8+ T cells,6.814840964161039,0.3380215228488336
circ_01694,Macrophages,6.766468910493638,0.7775324449205453
circ_01695,Dendritic cells,6.782493399327549,0.15477809293710157
circ_01696,CD4+ T cells,0.2965221283899133,0.46333199278257375
circ_01697,NK cells,3.8162347454639467,0.856652533377033
circ_01698,NK cells,8.759840347766207,0.605095855092123
circ_01699,CD8+ T cells,1.9448879134267594,0.5818861018828204
circ_01700,NK cells,7.145174726389584,0.7953516873109678
circ_01701,Macrophages,8.233334358117158,0.6162779692333442
circ_01702,B cells,3.179156027318002,0.8751734944473125
circ_01703,CD8+ T cells,4.358675263862308,0.43700615145669774
circ_01704,NK cells,0.46946431111076325,0.34675180177047715
circ_01705,NK cells,2.2940583455390917,0.8451795518848475
circ_01706,B cells,9.493936948914614,0.38122128207272277
circ_01707,CD4+ T cells,3.0257618731413425,0.9730105663531479
circ_01708,CD4+ T cells,3.879617227877344,0.7370565593015191
circ_01709,CD8+ T cells,7.392958237185359,0.2292450029810483
circ_01710,NK cells,9.375977487414186,0.9139597522199084
circ_01711,Dendritic cells,7.5561056773911375,0.17966190522839975
circ_01712,CD8+ T cells,1.7963028032117123,0.4721775392669121
circ_01713,Dendritic cells,1.3258438905948267,0.7839129953445126
circ_01714,CD4+ T cells,9.733453515952288,0.5893073876672411
circ_01715,Dendritic cells,6.212806628110236,0.6989434239621927
circ_01716,Dendritic cells,4.898219995760577,0.6862499415068205
circ_01717,CD4+ T cells,2.738152313943152,0.1471452019640527
circ_01718,CD4+ T cells,7.420024552274009,0.3194585927921875
circ_01719,Dendritic cells,5.341448525600469,0.3144576770082933
circ_01720,B cells,6.972701973889896,0.8814214739413195
circ_01721,B cells,7.34748857864245,0.947237759784715
circ_01722,NK cells,3.9872931300075676,0.5396004345048779
circ_01723,Dendritic cells,9.017588341823728,0.8232440163713265
circ_01724,B cells,1.4463713686797663,0.1747881625230035
circ_01725,Dendritic cells,7.2420636794965105,0.5968017896878999
circ_01726,NK cells,2.865584197712235,0.8215937591611973
circ_01727,NK cells,4.872309487292298,0.20787473383627014
circ_01728,CD8+ T cells,4.101233385451101,0.814416424293833
circ_01729,Macrophages,0.5278187242868859,0.413205203834915
circ_01730,B cells,4.132217037830781,0.3942819456263702
circ_01731,CD4+ T cells,5.1993396414216475,0.6167766882272074
circ_01732,CD4+ T cells,5.388955502187757,0.6884942839536458
circ_01733,CD4+ T cells,7.225391240383217,0.7293655405350298
circ_01734,B cells,5.009584786834909,0.7694319301286779
circ_01735,CD4+ T cells,6.784918090936195,0.9969066205581312
circ_01736,NK cells,3.038025498454371,0.64787614382257
circ_01737,CD4+ T cells,2.25284254554051,0.8159724556238496
circ_01738,CD8+ T cells,6.85633496963649,0.9337024263456276
circ_01739,CD4+ T cells,9.081070061219501,0.5484249664375439
circ_01740,B cells,2.87792342255433,0.5276663038263466
circ_01741,CD4+ T cells,2.85524438431755,0.30902069169895097
circ_01742,Dendritic cells,6.12688252019363,0.682580131682782
circ_01743,Dendritic cells,9.755665350587776,0.7485819811614145
circ_01744,CD4+ T cells,7.799612617501329,0.12054572564815857
circ_01745,NK cells,3.841914810608201,0.17264615473322314
circ_01746,B cells,9.491461932249837,0.2539487138184508
circ_01747,B cells,0.8115267912649093,0.21759991740930418
circ_01748,NK cells,5.118877361870923,0.2452423505977742
circ_01749,NK cells,6.719844587438162,0.77241827619496
circ_01750,Dendritic cells,4.926424898264749,0.8508949363819682
circ_01751,NK cells,1.05563710988828,0.874191520205535
circ_01752,Macrophages,3.8511877902247194,0.20480646197820684
circ_01753,B cells,5.07603200186074,0.7367915644714756
circ_01754,CD8+ T cells,4.720656316043364,0.43580229965325523
circ_01755,Dendritic cells,9.856263535426343,0.20761119975612358
circ_01756,Dendritic cells,9.40675891409147,0.10800509862058878
circ_01757,B cells,0.8957181172984607,0.3132475496245918
circ_01758,CD4+ T cells,8.19800121565408,0.7725627178522442
circ_01759,Dendritic cells,4.910517085765594,0.23663940539637435
circ_01760,CD8+ T cells,9.319189989430427,0.7178340796741381
circ_01761,CD4+ T cells,4.5328879671596916,0.542443775461695
circ_01762,B cells,0.18154967588583926,0.46834043244917567
circ_01763,CD4+ T cells,9.766585705580086,0.9777752557934889
circ_01764,NK cells,5.555853150935992,0.7344974851079866
circ_01765,Macrophages,2.0613706558999123,0.5011074728707938
circ_01766,Macrophages,2.4540973712176917,0.9320871327938711
circ_01767,NK cells,6.153755498831424,0.6207190915021583
circ_01768,CD4+ T cells,8.197070256842679,0.666788422880652
circ_01769,CD4+ T cells,2.658015368147785,0.3724784891717816
circ_01770,B cells,1.9399215561210315,0.560952061605631
circ_01771,NK cells,8.654118148263821,0.8844704724781103
circ_01772,Dendritic cells,8.306592809629102,0.8806464151267758
circ_01773,NK cells,0.6184902935375214,0.576960050349251
circ_01774,CD4+ T cells,5.68227171595179,0.24999448067070548
circ_01775,CD4+ T cells,8.241109110376446,0.5945795805072389
circ_01776,CD8+ T cells,0.12339751358986462,0.571475706423198
circ_01777,B cells,9.932447800245267,0.3577791441745263
circ_01778,Dendritic cells,5.527944993827951,0.4880082265575857
circ_01779,B cells,3.135742077750586,0.8348242513938685
circ_01780,CD8+ T cells,2.9974984883848466,0.9661771433196664
circ_01781,Macrophages,0.5528373114214713,0.36205426524980366
circ_01782,Macrophages,8.12456375675866,0.5862522940883126
circ_01783,CD4+ T cells,9.758794799262722,0.519091441944229
circ_01784,Macrophages,3.0796905633823557,0.3695152875148815
circ_01785,Dendritic cells,2.310767116320008,0.37251075575642867
circ_01786,CD8+ T cells,7.607939364144576,0.3691520466380327
circ_01787,Macrophages,4.036324662191255,0.9971943200710605
circ_01788,Macrophages,0.2816797213995492,0.7471740497502357
circ_01789,Dendritic cells,4.032121903097439,0.8345906391685946
circ_01790,NK cells,6.002760831221389,0.7207197443529041
circ_01791,CD4+ T cells,4.368075528140947,0.47674574139195125
circ_01792,CD4+ T cells,0.20162155263589887,0.4126030800495363
circ_01793,NK cells,0.6506998156205213,0.5322807357819241
circ_01794,NK cells,2.1662487210843304,0.3529276861409767
circ_01795,CD8+ T cells,5.5042485399667544,0.5227612873996604
circ_01796,NK cells,1.6797692057937952,0.7155968040786943
circ_01797,B cells,5.761986002471198,0.8437107070075023
circ_01798,Dendritic cells,1.6761490294077297,0.39839999099846324
circ_01799,NK cells,2.4112974283919995,0.2803233851866479
circ_01800,Macrophages,6.646262613480351,0.2931004808172747
circ_01801,CD4+ T cells,9.501878323925782,0.9142163211736928
circ_01802,B cells,6.0175041639284,0.5664800593598138
circ_01803,B cells,3.788691787793159,0.6195248643573178
circ_01804,Macrophages,6.460123437694641,0.8751342331410717
circ_01805,Macrophages,8.669542539485565,0.274520133474508
circ_01806,Macrophages,6.532105140971231,0.48491741463326543
circ_01807,Dendritic cells,3.08403394235635,0.8352569637220034
circ_01808,CD4+ T cells,7.070955702289053,0.43918312827606676
circ_01809,NK cells,4.454567350919461,0.7296150398498853
circ_01810,Macrophages,9.185964961220876,0.7703872557262548
circ_01811,NK cells,9.835339878976221,0.7233467855192605
circ_01812,CD4+ T cells,4.24961945434171,0.9718774836932556
circ_01813,NK cells,9.322408309536204,0.9730273634819476
circ_01814,Macrophages,6.020643592541718,0.3911152776802004
circ_01815,Dendritic cells,3.911354418315386,0.2444342639392869
circ_01816,CD4+ T cells,4.883326213240249,0.9136972762932389
circ_01817,CD8+ T cells,0.37248732233163606,0.991023625550831
circ_01818,Dendritic cells,9.136756627763093,0.513406525419557
circ_01819,B cells,2.274154441701608,0.35068784256093866
circ_01820,B cells,0.6630883208495653,0.31017085050581805
circ_01821,B cells,0.10468523086175519,0.3290678568059088
circ_01822,Dendritic cells,7.692561735970011,0.8930127515374656
circ_01823,CD8+ T cells,3.9278591843641317,0.2987564459071871
circ_01824,CD4+ T cells,3.4378657498901966,0.8597574075179896
circ_01825,Dendritic cells,0.04662342870511593,0.5427968252822911
circ_01826,Dendritic cells,6.817765363638814,0.6635159072736455
circ_01827,CD4+ T cells,0.7412293732332131,0.31227957458019173
circ_01828,Macrophages,6.384205519927242,0.19828991360094783
circ_01829,Dendritic cells,8.579767306299345,0.7645937481513928
circ_01830,Macrophages,8.82056097174669,0.10498933332159205
circ_01831,CD8+ T cells,3.121506176142762,0.95029382415712
circ_01832,B cells,0.7023922686597017,0.9502205389934599
circ_01833,Dendritic cells,4.194942776936802,0.809179447644904
circ_01834,B cells,5.3118414037798845,0.6281899843848726
circ_01835,B cells,2.6153092168491368,0.2395566429720572
circ_01836,CD8+ T cells,5.74173280469897,0.6856368570640762
circ_01837,B cells,8.363278959683397,0.9883098375931946
circ_01838,NK cells,9.886094879990718,0.2217065313021065
circ_01839,CD8+ T cells,5.200609582880553,0.15931133002774261
circ_01840,CD4+ T cells,6.21683171238349,0.20567464297640367
circ_01841,Dendritic cells,0.041032224861043964,0.2264877481676069
circ_01842,Dendritic cells,0.12614365451495968,0.1365279696083422
circ_01843,B cells,6.908409644338659,0.6961411924220425
circ_01844,NK cells,8.855782292573545,0.8183144847486611
circ_01845,Dendritic cells,1.1142417672603044,0.636978786353954
circ_01846,CD4+ T cells,4.853379973559359,0.39142612722843995
circ_01847,CD4+ T cells,3.8022154309641487,0.5666880887919797
circ_01848,CD8+ T cells,9.907780407892474,0.4587744626434185
circ_01849,Dendritic cells,5.963085259001578,0.724977323318173
circ_01850,Dendritic cells,6.34050256676736,0.8956875336895103
circ_01851,NK cells,0.7322533434509804,0.6480530838875612
circ_01852,Dendritic cells,1.1708739686550673,0.8414930992871034
circ_01853,B cells,9.074681920561385,0.21285151719313283
circ_01854,Dendritic cells,8.544237005152759,0.8354345299602084
circ_01855,Macrophages,2.289425775229852,0.6171712469686094
circ_01856,B cells,1.0423087913445184,0.4722780646483583
circ_01857,CD4+ T cells,2.3373321358889054,0.7927114892851516
circ_01858,B cells,3.3218720342059416,0.18697766338227756
circ_01859,Dendritic cells,4.43398052548687,0.45549502806764586
circ_01860,Macrophages,5.399747863739615,0.13366266763694623
circ_01861,Macrophages,9.092476973643313,0.9572194521212485
circ_01862,CD8+ T cells,2.461850551266289,0.39960139685011753
circ_01863,NK cells,5.982614206564523,0.4558389252864514
circ_01864,CD4+ T cells,0.8546947068066668,0.7709053614282577
circ_01865,Dendritic cells,0.725470493192174,0.9141385839981672
circ_01866,NK cells,4.369283953402119,0.8123041319285401
circ_01867,CD8+ T cells,6.987720411900904,0.3608465952498976
circ_01868,Dendritic cells,5.711875474613474,0.32393568441630305
circ_01869,CD8+ T cells,5.811884566606653,0.8992083268063241
circ_01870,B cells,4.833171224847943,0.1293510108807044
circ_01871,CD4+ T cells,6.531308507206815,0.488292799681889
circ_01872,NK cells,0.8138589592884038,0.5896253752130527
circ_01873,Dendritic cells,0.1788772827941032,0.3415250936661608
circ_01874,Macrophages,6.897085405006996,0.9208300087083671
circ_01875,Macrophages,8.76161306829825,0.42822997473182833
circ_01876,CD4+ T cells,9.165439297501731,0.3333449497357096
circ_01877,B cells,4.869612812818823,0.8157524087012595
circ_01878,Macrophages,1.2422358119052235,0.35129205997839263
circ_01879,B cells,8.496876237299219,0.9742418014119555
circ_01880,Macrophages,1.299924872699485,0.15822987042085607
circ_01881,CD4+ T cells,8.720579881836828,0.4713544086888247
circ_01882,B cells,4.033180468828901,0.6505522962616479
circ_01883,CD8+ T cells,1.587887361746373,0.2794222441007684
circ_01884,Dendritic cells,7.34101750309427,0.5622582925476496
circ_01885,Macrophages,0.8183769574027755,0.502825930757817
circ_01886,Macrophages,6.451592556797706,0.27981633828791125
circ_01887,NK cells,8.080491028677612,0.8594181870428835
circ_01888,Dendritic cells,0.20565860674281788,0.28187699664496735
circ_01889,B cells,9.112426211173876,0.7660709079937338
circ_01890,Macrophages,5.126524535062495,0.6795753205683964
circ_01891,Macrophages,0.0936757662576082,0.5412127235445057
circ_01892,Macrophages,4.055108498601381,0.7603431444173561
circ_01893,Dendritic cells,6.403018733180009,0.16244429898432983
circ_01894,NK cells,4.213123480837587,0.16486094219424569
circ_01895,B cells,8.842973409708957,0.3258740100875924
circ_01896,Dendritic cells,1.810369861999207,0.4141308414629957
circ_01897,CD8+ T cells,2.041223802311005,0.6553930834238217
circ_01898,B cells,3.7234126547376722,0.9500328742996471
circ_01899,CD8+ T cells,5.236852650184138,0.9731306980497143
circ_01900,Macrophages,1.8817187014052839,0.14033882144959342
circ_01901,Macrophages,9.358748606254407,0.10094605215543778
circ_01902,Dendritic cells,5.47802263506476,0.6402001002723273
circ_01903,NK cells,5.368244677806686,0.4117600070244568
circ_01904,CD4+ T cells,2.40908527296553,0.27657006870692674
circ_01905,Dendritic cells,7.7854288235703075,0.5362595859920617
circ_01906,Dendritic cells,2.4503929732045684,0.2718728324277514
circ_01907,NK cells,8.714553502259362,0.9519941548778492
circ_01908,Macrophages,7.781422529634023,0.9487997746406795
circ_01909,Macrophages,9.18788829550582,0.9909481417758975
circ_01910,CD8+ T cells,2.9521502698267224,0.3490136130929804
circ_01911,Macrophages,9.183068183566784,0.48419563769759866
circ_01912,Macrophages,7.256427649869939,0.7088855237146694
circ_01913,B cells,2.666075102938347,0.32798522315451495
circ_01914,CD8+ T cells,2.0588833654119787,0.9878047627260651
circ_01915,Macrophages,4.631514566621647,0.31200102049727046
circ_01916,CD4+ T cells,8.80829368787624,0.6885814643845738
circ_01917,CD4+ T cells,5.6639127712629165,0.8780564516719409
circ_01918,CD4+ T cells,1.1446396995408725,0.2877677283908294
circ_01919,B cells,6.074759644157183,0.9037714877162484
circ_01920,Macrophages,8.969435502958307,0.8058198344400508
circ_01921,CD8+ T cells,7.241036782601156,0.32708623754444976
circ_01922,NK cells,5.039011909128073,0.7217125520385713
circ_01923,Macrophages,7.831817318270139,0.7969805064971569
circ_01924,Macrophages,4.225924797723405,0.6233743971567891
circ_01925,CD8+ T cells,6.121176491193828,0.3582836921898712
circ_01926,Dendritic cells,6.518859964022223,0.6734293994982625
circ_01927,CD4+ T cells,3.0847774539886053,0.13809146942320627
circ_01928,Dendritic cells,7.915474854927344,0.34340045791876567
circ_01929,NK cells,7.852091632017743,0.2960267098403202
circ_01930,CD4+ T cells,6.377166531844378,0.3963867087505022
circ_01931,CD4+ T cells,9.154034902185359,0.8723371232405245
circ_01932,Macrophages,5.2162047452008515,0.9550807313424664
circ_01933,NK cells,7.578089820223646,0.6892093266051824
circ_01934,B cells,4.008104240326901,0.65384545992336
circ_01935,B cells,6.675195013770342,0.7403736723816736
circ_01936,Dendritic cells,0.21946351942418119,0.20460804848842934
circ_01937,CD4+ T cells,8.11545564531685,0.13037356213950438
circ_01938,CD4+ T cells,5.651729392515188,0.12766936167125945
circ_01939,NK cells,7.319494035004304,0.19134832952801228
circ_01940,CD8+ T cells,7.451107628739642,0.8807717342117706
circ_01941,CD4+ T cells,6.142736158504799,0.4859603095088555
circ_01942,B cells,0.14527217991427754,0.3409380663244831
circ_01943,Dendritic cells,8.39269040218057,0.28743321380286063
circ_01944,CD4+ T cells,4.953250819337105,0.8585132088675466
circ_01945,CD8+ T cells,6.9065971433074855,0.37220391342050896
circ_01946,Dendritic cells,8.981131088211644,0.6461181843275102
circ_01947,CD8+ T cells,5.670012731959101,0.17034819696585327
circ_01948,CD8+ T cells,3.266063351942081,0.7709541357341105
circ_01949,CD8+ T cells,9.314711578517342,0.8854616063741692
circ_01950,CD4+ T cells,6.2014294279663424,0.8981749047527308
circ_01951,CD8+ T cells,1.5184581151628418,0.10540022530447639
circ_01952,B cells,2.5721153054555113,0.9710607654314897
circ_01953,NK cells,2.5134344257442844,0.28336830172010347
circ_01954,CD8+ T cells,7.883033115598945,0.16603524376588844
circ_01955,NK cells,8.768992875974233,0.32469329347081655
circ_01956,B cells,5.744275085532963,0.8793721224971522
circ_01957,Dendritic cells,4.3056140033820895,0.8342402039543334
circ_01958,B cells,7.406217022044448,0.323171203326178
circ_01959,CD4+ T cells,7.966445503161545,0.7885039493154901
circ_01960,CD8+ T cells,1.1954810121066572,0.8525110157169185
circ_01961,B cells,6.104934865479228,0.6732150825323057
circ_01962,B cells,9.994661109514668,0.6869267312820665
circ_01963,Macrophages,8.491151116993953,0.5845729598858738
circ_01964,CD8+ T cells,9.938667036126144,0.7769005220150903
circ_01965,CD8+ T cells,6.895535652485295,0.36343168669752557
circ_01966,Macrophages,8.22427377902596,0.5175085571538104
circ_01967,NK cells,7.650114135424148,0.5959314733808401
circ_01968,CD4+ T cells,9.985142335523175,0.1053646868303056
circ_01969,Macrophages,1.9674500112912396,0.48787968444801233
circ_01970,B cells,7.434936530727919,0.46146045132004343
circ_01971,B cells,5.594440207507341,0.9842398265249613
circ_01972,CD4+ T cells,5.842677128536142,0.5629194281729603
circ_01973,NK cells,5.4678234467352365,0.45943365461239893
circ_01974,NK cells,7.197993886847764,0.3927491108580826
circ_01975,CD8+ T cells,1.1950362679892867,0.7969312696377554
circ_01976,B cells,1.7858442192770185,0.8566634861159679
circ_01977,NK cells,0.9665728760706249,0.7542768969323004
circ_01978,CD4+ T cells,8.516825302014897,0.4100875282664621
circ_01979,CD8+ T cells,8.879917666653425,0.8808748688743719
circ_01980,CD4+ T cells,6.234116832523822,0.9865968227195447
circ_01981,CD8+ T cells,6.7262159246590105,0.10060724843599966
circ_01982,B cells,7.762344831764599,0.1749334839149553
circ_01983,CD8+ T cells,5.432076612556371,0.7907456253381817
circ_01984,Macrophages,3.0127141723988506,0.7756570961095592
circ_01985,CD4+ T cells,6.105277326662791,0.17865997696922103
circ_01986,B cells,0.594007295735649,0.3747087064119262
circ_01987,Dendritic cells,7.246100415880564,0.18088343264410267
circ_01988,CD8+ T cells,0.6144424336093401,0.8741120712101837
circ_01989,Macrophages,2.580681246310302,0.43173030406996893
circ_01990,CD8+ T cells,7.954543765371298,0.3106415881922543
circ_01991,NK cells,0.25748981312783803,0.35185223428459966
circ_01992,Dendritic cells,9.474615422170306,0.8719945878577738
circ_01993,CD8+ T cells,0.9533401505804628,0.5964473614472564
circ_01994,CD8+ T cells,9.696039308429864,0.7178366714722634
circ_01995,CD4+ T cells,9.377301938659482,0.37683092243573046
circ_01996,Macrophages,3.913629860142592,0.950457541714751
circ_01997,CD4+ T cells,1.4131437600662888,0.7114853921613791
circ_01998,CD8+ T cells,5.122851238346441,0.954523246126148
circ_01999,Dendritic cells,6.653702774150865,0.4551923388276954
circ_02000,Macrophages,7.580240693394861,0.9123411232467873
circ_02001,Macrophages,7.513991634174745,0.227404936849733
circ_02002,Dendritic cells,1.7329346167816262,0.6523278541744858
circ_02003,Dendritic cells,9.37747269426028,0.6583055370860268
circ_02004,B cells,2.9487048319822993,0.18227724712169416
circ_02005,CD8+ T cells,0.017690474619600494,0.9644698923595548
circ_02006,Macrophages,3.083382030523368,0.3440054812675888
circ_02007,Macrophages,6.053358201991993,0.4340795259453687
circ_02008,NK cells,4.0029337300539725,0.441499639559939
circ_02009,CD4+ T cells,7.105500471511805,0.10404810268946868
circ_02010,CD8+ T cells,5.944750048402626,0.6692127041195749
circ_02011,NK cells,3.445916052324589,0.9480742917113529
circ_02012,B cells,6.642415235125901,0.6559070072605245
circ_02013,Macrophages,9.713275901748872,0.28561930647893796
circ_02014,CD4+ T cells,4.945692638150624,0.9963256772416852
circ_02015,Macrophages,5.520144950071605,0.79198489710845
circ_02016,Dendritic cells,2.0432662377688704,0.46574227848483485
circ_02017,Dendritic cells,5.968723086643855,0.4125294792870503
circ_02018,Macrophages,9.954309302779881,0.9900027454810851
circ_02019,Dendritic cells,6.035241144500208,0.7765253676657935
circ_02020,B cells,9.274668109092557,0.6876137715335651
circ_02021,B cells,8.125917960527357,0.22612070358975078
circ_02022,CD8+ T cells,1.8664418984017073,0.9926951202595349
circ_02023,NK cells,7.412027600657064,0.7858132961234034
circ_02024,Macrophages,6.32354985983219,0.5631630926006785
circ_02025,B cells,8.040958488446083,0.10577928228402925
circ_02026,Dendritic cells,9.997734655500285,0.17859520992333183
circ_02027,NK cells,9.87220216751145,0.6384691873367258
circ_02028,CD8+ T cells,0.9757249323597883,0.10856291914263215
circ_02029,NK cells,9.007848870872763,0.2773493269191444
circ_02030,CD4+ T cells,1.5398221383436728,0.18000107888698247
circ_02031,CD8+ T cells,9.040007710602357,0.31048739566708583
circ_02032,CD4+ T cells,2.6289175338596205,0.6575286946721386
circ_02033,NK cells,2.6533857845393714,0.7114612858943312
circ_02034,CD8+ T cells,6.473868993786702,0.15120810545525099
circ_02035,CD4+ T cells,7.090920428626813,0.9051891438656774
circ_02036,NK cells,6.116510020367936,0.27473795532649326
circ_02037,B cells,6.069136403249461,0.7942400500120533
circ_02038,CD8+ T cells,5.60415026304156,0.7463304688656904
circ_02039,Macrophages,6.0429722321765045,0.5338599611763771
circ_02040,CD8+ T cells,6.160157507042139,0.19984593990399369
circ_02041,Macrophages,8.470753170656732,0.3466835412993057
circ_02042,Dendritic cells,2.0712343436991096,0.7711660723843314
circ_02043,B cells,6.344218135777073,0.7619262736987668
circ_02044,Dendritic cells,0.5733516142470496,0.7305183087864594
circ_02045,B cells,0.6846913293036028,0.9826006025893576
circ_02046,NK cells,4.3939789165550005,0.7993719441125849
circ_02047,NK cells,9.968925259420741,0.8057804313004321
circ_02048,CD8+ T cells,4.639598400644262,0.6708672700269787
circ_02049,B cells,0.5342406391291676,0.22948037906781948
circ_02050,B cells,7.691389883002545,0.7406078930353254
circ_02051,B cells,3.9581733093833362,0.3524458734618924
circ_02052,Macrophages,0.44489581010621837,0.1839046031784603
circ_02053,B cells,0.8012801865752328,0.7473531035537506
circ_02054,CD8+ T cells,4.536642497110584,0.9166832150133487
circ_02055,B cells,1.347801031098833,0.21163012946587134
circ_02056,Macrophages,6.133453985850066,0.5793618567583607
circ_02057,Dendritic cells,9.795133663116076,0.5307985536867478
circ_02058,CD8+ T cells,7.642812697512687,0.47835401443550685
circ_02059,CD4+ T cells,8.587964517227434,0.5000398744965665
circ_02060,Macrophages,5.061098909260596,0.9702734281799906
circ_02061,Dendritic cells,4.497103235796157,0.8505425932181793
circ_02062,Macrophages,3.403215395529209,0.17962283299610915
circ_02063,NK cells,0.8379913740964062,0.893009755005601
circ_02064,Macrophages,5.548691522517686,0.8070962809325688
circ_02065,Macrophages,8.279426572841373,0.45969499244273415
circ_02066,NK cells,2.7822768320747935,0.27170332813629183
circ_02067,Dendritic cells,1.0283750446342477,0.7416668914415622
circ_02068,Dendritic cells,5.967534497840853,0.6581344535458167
circ_02069,Macrophages,0.38344852782522865,0.157785689523695
circ_02070,NK cells,5.9198291163158885,0.11893235838152379
circ_02071,CD4+ T cells,3.0801421988733524,0.913077789605606
circ_02072,Macrophages,8.630801114147879,0.33830400376834135
circ_02073,Macrophages,4.725947411513416,0.35447682453190965
circ_02074,B cells,5.784280090321071,0.8641922472608174
circ_02075,Dendritic cells,3.9746923035819237,0.8298828682005827
circ_02076,CD4+ T cells,9.90897605766883,0.3843364419357981
circ_02077,Macrophages,4.3244783059240195,0.2091319041630041
circ_02078,Dendritic cells,6.080026820486022,0.8465497291097396
circ_02079,CD4+ T cells,4.58306131921263,0.7028406580667556
circ_02080,CD8+ T cells,6.273973269437546,0.31681757128003263
circ_02081,CD8+ T cells,7.959564345171833,0.2576715008863048
circ_02082,NK cells,3.3295968610260562,0.20397946592157618
circ_02083,CD8+ T cells,9.087388478307288,0.1381150058754833
circ_02084,B cells,0.7134398143884324,0.582954458108794
circ_02085,CD4+ T cells,0.08988951376557197,0.9451392847672218
circ_02086,B cells,7.985168261793312,0.3295401144983582
circ_02087,Dendritic cells,8.447053526895514,0.2660582140152288
circ_02088,CD8+ T cells,7.646717864795573,0.2712309924668213
circ_02089,B cells,4.729226844044627,0.7752526846937988
circ_02090,Dendritic cells,5.206795819566774,0.5590585852533888
circ_02091,B cells,2.619548644330415,0.9801124949096819
circ_02092,NK cells,4.17755104213129,0.8922805570388878
circ_02093,Macrophages,5.855952197121001,0.21491750577967828
circ_02094,CD8+ T cells,6.014084207541115,0.37188297690593586
circ_02095,Dendritic cells,6.884338142834821,0.30175866193469325
circ_02096,CD4+ T cells,3.1404282038974998,0.1892982763627976
circ_02097,CD4+ T cells,2.2568748331474744,0.14942754485393994
circ_02098,CD8+ T cells,8.03414162403598,0.9011695708270024
circ_02099,Dendritic cells,3.7356302107258554,0.6036380573340242
circ_02100,Dendritic cells,1.4829561793171697,0.8363568267693992
circ_02101,CD4+ T cells,4.435494747136337,0.2571853289522493
circ_02102,NK cells,3.6349134294301946,0.533586667390651
circ_02103,NK cells,6.880881606724406,0.6443737555083123
circ_02104,CD4+ T cells,6.198216486524407,0.8727850717098322
circ_02105,NK cells,4.987976121966734,0.1985773832265718
circ_02106,CD8+ T cells,3.0072644909611848,0.4871307796597131
circ_02107,Macrophages,2.028945491821579,0.8914685550878538
circ_02108,NK cells,4.383312335735619,0.5119945319919463
circ_02109,Dendritic cells,1.466932460842446,0.9726055675774442
circ_02110,CD8+ T cells,2.7097188962095267,0.20067453266030194
circ_02111,CD8+ T cells,2.279105513284272,0.8746457196128109
circ_02112,Macrophages,8.190411856394869,0.1770708784765505
circ_02113,Macrophages,2.9290341281375696,0.540619828105714
circ_02114,Dendritic cells,1.191715364850039,0.8511491514503398
circ_02115,CD8+ T cells,8.833358224147535,0.18978078363232126
circ_02116,Dendritic cells,0.6539366199104513,0.7117972606310455
circ_02117,CD4+ T cells,6.122453975938466,0.5978921018659116
circ_02118,B cells,0.0038846610906984047,0.1635410996147016
circ_02119,Dendritic cells,4.7531314457495135,0.3163833689843559
circ_02120,NK cells,1.4613661039011205,0.8317437244525506
circ_02121,CD8+ T cells,8.065471737857434,0.7432395187840801
circ_02122,CD8+ T cells,9.11103878645113,0.5901296826956584
circ_02123,CD8+ T cells,4.602366930275695,0.9119654214685597
circ_02124,Macrophages,8.406427651977207,0.2306242177349555
circ_02125,Macrophages,4.2329372548358934,0.9610040646204392
circ_02126,B cells,7.011248056394094,0.5962900413240971
circ_02127,CD4+ T cells,9.9545543452171,0.24537332332636183
circ_02128,CD8+ T cells,9.317094947783032,0.10888288674531252
circ_02129,Dendritic cells,2.2462179598293286,0.24429013253819346
circ_02130,NK cells,4.833436463191488,0.6634604644153321
circ_02131,Dendritic cells,2.6951031435364636,0.44188358147537066
circ_02132,Macrophages,4.017060182544171,0.14138075583823673
circ_02133,NK cells,3.208491806805178,0.15320340496688306
circ_02134,NK cells,3.639656099442501,0.5546136287159257
circ_02135,CD4+ T cells,1.2310910463491476,0.9674061738963039
circ_02136,CD4+ T cells,2.9733453451106273,0.111123214842275
circ_02137,Macrophages,5.618246185394156,0.25981554284941344
circ_02138,CD4+ T cells,5.778196649198414,0.453443998257807
circ_02139,Dendritic cells,1.903733481240778,0.21615131216933503
circ_02140,Macrophages,1.6119066856280095,0.6536885611689192
circ_02141,B cells,8.150701350089093,0.29947559970657045
circ_02142,NK cells,5.8728354895743635,0.5747548173612674
circ_02143,B cells,2.578794744957559,0.9938152117060088
circ_02144,Dendritic cells,3.2958437501925806,0.8477063089803968
circ_02145,Dendritic cells,3.2615699409482035,0.2512518955690211
circ_02146,Dendritic cells,1.541261912544537,0.5892548230268936
circ_02147,CD4+ T cells,3.4818582775848816,0.14259067292467992
circ_02148,Dendritic cells,9.672330197831744,0.45557057386312205
circ_02149,B cells,9.010421047795777,0.33365772372393104
circ_02150,Dendritic cells,6.9581352593876575,0.14818878959397055
circ_02151,B cells,2.159992447128909,0.13240910593130242
circ_02152,CD8+ T cells,9.692850346542247,0.9735096525254819
circ_02153,CD8+ T cells,8.080835866946863,0.5255333582931763
circ_02154,Macrophages,5.863054693416812,0.8074536928550852
circ_02155,CD4+ T cells,8.048624010389297,0.9379077434148407
circ_02156,Macrophages,1.7804736613930505,0.7237408720098745
circ_02157,Macrophages,0.02387971783906373,0.42498999926803727
circ_02158,CD8+ T cells,6.4584219407766765,0.36154774622744823
circ_02159,Macrophages,3.026238623012305,0.6853051930303143
circ_02160,CD8+ T cells,1.7456025863742175,0.13050930214525436
circ_02161,NK cells,8.906806099432124,0.18346058305816365
circ_02162,B cells,8.829570275090738,0.2789310305042684
circ_02163,NK cells,2.692232915130064,0.9321605866418281
circ_02164,Dendritic cells,8.612628027738248,0.7190909241878319
circ_02165,CD4+ T cells,7.2719215500826815,0.7472076717234989
circ_02166,Macrophages,1.5607919258310765,0.9594936252360357
circ_02167,CD4+ T cells,8.246583978065527,0.5338053641368513
circ_02168,CD4+ T cells,3.7121457055343274,0.9207555568123892
circ_02169,Dendritic cells,6.535957668701677,0.11095676279884253
circ_02170,Dendritic cells,4.976895407394278,0.654823071704199
circ_02171,Macrophages,0.016950367822202717,0.4164140140501056
circ_02172,Macrophages,0.46790406541537766,0.2294257632134512
circ_02173,CD8+ T cells,6.973294617909808,0.10121437176695658
circ_02174,Dendritic cells,0.4062689793617402,0.11593737509405622
circ_02175,Macrophages,1.228906751216694,0.27059247491729976
circ_02176,B cells,6.034953772882203,0.4217080128670113
circ_02177,Macrophages,8.147977670378104,0.6117950162462638
circ_02178,B cells,8.005809009945132,0.22991078460125514
circ_02179,CD8+ T cells,5.840394338427206,0.5379052843632882
circ_02180,CD4+ T cells,2.9426969373465237,0.7821116768671238
circ_02181,CD8+ T cells,8.888516280187433,0.7784866163706367
circ_02182,Macrophages,0.5847466198225926,0.6442515359546827
circ_02183,NK cells,1.6290399992299776,0.6888360164619258
circ_02184,B cells,9.859727940452874,0.3063430013138531
circ_02185,B cells,2.9900407881553903,0.9107175588841381
circ_02186,B cells,7.025425638931488,0.5165058946389466
circ_02187,Dendritic cells,4.662819474115009,0.15281752227367632
circ_02188,CD4+ T cells,8.6634190599381,0.5725768079866762
circ_02189,B cells,7.186459630120031,0.6095275928163024
circ_02190,Dendritic cells,3.723466093248029,0.9311020480269963
circ_02191,CD8+ T cells,0.704599273962756,0.3860706017244707
circ_02192,CD8+ T cells,2.5656669605598825,0.35019027508089906
circ_02193,NK cells,6.031220779982349,0.600389220153907
circ_02194,B cells,1.69452673892603,0.24283497928717834
circ_02195,B cells,6.583717969699881,0.6196070588714554
circ_02196,NK cells,1.4092001561220713,0.7454592181233122
circ_02197,Macrophages,1.9312364555190653,0.7820212087756843
circ_02198,Dendritic cells,1.750172557257843,0.9870064222829947
circ_02199,CD4+ T cells,2.360250101283313,0.21567121946683798
circ_02200,Macrophages,1.217372154955234,0.9148634762548543
circ_02201,Dendritic cells,1.874200123950004,0.13256221609263188
circ_02202,Dendritic cells,4.126030532375884,0.32802531861966366
circ_02203,Dendritic cells,4.629710798686294,0.1273629365480787
circ_02204,NK cells,4.574247810898181,0.9400175010995985
circ_02205,Dendritic cells,9.76514113440508,0.29904268018375774
circ_02206,Macrophages,3.5787685533280333,0.673890648401658
circ_02207,Macrophages,4.396546527355474,0.6019657997986051
circ_02208,CD4+ T cells,2.975597279252815,0.9512161571150234
circ_02209,NK cells,2.9435978636830984,0.8000437612294403
circ_02210,CD4+ T cells,1.0954364623793977,0.22134180173760448
circ_02211,CD4+ T cells,3.3918712422567676,0.9552952756454799
circ_02212,B cells,8.934193369998498,0.39414085787516384
circ_02213,Dendritic cells,2.065316271251331,0.4761625081474328
circ_02214,Dendritic cells,0.12235998684771987,0.6496707851061719
circ_02215,CD4+ T cells,8.144199601263923,0.15883779007927987
circ_02216,CD8+ T cells,1.4768073848535257,0.11573555065019092
circ_02217,Dendritic cells,5.207022257669723,0.5587262773005863
circ_02218,CD4+ T cells,8.341157565772178,0.1709983808716791
circ_02219,Dendritic cells,9.095414083924439,0.13260207709438374
circ_02220,Dendritic cells,1.1518292539438657,0.7508446886129226
circ_02221,NK cells,4.275576028256848,0.982374515978591
circ_02222,Macrophages,6.07829820600501,0.1689737615186297
circ_02223,NK cells,7.127192796342329,0.9051595868613148
circ_02224,B cells,4.707619134740883,0.48454558484979793
circ_02225,Dendritic cells,6.6961942094918205,0.8229354309185594
circ_02226,CD4+ T cells,6.43308207504951,0.7970167441670913
circ_02227,Dendritic cells,8.540884604386761,0.9605302742116152
circ_02228,CD8+ T cells,4.824073570091251,0.10964294041029705
circ_02229,B cells,7.9814088000487065,0.8204091590255745
circ_02230,Dendritic cells,5.521041745649557,0.5142497339876557
circ_02231,Dendritic cells,1.7427044264827174,0.47009068552629063
circ_02232,Macrophages,3.4338252507598677,0.65510148660988
circ_02233,CD4+ T cells,7.331893940639058,0.6921085794121655
circ_02234,Dendritic cells,6.517580921614382,0.6325597800822021
circ_02235,Dendritic cells,7.465039374424628,0.4828497062315793
circ_02236,Dendritic cells,1.7361580284177214,0.6181378021931987
circ_02237,Dendritic cells,3.6684168828412735,0.9056305147776532
circ_02238,CD8+ T cells,6.536596644847216,0.3953115515170833
circ_02239,NK cells,7.310526202677434,0.5342646445652067
circ_02240,Dendritic cells,3.2358612081359786,0.38881481519004946
circ_02241,CD4+ T cells,4.53673851459924,0.6415678597397624
circ_02242,NK cells,6.4326364645965075,0.7719549557595403
circ_02243,CD8+ T cells,0.6683845382464682,0.9017721769470252
circ_02244,Dendritic cells,1.4383934614413563,0.39564210594763904
circ_02245,Dendritic cells,5.541456358559113,0.5862713081290694
circ_02246,B cells,1.2726626106833971,0.9700745042338845
circ_02247,B cells,1.9963303437149904,0.3594865614197875
circ_02248,Dendritic cells,9.113759312547554,0.994773752591559
circ_02249,CD8+ T cells,2.4413914838391237,0.756406691997589
circ_02250,NK cells,6.93905940558774,0.2808402757972581
circ_02251,Dendritic cells,7.171515359637681,0.2995401329940467
circ_02252,CD8+ T cells,3.0243977403292477,0.14294746900110075
circ_02253,Macrophages,5.212609843123468,0.38599841179871663
circ_02254,CD8+ T cells,4.124561641518457,0.8563367140359107
circ_02255,CD4+ T cells,9.076514481870298,0.7966612377110514
circ_02256,NK cells,6.9964550337799825,0.5238607240614704
circ_02257,B cells,0.2654936048123302,0.3853327078130159
circ_02258,CD8+ T cells,5.1595682924781885,0.5204639798566442
circ_02259,CD4+ T cells,6.7198503626779456,0.5259298283078269
circ_02260,B cells,9.718153813864458,0.7166671544143091
circ_02261,Dendritic cells,3.9011204329802363,0.16137899371169256
circ_02262,B cells,2.0389249570266332,0.36830996647733494
circ_02263,CD4+ T cells,3.3383942680471868,0.3072882635459141
circ_02264,Macrophages,5.88338085636904,0.8471421183358299
circ_02265,CD8+ T cells,6.925097972891815,0.1844224479661481
circ_02266,Macrophages,5.958125174081128,0.1371611582764627
circ_02267,B cells,0.4506760236178742,0.8734275633305296
circ_02268,Dendritic cells,1.9139180077284834,0.6839458585425596
circ_02269,B cells,2.384597251105338,0.7176908077913061
circ_02270,CD4+ T cells,0.3134516602036186,0.40240787547178203
circ_02271,NK cells,3.2503787499738035,0.7099583988469137
circ_02272,B cells,6.700596173687422,0.5582117079257579
circ_02273,B cells,8.971945897800675,0.6122137285284429
circ_02274,B cells,9.169156408367943,0.5585911595598756
circ_02275,CD4+ T cells,6.5307187868994845,0.7463814766843246
circ_02276,CD8+ T cells,3.820572983199936,0.8079267801656129
circ_02277,CD8+ T cells,1.473842090062456,0.35020067381611
circ_02278,NK cells,1.7253248226893658,0.4003464699729805
circ_02279,NK cells,7.613990658585151,0.24265715330684265
circ_02280,Macrophages,1.2672914739746954,0.6284066390863088
circ_02281,CD8+ T cells,5.0139545554295575,0.396956017962971
circ_02282,CD8+ T cells,3.2647434070852412,0.7867064966544444
circ_02283,Dendritic cells,7.866357091225929,0.1657931039760876
circ_02284,Dendritic cells,7.677458425646957,0.8976993961205123
circ_02285,NK cells,7.686560459915933,0.24215578722411954
circ_02286,CD4+ T cells,6.329923410085839,0.8044277955637151
circ_02287,Dendritic cells,8.975797264504713,0.3265932132145188
circ_02288,B cells,5.1683625079939635,0.18668565947132532
circ_02289,Macrophages,6.765631716150224,0.4874316215567641
circ_02290,NK cells,9.242612715525778,0.8668479180883827
circ_02291,CD8+ T cells,8.529063119707924,0.1633018365851201
circ_02292,Dendritic cells,4.787687955331537,0.3959859320189343
circ_02293,Macrophages,3.7343581993754094,0.6604086328446673
circ_02294,CD4+ T cells,5.756244543757719,0.11563308473831686
circ_02295,B cells,1.937535178547265,0.9917768384309816
circ_02296,B cells,1.2930684659975256,0.3764360543529348
circ_02297,B cells,6.046045553679882,0.9009062525440626
circ_02298,CD8+ T cells,5.672216419921127,0.20909729467082433
circ_02299,NK cells,1.41181828775224,0.4357944123577666
circ_02300,B cells,4.455100446544913,0.962057058596537
circ_02301,CD8+ T cells,5.3534259249629415,0.8188449622938795
circ_02302,CD8+ T cells,8.880535467426636,0.536065723994252
circ_02303,Macrophages,9.71422776841533,0.40847649223461524
circ_02304,Macrophages,0.9968853333714556,0.2799837666913096
circ_02305,NK cells,8.802202919395798,0.7656027462536439
circ_02306,NK cells,4.530235747796035,0.6621837835912906
circ_02307,CD4+ T cells,0.47263560748848743,0.6236675164911196
circ_02308,Dendritic cells,0.08840971916206808,0.7625050318409319
circ_02309,B cells,8.908341288174865,0.3963855646354807
circ_02310,CD4+ T cells,6.487906258843857,0.9879406872267321
circ_02311,NK cells,1.2218181440114684,0.5318573950894648
circ_02312,CD4+ T cells,8.671539106648048,0.18252664107788846
circ_02313,NK cells,5.788419367987227,0.9372041815123487
circ_02314,CD8+ T cells,4.714246794285501,0.9511451897234596
circ_02315,CD4+ T cells,5.059589224881097,0.8195437800793004
circ_02316,CD8+ T cells,3.269128356526921,0.7840323672167949
circ_02317,CD4+ T cells,6.012721138869104,0.5303016973015746
circ_02318,Dendritic cells,2.475822488375808,0.7755696611642765
circ_02319,Dendritic cells,0.153333361057999,0.43210239480081303
circ_02320,CD4+ T cells,8.115861895392204,0.19063289079377416
circ_02321,NK cells,5.111259856917673,0.6899576251341011
circ_02322,CD8+ T cells,3.952158868900252,0.8547897052722452
circ_02323,Macrophages,0.6290644474671003,0.18842506706186574
circ_02324,NK cells,6.253729041293877,0.2649758624924768
circ_02325,NK cells,2.858326027574114,0.3286539727331831
circ_02326,B cells,9.494193594459043,0.5590337288569561
circ_02327,CD8+ T cells,7.811734500315152,0.6424807719007337
circ_02328,NK cells,1.641523610485096,0.27799895986884754
circ_02329,NK cells,2.191970611402442,0.5933907837764495
circ_02330,CD4+ T cells,9.13832706205525,0.7574904684802835
circ_02331,Macrophages,4.881097911171062,0.6916503527286552
circ_02332,Dendritic cells,1.916913162516919,0.9530959776765151
circ_02333,CD4+ T cells,0.9170377628314841,0.1295626115169622
circ_02334,Dendritic cells,2.63126445310197,0.6661097194007795
circ_02335,Dendritic cells,9.216590328267607,0.4964941414080237
circ_02336,CD4+ T cells,5.046780585018472,0.17654208595424437
circ_02337,Dendritic cells,9.330829288473497,0.6787442501754203
circ_02338,Dendritic cells,0.08961199006149223,0.8049927858198196
circ_02339,CD8+ T cells,7.86774053355054,0.7380620291938037
circ_02340,Dendritic cells,1.043472650498044,0.6400790392176234
circ_02341,Dendritic cells,9.778290110073266,0.5263572164678427
circ_02342,Dendritic cells,4.9937121654340055,0.1557648252353334
circ_02343,Macrophages,9.669240171788765,0.9169593035486509
circ_02344,CD8+ T cells,3.0618361106174694,0.9656857694273282
circ_02345,Dendritic cells,6.476945926924094,0.3684894964636378
circ_02346,CD4+ T cells,6.073089107952999,0.2653107747077736
circ_02347,CD4+ T cells,6.5833148051483406,0.9786935790778732
circ_02348,CD8+ T cells,6.6998673135467595,0.6349591018524675
circ_02349,CD4+ T cells,6.619595839974543,0.8029911266163867
circ_02350,CD4+ T cells,6.412645735701192,0.32882290961037886
circ_02351,Dendritic cells,0.046170962759355394,0.39462989249054525
circ_02352,Macrophages,9.745414693195519,0.8489797260510823
circ_02353,CD8+ T cells,8.67161702698707,0.559603025660463
circ_02354,NK cells,1.7899838613115715,0.9507965938368182
circ_02355,CD4+ T cells,7.374315979964813,0.6849067222104678
circ_02356,CD4+ T cells,7.6566570109074625,0.741804141445348
circ_02357,CD8+ T cells,2.475324552491338,0.614967776544667
circ_02358,CD8+ T cells,3.9069462232017163,0.418549472538595
circ_02359,NK cells,2.883244794087493,0.3349808174884213
circ_02360,B cells,3.6789605248569455,0.5178857342832184
circ_02361,CD4+ T cells,8.744127322943728,0.8235308256073417
circ_02362,NK cells,5.820694994095623,0.5854250949102207
circ_02363,CD8+ T cells,7.726519916782716,0.5492047451396206
circ_02364,Dendritic cells,4.178321050291624,0.5533899052468512
circ_02365,CD8+ T cells,3.3204289409990198,0.7513608273566081
circ_02366,NK cells,4.635841751183896,0.7575632337730304
circ_02367,Dendritic cells,3.038658298934119,0.24367678791666023
circ_02368,Dendritic cells,8.561730042938574,0.6912993418163309
circ_02369,CD4+ T cells,6.924054930912401,0.6711280591347014
circ_02370,Macrophages,3.185105482042018,0.505004294568006
circ_02371,B cells,6.965448988484768,0.8194755837898212
circ_02372,CD4+ T cells,4.24645029894183,0.8833449919116599
circ_02373,Dendritic cells,3.4998954623091603,0.24517643599628633
circ_02374,NK cells,2.590598447011414,0.3226134358669318
circ_02375,Dendritic cells,7.390566531482133,0.21311407922265757
circ_02376,NK cells,6.683490381050903,0.6661894133795376
circ_02377,CD8+ T cells,7.217039639254232,0.5436897823364157
circ_02378,Dendritic cells,7.167485198116534,0.7736313732824669
circ_02379,Dendritic cells,4.668802624258806,0.39842990164752434
circ_02380,NK cells,8.43351224812348,0.48614843878390224
circ_02381,CD8+ T cells,7.334875157498742,0.9059022273322691
circ_02382,NK cells,1.8813302833072387,0.546155443442188
circ_02383,CD8+ T cells,9.714307684869631,0.6227623995405014
circ_02384,Macrophages,1.000714497828652,0.8718663305320496
circ_02385,Dendritic cells,9.283458099530293,0.40737964549005135
circ_02386,Macrophages,2.645115147232573,0.9597620014564008
circ_02387,NK cells,7.861861639360713,0.8498938997939114
circ_02388,CD8+ T cells,8.783286666389879,0.2183820830021948
circ_02389,B cells,3.191495279387875,0.6406654713336689
circ_02390,NK cells,7.961909344376967,0.21827494777574846
circ_02391,CD8+ T cells,5.8361276973819916,0.6496914132586791
circ_02392,NK cells,8.406239332496686,0.7789584937077282
circ_02393,CD8+ T cells,8.776009594852848,0.5550816159981447
circ_02394,Dendritic cells,3.6048602293537457,0.16896876405950684
circ_02395,Macrophages,3.0533971299001994,0.38061639641287826
circ_02396,CD4+ T cells,1.8878468661627512,0.8085734566367068
circ_02397,CD4+ T cells,9.657515756439278,0.9519854669564278
circ_02398,Dendritic cells,7.454269390259334,0.8686741631022856
circ_02399,Macrophages,3.769767288855219,0.37919008372102814
circ_02400,Dendritic cells,9.736576437805157,0.9440584071876681
circ_02401,Dendritic cells,3.3289700269992606,0.8905638553725841
circ_02402,B cells,8.636876801415152,0.3573093820798775
circ_02403,B cells,6.565501433221996,0.838425179001705
circ_02404,Dendritic cells,6.0901272256468,0.464996068675423
circ_02405,Dendritic cells,6.393783102505783,0.7025148156587484
circ_02406,CD8+ T cells,9.855157426344608,0.16334343954823152
circ_02407,CD8+ T cells,0.39407038424737806,0.38667246793127663
circ_02408,Macrophages,2.1190710520694744,0.813247370351305
circ_02409,Dendritic cells,7.046640962968836,0.9226615687477572
circ_02410,CD8+ T cells,2.8620333636505304,0.6945399846925525
circ_02411,Macrophages,7.59219847548122,0.6007396475889883
circ_02412,NK cells,5.007296588119214,0.9572481677177392
circ_02413,CD4+ T cells,7.152135504094907,0.5629315986950375
circ_02414,CD4+ T cells,9.674126183343954,0.6085368029790761
circ_02415,NK cells,8.953032350003644,0.6124572003261295
circ_02416,NK cells,1.7551830150608283,0.566233942796526
circ_02417,Macrophages,0.596339719795338,0.16670850246442384
circ_02418,Macrophages,3.6753927840843548,0.5867951732178468
circ_02419,CD8+ T cells,1.5021467268852962,0.51608413682349
circ_02420,Macrophages,0.4786904927996172,0.8951270671257301
circ_02421,CD8+ T cells,9.369171726101928,0.5997025343723511
circ_02422,Macrophages,0.34928278914837074,0.37261491656417634
circ_02423,Macrophages,1.7855729649019458,0.34923909315603363
circ_02424,B cells,6.242681179734343,0.6309558355242326
circ_02425,Macrophages,3.1784790353340986,0.5787128529302699
circ_02426,CD8+ T cells,9.424551011225436,0.17259944012464284
circ_02427,CD4+ T cells,0.14651788739454052,0.5128396748383051
circ_02428,B cells,9.53659162356362,0.3395857932804999
circ_02429,B cells,0.7719658597277168,0.20404660778558184
circ_02430,CD8+ T cells,1.5906717837691686,0.9548682494009444
circ_02431,CD8+ T cells,3.8574769001772493,0.26986442726310234
circ_02432,NK cells,7.925732346662153,0.15883002727216625
circ_02433,NK cells,6.661641734595984,0.22305068626935712
circ_02434,Macrophages,3.2987781941411387,0.3243924992209383
circ_02435,Dendritic cells,8.700817265072335,0.9535652841803274
circ_02436,NK cells,3.923969883568038,0.20617910207164808
circ_02437,NK cells,9.819454538338567,0.11335306320504665
circ_02438,Dendritic cells,7.210326813103785,0.636261818315803
circ_02439,CD4+ T cells,7.976410997752693,0.22956723358263034
circ_02440,NK cells,4.045581466958285,0.848271102288638
circ_02441,Macrophages,1.7189515791085008,0.6534746545501808
circ_02442,CD4+ T cells,1.4376571784641679,0.4526898122011733
circ_02443,B cells,2.1552683515091986,0.17973017510999276
circ_02444,Dendritic cells,5.565211850948122,0.5160179578225593
circ_02445,NK cells,8.175881827055385,0.37672042096412717
circ_02446,CD4+ T cells,3.82155352186631,0.45343089034258865
circ_02447,CD8+ T cells,9.488504606833354,0.3743080348682458
circ_02448,CD8+ T cells,4.405861355974614,0.3289167977204187
circ_02449,CD4+ T cells,1.748218667516781,0.1186750710067897
circ_02450,NK cells,3.8661641988273843,0.4513458080658742
circ_02451,Dendritic cells,3.1836657758461517,0.922759228543931
circ_02452,CD4+ T cells,0.33300275159652504,0.4490352583696309
circ_02453,Macrophages,8.881084186364191,0.4082364907567694
circ_02454,B cells,0.31467345608734654,0.8804791624466038
circ_02455,CD8+ T cells,8.04606283745955,0.6898503519713968
circ_02456,CD4+ T cells,2.1975304462180723,0.3536538914044033
circ_02457,Macrophages,8.104302366630018,0.7441865221588811
circ_02458,CD8+ T cells,0.929122684705177,0.5889101930288629
circ_02459,CD4+ T cells,9.400492683683085,0.2863744675740363
circ_02460,Macrophages,8.597448603993218,0.4534852999785922
circ_02461,NK cells,5.535196345074084,0.1965478270453798
circ_02462,CD4+ T cells,3.1084033236220145,0.6202063793953515
circ_02463,NK cells,8.08869228731688,0.8027027340445816
circ_02464,B cells,3.9576690775576226,0.2982157362127056
circ_02465,Dendritic cells,2.324673869191379,0.5830925059241635
circ_02466,NK cells,8.664692050742296,0.22007858535318592
circ_02467,CD4+ T cells,1.2998315159077967,0.694805054753282
circ_02468,Dendritic cells,2.240855717950855,0.6569134627738579
circ_02469,Macrophages,5.766476243496293,0.2927787762670023
circ_02470,CD8+ T cells,9.590676895366034,0.13551505814295692
circ_02471,NK cells,5.211584934922151,0.563639591490274
circ_02472,CD8+ T cells,8.446848561316159,0.5752877161603488
circ_02473,Dendritic cells,5.6748841914590775,0.6655856802940043
circ_02474,NK cells,3.2176696463435714,0.3162897753207396
circ_02475,B cells,0.3812132807344615,0.10684168577394539
circ_02476,CD4+ T cells,7.7281146188950665,0.6189758810754632
circ_02477,B cells,5.166841984837336,0.547449328670297
circ_02478,CD4+ T cells,0.9499210696565719,0.7575070131970812
circ_02479,NK cells,8.550243906394869,0.2617945680509187
circ_02480,B cells,7.465649680983917,0.5440396271076927
circ_02481,NK cells,8.036056948104967,0.33748014903564366
circ_02482,Macrophages,8.615250911843425,0.40181149271332073
circ_02483,Dendritic cells,6.592806568790066,0.7202453991204973
circ_02484,B cells,5.83412432096183,0.8771216970552841
circ_02485,NK cells,2.293729507893091,0.22383073550234373
circ_02486,CD8+ T cells,3.3004608389945655,0.2953174914322031
circ_02487,B cells,4.529208223724629,0.3913889694658541
circ_02488,NK cells,1.222069365855687,0.41490380100685476
circ_02489,NK cells,3.9018116747197586,0.3997574752436215
circ_02490,CD8+ T cells,0.5208847384625492,0.4913346391512081
circ_02491,Dendritic cells,6.8940387079744365,0.3904515645148555
circ_02492,Macrophages,2.8556192297039376,0.44560718582886816
circ_02493,B cells,5.800859966077823,0.3346836773979677
circ_02494,CD8+ T cells,3.882207672400675,0.6733762250214974
circ_02495,CD4+ T cells,2.2608841336699226,0.8040684727402997
circ_02496,NK cells,1.472229992605394,0.6540749350243011
circ_02497,B cells,5.7197043965134835,0.2251396055081469
circ_02498,B cells,7.120073509823291,0.15518300775175844
circ_02499,Macrophages,2.8360488409582407,0.7029815748053219
circ_02500,Dendritic cells,9.617852600030895,0.34425677934852517
circ_02501,CD8+ T cells,9.373041004173647,0.9297279557421023
circ_02502,Macrophages,9.67913318990513,0.41457221585472337
circ_02503,NK cells,7.518217998192364,0.155671334935927
circ_02504,CD4+ T cells,3.997419815907678,0.26947457125203494
circ_02505,NK cells,5.284279257162448,0.29657890206437315
circ_02506,B cells,3.357148302402164,0.1236200945437473
circ_02507,NK cells,0.08000156278557213,0.946933665663718
circ_02508,CD4+ T cells,1.5219569454126092,0.6483535682781719
circ_02509,B cells,3.050282410364802,0.4609312272262318
circ_02510,B cells,7.787384686717893,0.488197129471175
circ_02511,CD8+ T cells,7.958961312782941,0.2774245744071038
circ_02512,B cells,3.2800681928741646,0.7192196339794216
circ_02513,CD4+ T cells,4.973328672097388,0.1003250339764438
circ_02514,CD4+ T cells,4.61112978226976,0.1548268688308717
circ_02515,Macrophages,4.056115417519229,0.1713995119626416
circ_02516,Dendritic cells,5.754982314491458,0.4856989628821069
circ_02517,Dendritic cells,4.819873603029389,0.6616240599851939
circ_02518,B cells,0.4759917060304186,0.9778820304931378
circ_02519,Dendritic cells,3.15743306064216,0.6751543004742292
circ_02520,B cells,1.1967808104187394,0.5631559905498422
circ_02521,CD8+ T cells,9.957724283922323,0.7899655796112268
circ_02522,CD4+ T cells,4.849865926993865,0.4751257476808548
circ_02523,NK cells,2.1551191235723364,0.9471359506609478
circ_02524,Dendritic cells,7.400523334669748,0.40945987695020125
circ_02525,Dendritic cells,3.890668248728466,0.3773310450366415
circ_02526,Dendritic cells,0.42425696778954136,0.722550663937907
circ_02527,Macrophages,7.737389302991049,0.8808705788010118
circ_02528,CD4+ T cells,2.2125171258437035,0.3232917432734875
circ_02529,NK cells,0.1196112409045802,0.9406587707190424
circ_02530,CD4+ T cells,5.495580751055403,0.6340031523894752
circ_02531,NK cells,6.463441959563399,0.6624050441024901
circ_02532,CD4+ T cells,5.38965634908331,0.8878303298274217
circ_02533,CD8+ T cells,4.987536289147093,0.7619371992813085
circ_02534,Dendritic cells,2.326576663674066,0.5868435299229251
circ_02535,CD4+ T cells,8.063833887142764,0.9758997801467572
circ_02536,Dendritic cells,5.556562672013876,0.61384211262227
circ_02537,CD8+ T cells,7.736005268413331,0.2924340854769505
circ_02538,Dendritic cells,4.256755731180961,0.6900516540813402
circ_02539,Macrophages,2.811340610648939,0.9309683931338218
circ_02540,B cells,9.92171834984389,0.4709832115697796
circ_02541,CD8+ T cells,9.93367415454625,0.9662130201593984
circ_02542,Dendritic cells,1.092306852401741,0.14609474740099032
circ_02543,CD4+ T cells,8.124721287154076,0.7876808293663539
circ_02544,NK cells,1.87007700042919,0.5063387486793086
circ_02545,Macrophages,7.6659077968591385,0.10570908631825478
circ_02546,NK cells,0.05933563280768883,0.6121399083136536
circ_02547,Macrophages,0.674318096691624,0.9969942634474471
circ_02548,Dendritic cells,4.6760536467804625,0.4163531068692834
circ_02549,Macrophages,6.636260229466769,0.5788790806715314
circ_02550,Dendritic cells,1.1579882217398696,0.6485438621474213
circ_02551,B cells,9.366433540411903,0.7261503504089959
circ_02552,NK cells,4.869895109183512,0.7725001698008831
circ_02553,B cells,7.5318463793492345,0.8017767733745764
circ_02554,NK cells,4.400891651333836,0.9254348711433984
circ_02555,Macrophages,5.406300534489839,0.9993109514089866
circ_02556,Macrophages,0.4146939162026042,0.4248733189116579
circ_02557,B cells,0.06269605171856929,0.5143041530833912
circ_02558,Macrophages,6.425181605909785,0.24529416263402867
circ_02559,B cells,3.5794443998677536,0.9163269427260174
circ_02560,NK cells,2.0356596291980122,0.5006444354048442
circ_02561,B cells,4.101618398155837,0.24717702022134347
circ_02562,NK cells,4.418286219861065,0.30287502280285256
circ_02563,Dendritic cells,4.158561517899781,0.4146282155585842
circ_02564,Macrophages,7.454503697266224,0.5689576650225205
circ_02565,Dendritic cells,4.906044267454273,0.7518428797528796
circ_02566,Macrophages,3.45275334441928,0.1234718515751232
circ_02567,Dendritic cells,9.460609467030743,0.5381021580318508
circ_02568,NK cells,9.795851485060803,0.11620131895006158
circ_02569,Macrophages,7.758004946721915,0.799294612439967
circ_02570,Macrophages,1.8111174182278322,0.41350358340011295
circ_02571,Macrophages,4.1905690164270055,0.12337669911867992
circ_02572,NK cells,6.704742337955295,0.2050154906995875
circ_02573,Dendritic cells,6.565771644054154,0.8533864875748502
circ_02574,B cells,7.274648647577867,0.9109148916923878
circ_02575,CD4+ T cells,0.0713025555549962,0.130189028209475
circ_02576,NK cells,9.876200006662186,0.18107449061175068
circ_02577,NK cells,7.774879634540751,0.43108433012153835
circ_02578,CD4+ T cells,0.1741892846517712,0.9943435978001505
circ_02579,CD8+ T cells,2.721534361077096,0.5136716111533818
circ_02580,CD8+ T cells,2.6689904602835854,0.969529098209954
circ_02581,B cells,6.27741257607167,0.807233895332681
circ_02582,B cells,1.6559296487505648,0.5269179659061334
circ_02583,Dendritic cells,5.999842521667851,0.9836584843824638
circ_02584,Dendritic cells,6.868434697920698,0.4927328134736504
circ_02585,B cells,6.675144856015528,0.38331585129819956
circ_02586,Dendritic cells,6.551703979256713,0.10745353269544562
circ_02587,Macrophages,4.411308241752251,0.4692864731665266
circ_02588,B cells,1.5135626308730776,0.7274370265731671
circ_02589,Dendritic cells,5.845291119684131,0.17637416827179686
circ_02590,CD8+ T cells,0.6548695990203435,0.9560490887153182
circ_02591,Macrophages,9.761369861004388,0.721732020927236
circ_02592,B cells,6.202130848881794,0.5123847682712924
circ_02593,CD4+ T cells,6.537271798054022,0.9976309248054593
circ_02594,Macrophages,6.937431003574289,0.33070793228661977
circ_02595,CD8+ T cells,8.159070923009645,0.18641903462636517
circ_02596,NK cells,8.237954335768972,0.2426259049973571
circ_02597,CD4+ T cells,4.806633577770601,0.27161101886362027
circ_02598,NK cells,8.162265827080143,0.2578714473864807
circ_02599,Dendritic cells,6.207740318233817,0.2398175566748665
circ_02600,B cells,1.5595640777981123,0.9207667506705297
circ_02601,CD4+ T cells,3.05275649047947,0.9033676430238176
circ_02602,CD4+ T cells,6.201262057568917,0.3652761321340733
circ_02603,Dendritic cells,8.385658658310767,0.9852363141021526
circ_02604,CD8+ T cells,9.517475074856605,0.4600126975367128
circ_02605,CD4+ T cells,6.710245088453547,0.8325689931073177
circ_02606,CD4+ T cells,4.236002731351574,0.16524018817232447
circ_02607,CD4+ T cells,0.74939306425722,0.18826994043431328
circ_02608,NK cells,4.087530174066449,0.8007856535904926
circ_02609,NK cells,3.3399374924099714,0.3876277113733603
circ_02610,NK cells,9.668158646938128,0.223018496120572
circ_02611,B cells,5.589495468750066,0.9214802747856075
circ_02612,Dendritic cells,1.699418702504072,0.24614265809251568
circ_02613,B cells,3.7320664809428306,0.24156278057981714
circ_02614,NK cells,3.4581050703150917,0.5131357925162344
circ_02615,CD4+ T cells,6.328431533201657,0.5624296797231305
circ_02616,Dendritic cells,3.7181046315163844,0.47943308990967126
circ_02617,Macrophages,1.8621638273917418,0.9789879572730471
circ_02618,B cells,4.094059272388035,0.41899456952688563
circ_02619,NK cells,5.335464118360314,0.7972012656167036
circ_02620,Dendritic cells,6.0551395813879525,0.4529692451583289
circ_02621,CD8+ T cells,1.9273769645376437,0.65540468300861
circ_02622,Macrophages,9.822873093992847,0.16895101008421892
circ_02623,Dendritic cells,9.968142063834103,0.9057315921300436
circ_02624,B cells,1.1489470087824027,0.27982696966174525
circ_02625,NK cells,4.898614378131768,0.5453143745898669
circ_02626,Dendritic cells,6.041704062877838,0.8899942378014761
circ_02627,B cells,4.8362167495504895,0.289189024199455
circ_02628,B cells,3.3972196388995837,0.29037759033286237
circ_02629,NK cells,9.758863803604756,0.6921998072752361
circ_02630,Dendritic cells,3.906953053370712,0.9631758627534426
circ_02631,NK cells,1.4794940999137929,0.9714440389046549
circ_02632,B cells,5.568796939126701,0.8827744745514462
circ_02633,CD8+ T cells,5.366436213954833,0.49037703897268414
circ_02634,CD8+ T cells,3.602752824462999,0.8592319775588976
circ_02635,B cells,0.1483046977673086,0.4399719822218068
circ_02636,Macrophages,4.860243098276511,0.914965530222566
circ_02637,Macrophages,2.841242221237631,0.16485348081144519
circ_02638,CD8+ T cells,4.303921550268171,0.2866087036438345
circ_02639,CD8+ T cells,5.306959386141399,0.7966095872771137
circ_02640,Dendritic cells,6.192292720957405,0.19183530615847438
circ_02641,Dendritic cells,5.9977308166862695,0.12183774764540456
circ_02642,Dendritic cells,5.616364053130929,0.5540024515071025
circ_02643,Macrophages,9.832860657895047,0.18405292023908204
circ_02644,Macrophages,7.456678589880646,0.5623328699305613
circ_02645,Macrophages,6.10493118567748,0.5156941302350035
circ_02646,Macrophages,2.3820723803460107,0.14541265630626238
circ_02647,CD4+ T cells,8.655243434353801,0.1513677458974683
circ_02648,B cells,5.585068942134859,0.7446001997858901
circ_02649,Macrophages,3.5178866538838194,0.6139859804305124
circ_02650,Dendritic cells,2.738520060061438,0.4746865697523842
circ_02651,NK cells,2.5450580101634923,0.1878778317199113
circ_02652,Dendritic cells,7.341533683229641,0.5990887347517725
circ_02653,NK cells,5.195180260774595,0.8716329498849581
circ_02654,B cells,2.468126678111582,0.23477988461697297
circ_02655,CD4+ T cells,7.986777334897334,0.39145359808805325
circ_02656,B cells,5.180744005418493,0.4092992051382067
circ_02657,NK cells,7.296121174091198,0.17575561143072704
circ_02658,NK cells,5.459551227515931,0.7952672635415743
circ_02659,CD8+ T cells,7.403582477902679,0.24657852598905755
circ_02660,NK cells,7.944414393355275,0.9840794793983428
circ_02661,Macrophages,9.85430269651216,0.6676805168124834
circ_02662,B cells,0.4967230296054348,0.21361564430166702
circ_02663,Macrophages,6.694680500806039,0.5451152324987566
circ_02664,Macrophages,7.301746943753554,0.3680170708645859
circ_02665,CD8+ T cells,0.4791159495137054,0.448989588643272
circ_02666,Dendritic cells,7.413581250039295,0.9172783122229655
circ_02667,B cells,1.3909346738950257,0.8933449117752166
circ_02668,Macrophages,9.094118235335184,0.18105155168508613
circ_02669,CD4+ T cells,3.886543018788242,0.9922138743504536
circ_02670,CD8+ T cells,4.6972671664857035,0.6264703538588097
circ_02671,NK cells,2.1123666932192755,0.47782697160696985
circ_02672,NK cells,0.9449042940390395,0.18534832082386654
circ_02673,CD4+ T cells,6.860740272129151,0.4993804520758255
circ_02674,NK cells,9.036842273960703,0.28537659000074256
circ_02675,CD8+ T cells,6.791731442311497,0.5281063382879252
circ_02676,Dendritic cells,4.918745563570709,0.6437873013885081
circ_02677,Dendritic cells,1.1797502138510718,0.6859152255254913
circ_02678,CD4+ T cells,3.8602090977669654,0.9896703159549164
circ_02679,CD8+ T cells,5.213765575776296,0.5616152773096661
circ_02680,B cells,6.547890283902143,0.699072297987078
circ_02681,Macrophages,9.107619986077713,0.38585140458552825
circ_02682,Macrophages,2.967768480776274,0.7690032875682296
circ_02683,NK cells,8.618623378327701,0.4750982950453563
circ_02684,Dendritic cells,9.341164300112489,0.9674442335240674
circ_02685,NK cells,7.511579811379009,0.225358694486883
circ_02686,Macrophages,7.47069657879717,0.5006143622317841
circ_02687,CD4+ T cells,1.8505335684682411,0.7456348753704766
circ_02688,B cells,9.005223302103529,0.10905672602693656
circ_02689,NK cells,6.973757503471372,0.7945492935218026
circ_02690,B cells,6.7174813150369825,0.6260043933914264
circ_02691,NK cells,7.1177918147437005,0.795960109083741
circ_02692,CD4+ T cells,9.361025224090918,0.210060957189603
circ_02693,Macrophages,9.978937466104469,0.7514934880234232
circ_02694,CD8+ T cells,4.832853161973309,0.7470369946431189
circ_02695,NK cells,8.689494248445296,0.7483617630177227
circ_02696,Dendritic cells,5.961838125762022,0.40039348586287504
circ_02697,Dendritic cells,8.054965489146227,0.4203039972713948
circ_02698,NK cells,1.8169019099443706,0.35613736122094897
circ_02699,CD4+ T cells,3.3912939397083655,0.4998460723905601
circ_02700,Macrophages,7.192577267267042,0.28897768025515214
circ_02701,NK cells,5.342246973376003,0.25094061800263334
circ_02702,CD8+ T cells,1.7282011139146025,0.3491737097395774
circ_02703,CD8+ T cells,9.817921785348313,0.6709922872003174
circ_02704,NK cells,1.5355918935155155,0.8750984284236958
circ_02705,CD8+ T cells,8.828917244813926,0.8058248046147303
circ_02706,Dendritic cells,8.007615205306838,0.1583937874664638
circ_02707,Macrophages,3.5733647554963275,0.420815561911167
circ_02708,Macrophages,9.218483445178595,0.8231092097120238
circ_02709,CD8+ T cells,5.343604391469835,0.21633286185178577
circ_02710,Dendritic cells,0.8832625148808915,0.30483558324234233
circ_02711,CD8+ T cells,8.449573563299303,0.18683066039319074
circ_02712,CD4+ T cells,1.3619158571042578,0.8128541902808195
circ_02713,NK cells,1.927971244566844,0.1137872242119535
circ_02714,Macrophages,6.04183039342145,0.9053844193641769
circ_02715,CD8+ T cells,2.7058549414403044,0.25050667130079424
circ_02716,NK cells,6.944427227728842,0.46755727331311625
circ_02717,Dendritic cells,5.742516791568219,0.40862897313191215
circ_02718,Macrophages,6.757703849009532,0.2059005898426836
circ_02719,CD8+ T cells,9.410892357169786,0.8357762555998649
circ_02720,B cells,9.156747583645794,0.9722117601220261
circ_02721,Macrophages,5.8888922600911044,0.7767987009734737
circ_02722,B cells,3.850985253099971,0.9686459991965167
circ_02723,Macrophages,4.606455033139704,0.5823399070221986
circ_02724,Dendritic cells,4.540758275468436,0.8224226252998916
circ_02725,B cells,4.138569217724296,0.5183247523158124
circ_02726,Macrophages,0.7415005345048975,0.6834133881603529
circ_02727,NK cells,3.3576010075319873,0.5767493231530151
circ_02728,CD4+ T cells,3.107767513444657,0.634449851292756
circ_02729,Macrophages,7.631857340804478,0.5002936227274256
circ_02730,Dendritic cells,0.3642476361536584,0.84072020453167
circ_02731,CD4+ T cells,9.808394948032305,0.6850748828147212
circ_02732,CD4+ T cells,3.6732557753880113,0.5255170943963361
circ_02733,Dendritic cells,3.8357894601189724,0.9028562505494373
circ_02734,CD8+ T cells,5.9489692465215604,0.32560508829061907
circ_02735,Macrophages,6.041620060059203,0.33696515382326986
circ_02736,NK cells,0.29361032362795303,0.9957485592462163
circ_02737,NK cells,1.222042135735687,0.8514417119030407
circ_02738,Dendritic cells,8.9919407299559,0.7562192887139865
circ_02739,NK cells,6.749776225857822,0.5886904625019844
circ_02740,B cells,8.17127680862818,0.9594963009959511
circ_02741,B cells,2.6855569682318237,0.8033592759017041
circ_02742,Dendritic cells,3.6066662278941477,0.6019362914429748
circ_02743,CD8+ T cells,5.900697651746146,0.2828194046118588
circ_02744,NK cells,4.216263767496161,0.8042266716916568
circ_02745,B cells,9.916893938732372,0.44553453977375224
circ_02746,Dendritic cells,6.393725514182863,0.5348523515531323
circ_02747,B cells,8.787250299872069,0.29530091114564905
circ_02748,CD8+ T cells,5.598881260098744,0.12092409949334415
circ_02749,CD8+ T cells,1.5547420681271662,0.7541512069807372
circ_02750,Dendritic cells,4.90879564186632,0.5886438855716861
circ_02751,NK cells,6.894178505980994,0.669338922575159
circ_02752,B cells,2.987307001989814,0.5297076268578421
circ_02753,CD8+ T cells,0.25390133136220516,0.2088682449919721
circ_02754,B cells,1.17799094662288,0.1261707168541944
circ_02755,Macrophages,8.122904481306328,0.9864384209189851
circ_02756,NK cells,7.460022593133634,0.3212659167937006
circ_02757,Macrophages,6.158097484238242,0.6029660271651132
circ_02758,CD8+ T cells,8.158228461032609,0.5058424700341917
circ_02759,CD8+ T cells,3.166204458361589,0.8717368026571388
circ_02760,CD8+ T cells,8.458563161459406,0.13602361110007533
circ_02761,Macrophages,5.431051406393008,0.3970082372900572
circ_02762,Dendritic cells,9.004123006638165,0.8259312134931572
circ_02763,B cells,5.691347265659905,0.7651508821238735
circ_02764,Dendritic cells,1.320013671001018,0.6518427011721251
circ_02765,B cells,9.668989329120784,0.6816180713894622
circ_02766,CD4+ T cells,3.6538945726835625,0.281837522687048
circ_02767,NK cells,5.087977912540012,0.20911664920866346
circ_02768,B cells,6.725007610143839,0.22196380009008604
circ_02769,CD8+ T cells,5.818333365362055,0.15083292341600535
circ_02770,Macrophages,5.0256474107052105,0.5901398360101449
circ_02771,B cells,0.27695841376217056,0.5939069794755285
circ_02772,CD4+ T cells,2.4945226832812906,0.6211822836685726
circ_02773,Dendritic cells,8.216491755626773,0.5092477308770346
circ_02774,NK cells,7.476220124692534,0.18420204619734093
circ_02775,Macrophages,4.228045755910925,0.27617099343784235
circ_02776,Dendritic cells,5.0240893663059385,0.7954952048040163
circ_02777,Macrophages,8.959580876308081,0.20854550006791434
circ_02778,Dendritic cells,2.4824391932681458,0.3835591517853839
circ_02779,CD8+ T cells,5.698409420035341,0.6932371134565536
circ_02780,CD4+ T cells,1.8873618909864387,0.9903567112321562
circ_02781,NK cells,4.156724599211524,0.8548194632547174
circ_02782,Macrophages,4.560112632411989,0.36934803283909123
circ_02783,Macrophages,4.952475855681579,0.3571758724511698
circ_02784,Dendritic cells,8.195373997554626,0.6795814936728698
circ_02785,CD4+ T cells,6.334388841604998,0.9448983571502225
circ_02786,NK cells,6.119524585124319,0.6906973430142681
circ_02787,Dendritic cells,4.220210261087436,0.6602793918565085
circ_02788,CD8+ T cells,8.268958253361602,0.6268927902853315
circ_02789,CD8+ T cells,5.815798723933417,0.6803946825784501
circ_02790,Macrophages,0.029634239077955815,0.12920936131124494
circ_02791,B cells,0.5564978978383017,0.3707777334996948
circ_02792,Dendritic cells,2.989969461325491,0.3800096210910813
circ_02793,NK cells,1.8504767431073266,0.20404130549971206
circ_02794,NK cells,8.836983285239548,0.5545031356814724
circ_02795,B cells,2.6304243126442595,0.3578042873898407
circ_02796,B cells,3.888964044523008,0.479559391964303
circ_02797,CD8+ T cells,8.88298639219325,0.5196026096564053
circ_02798,CD4+ T cells,7.538776247577691,0.6442603258246629
circ_02799,CD4+ T cells,6.173748464813262,0.3560040252368081
circ_02800,Macrophages,2.555001079749183,0.1259541968590843
circ_02801,CD4+ T cells,1.2601002411626383,0.5377789968581935
circ_02802,CD8+ T cells,9.077990564009141,0.4087685528121453
circ_02803,Dendritic cells,8.381114115792593,0.6270964430267383
circ_02804,CD8+ T cells,8.087095408296703,0.849591954667678
circ_02805,Macrophages,5.198081640445277,0.6058455616982303
circ_02806,CD4+ T cells,4.809687428539393,0.7270160030384192
circ_02807,NK cells,1.1899234092461874,0.8655061393591517
circ_02808,B cells,0.28765245441755516,0.6705693016644529
circ_02809,Dendritic cells,4.963784958688759,0.908312421587603
circ_02810,CD4+ T cells,7.497222866122939,0.9906588930749823
circ_02811,NK cells,2.0563835804547126,0.1599584032235066
circ_02812,B cells,5.532104122932765,0.26950986785113507
circ_02813,NK cells,0.7420826478774389,0.620347648534478
circ_02814,CD8+ T cells,7.25085317886786,0.44316594398383935
circ_02815,CD8+ T cells,9.15713423277063,0.6907361133762031
circ_02816,CD8+ T cells,6.1328095607505055,0.6131520982815165
circ_02817,CD4+ T cells,5.234356125262613,0.6243696328310604
circ_02818,CD4+ T cells,6.467032177001548,0.14628597897069828
circ_02819,B cells,4.744934520466836,0.6768952627641431
circ_02820,NK cells,8.907586034738216,0.4298856236883507
circ_02821,NK cells,3.6458069726300057,0.8384321104780348
circ_02822,Dendritic cells,4.321283472259735,0.7756935938783232
circ_02823,NK cells,6.931125021074932,0.757527359284623
circ_02824,Dendritic cells,0.11755923585252459,0.8992367519470541
circ_02825,Macrophages,3.0072422087039055,0.6379037261181473
circ_02826,B cells,7.109649095090816,0.7086099699904471
circ_02827,CD8+ T cells,6.167313475694307,0.45713525160329604
circ_02828,CD8+ T cells,1.4067076662331057,0.5923435467254705
circ_02829,Macrophages,4.504856018503846,0.540844196842982
circ_02830,Dendritic cells,3.112558936525377,0.9626153446267146
circ_02831,Macrophages,8.868103045116264,0.3652088228396899
circ_02832,Dendritic cells,4.898294108210982,0.18141248971589413
circ_02833,Macrophages,3.340955277758196,0.541816804495158
circ_02834,CD8+ T cells,2.179316998496681,0.24116328889753025
circ_02835,CD4+ T cells,1.103481032262148,0.7167044005072563
circ_02836,Macrophages,4.583674165166896,0.5842196706395956
circ_02837,CD4+ T cells,1.9995017018460337,0.7157214018879292
circ_02838,B cells,3.6660177078537695,0.42439060855193755
circ_02839,Dendritic cells,2.8248217759142316,0.328157830112749
circ_02840,B cells,0.6395871292366595,0.6298695462868026
circ_02841,Dendritic cells,1.3519544607008815,0.7206915176800966
circ_02842,CD4+ T cells,3.764079216534534,0.19427182733605797
circ_02843,Macrophages,8.792367145415712,0.7772526142152857
circ_02844,CD8+ T cells,1.8407053858068023,0.9661760592325169
circ_02845,Dendritic cells,9.981440471899294,0.8313321509058937
circ_02846,Macrophages,9.259724772557732,0.8580950997524054
circ_02847,CD8+ T cells,3.690296254127672,0.9781704153500295
circ_02848,NK cells,8.470224099138486,0.5906836138243184
circ_02849,CD8+ T cells,8.153584274686613,0.2742618732711458
circ_02850,Dendritic cells,8.402842818612054,0.7291180370675433
circ_02851,NK cells,3.784864633031498,0.7974941245267742
circ_02852,NK cells,7.368822032931622,0.9461913898370842
circ_02853,CD4+ T cells,1.0666921394921691,0.813548252559143
circ_02854,Macrophages,5.570851454637516,0.3466706319000926
circ_02855,CD8+ T cells,1.0172141515955702,0.9819066541008432
circ_02856,Macrophages,0.1598815551759547,0.8225112519617693
circ_02857,CD8+ T cells,6.1733735635595055,0.7173387918699081
circ_02858,CD8+ T cells,2.6366039836055712,0.41298851904606493
circ_02859,NK cells,3.647392317110243,0.8792711817370749
circ_02860,CD8+ T cells,0.5332220434716217,0.4848637594814944
circ_02861,Macrophages,8.412970942309267,0.7934012411758453
circ_02862,NK cells,2.7818989089598722,0.5707454537178263
circ_02863,CD8+ T cells,9.432313792470511,0.7224823914968854
circ_02864,B cells,5.402084613423607,0.53298925935547
circ_02865,CD8+ T cells,5.98505939427168,0.5588131267771251
circ_02866,Macrophages,6.665072824852112,0.20246736117773106
circ_02867,CD4+ T cells,6.833952973122454,0.9726029475980225
circ_02868,NK cells,3.938681839756737,0.8629392069539252
circ_02869,CD8+ T cells,3.490667647908902,0.1003905487227465
circ_02870,CD4+ T cells,4.578143654507853,0.19958206618540786
circ_02871,CD8+ T cells,0.4283541651898781,0.8180772766801714
circ_02872,CD8+ T cells,2.436043602936379,0.8906252396244199
circ_02873,B cells,9.229724474624586,0.25901366114544433
circ_02874,B cells,4.820318038956603,0.7819464873355556
circ_02875,Macrophages,2.515386809563239,0.1600600321332995
circ_02876,CD4+ T cells,4.992113719265806,0.26496694369614127
circ_02877,NK cells,6.250642697547033,0.40808606114752166
circ_02878,Macrophages,0.008770223741747518,0.5570776251660594
circ_02879,NK cells,1.7991099985746328,0.6742995308890337
circ_02880,Dendritic cells,5.643806868914184,0.9854173500236765
circ_02881,CD4+ T cells,9.087271648047864,0.423771171824628
circ_02882,CD4+ T cells,7.832858580486101,0.764232336360792
circ_02883,Dendritic cells,2.678387623755377,0.760886927252818
circ_02884,Dendritic cells,9.381380185938534,0.5132546706991545
circ_02885,CD4+ T cells,5.684734626329205,0.9126550870398131
circ_02886,Macrophages,9.061803734300009,0.4417780825866269
circ_02887,NK cells,5.451317798055101,0.9892504276919293
circ_02888,CD8+ T cells,1.4960224877433526,0.7824122082410687
circ_02889,CD8+ T cells,3.194780717419495,0.6925287276988701
circ_02890,Dendritic cells,9.651943564765503,0.24180004929159143
circ_02891,Dendritic cells,8.141627633178715,0.6907711609739312
circ_02892,CD4+ T cells,3.4605420634486492,0.6698016673837233
circ_02893,NK cells,2.8571864272565506,0.2279252961149847
circ_02894,NK cells,8.518065489496816,0.5962007272941771
circ_02895,Macrophages,5.540382691569148,0.37760836374969786
circ_02896,B cells,3.5732081146643946,0.5186367369143905
circ_02897,Macrophages,6.687169404165639,0.2833955653055653
circ_02898,CD4+ T cells,8.306552447721403,0.4532006150944825
circ_02899,CD8+ T cells,4.141951221215706,0.14679157223738248
circ_02900,CD8+ T cells,3.500417607633133,0.7161180668566949
circ_02901,CD4+ T cells,1.7183516712387414,0.4846396013104399
circ_02902,Dendritic cells,8.703697986069226,0.8258718476615174
circ_02903,CD8+ T cells,5.034310756666804,0.6312465417307137
circ_02904,CD4+ T cells,4.6648815990955885,0.2935080922473636
circ_02905,Macrophages,1.6995148084842804,0.22117477441634004
circ_02906,B cells,4.9759254975727805,0.629645969056462
circ_02907,CD8+ T cells,2.558877511622386,0.45651336439177215
circ_02908,B cells,8.212288166105097,0.1492716950362545
circ_02909,Dendritic cells,0.8233565975750545,0.9595106720866325
circ_02910,Macrophages,4.213680884708432,0.4034362407587311
circ_02911,Dendritic cells,5.942650726668981,0.9119324044521516
circ_02912,CD8+ T cells,8.895322401993923,0.43672658183723756
circ_02913,CD4+ T cells,6.842940707456275,0.8819372664807683
circ_02914,CD4+ T cells,0.585009861475071,0.3019370477448142
circ_02915,Macrophages,5.986563190836952,0.9776705231157078
circ_02916,CD8+ T cells,8.955524281805227,0.8628240316551816
circ_02917,Macrophages,8.159240268854276,0.8408823261275985
circ_02918,CD8+ T cells,4.183373430442331,0.497277952611201
circ_02919,Dendritic cells,2.0078816464506954,0.5583435738388876
circ_02920,NK cells,7.637588533483304,0.3301930790233817
circ_02921,Macrophages,1.1158901140354593,0.15275074358922786
circ_02922,CD8+ T cells,8.620211951683709,0.15511145920150976
circ_02923,Macrophages,1.5029293457689497,0.4179643878859701
circ_02924,B cells,9.290057863013097,0.6327615847370412
circ_02925,CD4+ T cells,4.38661655910296,0.23969856995062283
circ_02926,Dendritic cells,2.3270022987100667,0.968193190292669
circ_02927,Macrophages,5.70214660795734,0.6835769002013187
circ_02928,CD8+ T cells,1.384022036934942,0.6090848985565295
circ_02929,Macrophages,3.4643415059870852,0.678764231782129
circ_02930,Macrophages,0.10953502627169542,0.5192727031516711
circ_02931,B cells,5.424737179890993,0.6663338651175448
circ_02932,B cells,7.877934084362408,0.9501441651876433
circ_02933,Dendritic cells,3.793154647368514,0.22481681374272067
circ_02934,Macrophages,6.313825767490059,0.38918998609462707
circ_02935,Macrophages,0.08842790747599416,0.34600591794248836
circ_02936,CD4+ T cells,2.186787961085135,0.9711325288724999
circ_02937,Dendritic cells,4.780053449606615,0.3492292280636333
circ_02938,CD4+ T cells,2.393900815183607,0.8880635692747315
circ_02939,CD8+ T cells,5.7747163359098606,0.18199815459949564
circ_02940,CD4+ T cells,6.032366907463796,0.4612284633859638
circ_02941,Dendritic cells,2.736800348073264,0.30448169519199325
circ_02942,Dendritic cells,6.6204202165411,0.2865566855326965
circ_02943,B cells,3.3362978224217854,0.3093454211017913
circ_02944,Dendritic cells,5.453587868398469,0.8283594054721833
circ_02945,Macrophages,4.1602896118156005,0.1987278198852342
circ_02946,B cells,4.243032892870746,0.7237724493438259
circ_02947,CD8+ T cells,7.6618126334030014,0.6778648646129316
circ_02948,CD4+ T cells,1.9241063861814434,0.1224846116853282
circ_02949,CD4+ T cells,4.41953435362038,0.271610790055806
circ_02950,NK cells,1.815090564446915,0.41486924838050787
circ_02951,Dendritic cells,6.0545074807640304,0.9682757374087375
circ_02952,B cells,2.4622479190308577,0.7079793808874473
circ_02953,Macrophages,4.59026485583177,0.4520989373624543
circ_02954,Dendritic cells,5.0648155483935255,0.3538495999524691
circ_02955,NK cells,3.6717828564418022,0.38628952452424636
circ_02956,NK cells,1.2615555620398544,0.5290271947044034
circ_02957,CD8+ T cells,8.287023492413079,0.3792931473615119
circ_02958,B cells,9.161788697070207,0.10293953844866044
circ_02959,CD8+ T cells,4.835624487133288,0.23606955914224984
circ_02960,Dendritic cells,5.889116750731916,0.633994593124209
circ_02961,B cells,7.523754793490158,0.2368829311789899
circ_02962,CD4+ T cells,0.18866481521859435,0.5111740765904046
circ_02963,Dendritic cells,0.0843945613861441,0.7999592018001307
circ_02964,CD8+ T cells,5.849785065586844,0.8331211628161117
circ_02965,B cells,2.7367130149241667,0.14310415872660487
circ_02966,B cells,0.7199803681693584,0.26112427355839074
circ_02967,B cells,3.917155459106186,0.9566318384812933
circ_02968,CD8+ T cells,3.5229291279821204,0.3015423644561116
circ_02969,Dendritic cells,4.837926564841222,0.5960020683407846
circ_02970,NK cells,2.2370079983492195,0.5630847060555298
circ_02971,Macrophages,9.872828393121358,0.8680721308619676
circ_02972,NK cells,2.9011730749077236,0.6057074382457768
circ_02973,NK cells,4.189521867739715,0.7457695008970571
circ_02974,Dendritic cells,4.333351826302242,0.30195581166845126
circ_02975,CD4+ T cells,9.06179638877471,0.2138112342130885
circ_02976,Macrophages,1.8239522163291089,0.7142335024818761
circ_02977,CD4+ T cells,6.194654998920686,0.23261334767422429
circ_02978,CD8+ T cells,5.974337479460477,0.6943675460314316
circ_02979,Dendritic cells,9.601986978640607,0.39836667424225414
circ_02980,Dendritic cells,3.34658066721905,0.8977860790772075
circ_02981,B cells,6.549873415959459,0.7667406809062994
circ_02982,Dendritic cells,5.659750508819242,0.8062194839860146
circ_02983,NK cells,8.01613083364016,0.8611848949639395
circ_02984,CD4+ T cells,5.745175021407397,0.43260509933093516
circ_02985,Dendritic cells,4.661952039881553,0.48293479955457475
circ_02986,Dendritic cells,7.987825810494544,0.9402027605254991
circ_02987,Dendritic cells,7.667475088742134,0.7607205759810033
circ_02988,B cells,3.073604352950473,0.3186980582208436
circ_02989,CD4+ T cells,9.428006234108716,0.3025954999891489
circ_02990,CD8+ T cells,5.126549531997413,0.4275571498423877
circ_02991,NK cells,9.394556278401831,0.9742264021727679
circ_02992,Dendritic cells,1.482852004271068,0.5376348092284321
circ_02993,CD8+ T cells,1.5774639383368039,0.6567151188991992
circ_02994,B cells,4.016917420485151,0.24824735211375915
circ_02995,CD8+ T cells,3.2960284297479236,0.4098691300118178
circ_02996,NK cells,2.5484222593338934,0.6799734951312616
circ_02997,Macrophages,6.820404651366628,0.1868655090275843
circ_02998,NK cells,1.2246946900140676,0.11795893368498578
circ_02999,NK cells,3.2983770727911335,0.3861026800263936
