circrna_id,cell_type,expression_mean,expression_std,detection_rate
circ_00000,CD4+ T cells,9.800534178700294,0.3964254707668877,0.9704598666683163
circ_00001,B cells,4.908403574256194,1.717823736059974,0.7263357584461473
circ_00002,NK cells,4.769658901439478,0.8986267098417968,0.4527616836906504
circ_00003,NK cells,9.416641169546349,0.33656446941613805,0.2582429370657499
circ_00004,Dendritic cells,6.213215189535468,0.23497822396967627,0.6082463479712895
circ_00005,CD4+ T cells,5.353770590591153,0.5540548862674481,0.643923626691102
circ_00006,NK cells,6.1822006473568205,1.129983555379684,0.26176818408655933
circ_00007,NK cells,2.6755679215535055,1.9954077187343904,0.9106532824183445
circ_00008,B cells,4.9207399672128505,0.31392082744892313,0.5851034942339078
circ_00009,Dendritic cells,4.194622462369534,0.2808361008697058,0.8673100654334611
circ_00010,B cells,6.7496327060005665,0.1757425138760107,0.8034769859280433
circ_00011,B cells,2.3970094371211594,0.0644632480814431,0.7731857475213995
circ_00012,NK cells,9.945151195842998,1.0929482501459835,0.7677175187123125
circ_00013,Macrophages,4.600506403110629,1.6264963574142164,0.6949865617556454
circ_00014,CD8+ T cells,9.253398190923308,1.3779916577904907,0.12219843587694848
circ_00015,Dendritic cells,2.504316748731191,0.2168842667891977,0.5351106817672083
circ_00016,Dendritic cells,7.970628623070558,0.4421931588578121,0.31955421302644116
circ_00017,CD8+ T cells,8.895270148971765,0.42608776580358954,0.8039082123032153
circ_00018,Dendritic cells,9.017899045060638,0.8773073436322036,0.7174972442450918
circ_00019,NK cells,6.612796585845259,0.36454592148336706,0.9438744962398578
circ_00020,B cells,8.142889608651194,0.3873936043850006,0.6619405861159942
circ_00021,CD8+ T cells,2.1019347164009927,0.6667806738708923,0.11262179308244127
circ_00022,CD8+ T cells,5.553791410906136,1.6371242477306558,0.1630388828678836
circ_00023,B cells,7.78106962821738,1.221015279880701,0.32092540750826454
circ_00024,B cells,2.2596920842897816,0.04239411062765486,0.8244437683296573
circ_00025,Macrophages,3.9669320901335836,0.31557363877232647,0.3993806024379781
circ_00026,B cells,9.269070597149812,1.7206288860118233,0.6565592085468509
circ_00027,Macrophages,0.5947226352366142,1.576362600350841,0.8829534311047353
circ_00028,NK cells,6.552659107410318,0.6391403601373968,0.7308319706290469
circ_00029,Macrophages,2.4212351790773514,0.6205379047101858,0.5399807987926436
circ_00030,Macrophages,0.11819584059369559,0.5259763069777756,0.5520196651723963
circ_00031,Macrophages,9.098630409568843,0.4623685675712994,0.7298553924054645
circ_00032,B cells,7.610396819334774,1.7741044230342091,0.5823583824144639
circ_00033,NK cells,6.541073284708809,1.437654089842041,0.48968853616288477
circ_00034,B cells,6.2535301630849505,1.6391035222377601,0.4983970860540131
circ_00035,NK cells,9.654580297265227,1.1169911700900712,0.855185128476606
circ_00036,CD4+ T cells,1.6427922311023524,1.5458240001539985,0.23272500112532615
circ_00037,Macrophages,2.4483606565491147,0.9246998447199191,0.8235693413268876
circ_00038,NK cells,8.683154237729182,0.48487683669134474,0.7442513867430616
circ_00039,Macrophages,2.781947652094602,1.109000664934831,0.516418166217204
circ_00040,B cells,0.029222900815009112,0.7204809667763921,0.36215335336518983
circ_00041,CD8+ T cells,8.189247867473227,0.6671806247063019,0.9672686460940851
circ_00042,NK cells,6.771626589255375,0.03978242600739845,0.882005403675301
circ_00043,NK cells,5.32515458551801,1.060413118747999,0.12865134577267526
circ_00044,Dendritic cells,5.507711353586232,1.6756399394955357,0.9660370621168687
circ_00045,CD4+ T cells,7.711112157214894,1.5299168904051554,0.3981598041719706
circ_00046,B cells,6.649350071440726,1.1243136558759974,0.1616404695713916
circ_00047,B cells,2.6008201460139704,1.7480917615329572,0.5081713294391225
circ_00048,B cells,7.0095363634127565,1.84637963222049,0.2756419545132909
circ_00049,Dendritic cells,9.503242647808133,0.43115691719420246,0.39095655337141877
circ_00050,CD4+ T cells,6.805883998444732,1.8989369891726673,0.9814595544535918
circ_00051,CD4+ T cells,0.6864544301025821,0.7361343166787526,0.4257906643085645
circ_00052,CD4+ T cells,6.510379977223244,0.7049613885203942,0.2560381258224993
circ_00053,CD8+ T cells,6.032399315507129,0.86335218551157,0.40137348521363414
circ_00054,B cells,1.7503557436017114,1.9441059182724825,0.5609494017393487
circ_00055,Dendritic cells,7.636473493765782,0.9662180447318494,0.7570215555177915
circ_00056,Dendritic cells,3.88645692366877,1.9811646106933152,0.9119037659116294
circ_00057,NK cells,5.5532124087782595,1.8755474977923887,0.5776140159104738
circ_00058,CD4+ T cells,3.132861846418656,0.44968660188409637,0.9649982216742583
circ_00059,Dendritic cells,0.042253551111661736,1.8454542275416586,0.8079744531915659
circ_00060,NK cells,3.4286134766756593,1.2487723930427252,0.5097654809750294
circ_00061,Macrophages,1.9160539385276565,1.2090183589704568,0.4247274436950864
circ_00062,CD4+ T cells,1.6367514121780968,0.46696739329585824,0.8172858543234045
circ_00063,Dendritic cells,9.316586688687119,1.8743017359841012,0.7914045988484064
circ_00064,NK cells,4.859488869826113,0.886081431950513,0.9126012431838916
circ_00065,B cells,5.807522786181533,1.2594370649478628,0.3558952727276302
circ_00066,NK cells,1.2902709959411185,1.2564521540428197,0.40161755885134764
circ_00067,CD8+ T cells,3.557661018483919,1.125087501157072,0.8552001253268179
circ_00068,CD4+ T cells,9.713290085716556,1.1496610031975203,0.8160370956134861
circ_00069,Dendritic cells,7.959134143314801,1.6161214772068666,0.8615939065949505
circ_00070,Dendritic cells,4.263747529850254,1.4682384451192458,0.2665665925581706
circ_00071,Macrophages,4.996124864589765,0.457685265876159,0.4561803836400743
circ_00072,CD4+ T cells,2.143818466024637,1.1100571519325473,0.13206530011788128
circ_00073,NK cells,6.169161725104708,0.7888119408539005,0.307784352931158
circ_00074,CD8+ T cells,4.522015459127964,1.0519307137287786,0.9438481643674517
circ_00075,CD4+ T cells,6.559032639669743,1.8184880981315061,0.8277389993187284
circ_00076,NK cells,1.9758856590033191,1.4442159023243522,0.3583674928343168
circ_00077,CD4+ T cells,1.9862179887497766,1.8550451579257703,0.8446476165414907
circ_00078,B cells,5.397446791597295,0.7349333848563151,0.8403874519740705
circ_00079,CD8+ T cells,4.214804404562825,0.3539472570495572,0.3857735714467677
circ_00080,CD4+ T cells,1.833411923675169,1.1197366319075712,0.9318971738805389
circ_00081,NK cells,7.292070641275483,0.38574502380219067,0.8205008050815378
circ_00082,Dendritic cells,9.255639159909864,0.7960767283781005,0.44722560700321456
circ_00083,Macrophages,4.5855049084851585,1.715634694490758,0.8945732753013304
circ_00084,B cells,6.779386607798051,1.0065770158427858,0.7548056507551477
circ_00085,B cells,5.147066068134794,1.9220264319990898,0.4476828808997031
circ_00086,CD8+ T cells,3.532629516538879,0.515062764814338,0.30651583322732245
circ_00087,Dendritic cells,0.8240090420646273,1.2396409383193006,0.6384343684268278
circ_00088,NK cells,8.585589500183335,0.8045853198326349,0.8007958830915922
circ_00089,B cells,2.860587695691356,0.5948719243424858,0.2952008611135972
circ_00090,B cells,0.8786816790966823,1.49088971462333,0.7253484057649687
circ_00091,NK cells,1.4855642028180849,1.2346380829518022,0.2815922431209253
circ_00092,CD8+ T cells,6.441505880632824,0.4101037667994947,0.3341743556186292
circ_00093,NK cells,1.684647832256304,0.752266919350008,0.8825401227939176
circ_00094,CD4+ T cells,1.516644825085215,1.4806696420585646,0.7966013459539931
circ_00095,NK cells,1.1251830618481773,0.9287245440084935,0.6097653487567094
circ_00096,CD8+ T cells,1.085005547442326,1.37895011572813,0.2036376575704233
circ_00097,NK cells,5.987854417209711,1.9563718530383618,0.6752081120247548
circ_00098,CD4+ T cells,6.3209555311029755,0.6164809345735183,0.5030242854185498
circ_00099,NK cells,1.8015310830493847,0.42142104656162105,0.12269728069330751
circ_00100,Macrophages,0.7100322199214326,1.1921811551726347,0.5702363781814969
circ_00101,NK cells,5.093626732565577,1.5334319906978944,0.8715012425154924
circ_00102,B cells,6.957950327946333,1.409268222824206,0.2641164762904798
circ_00103,CD8+ T cells,2.869675842243012,1.0131034013422051,0.8913983700460804
circ_00104,Dendritic cells,0.04566008899655083,1.1728968168696547,0.3374470510596697
circ_00105,NK cells,7.996413244362884,1.0215844902975082,0.9182955559576286
circ_00106,B cells,3.7050725165316036,1.3970600479883353,0.6300898920051812
circ_00107,B cells,8.595148291636237,0.6918496028455592,0.18043170018346485
circ_00108,Dendritic cells,7.552303631071691,0.45202753470622126,0.8287707731141675
circ_00109,Macrophages,6.468116772439703,1.7776019513192296,0.7513477139425415
circ_00110,B cells,0.20804672938656177,1.0823922466181186,0.7598183032833216
circ_00111,Macrophages,0.2710015018327827,1.0156806106770382,0.2897919251595158
circ_00112,Dendritic cells,4.65762547966854,0.7488610498227697,0.23954147198968284
circ_00113,CD4+ T cells,5.010908588802808,1.3189268421126585,0.6488491189878509
circ_00114,NK cells,3.0055643489272024,0.10008604513666519,0.805580913727765
circ_00115,B cells,7.62640457822344,0.6963273027346968,0.2883893552105755
circ_00116,Dendritic cells,5.312392185514627,1.0163102744537946,0.9282323957725022
circ_00117,Macrophages,5.8213053479160815,1.3850077221505892,0.7255692836258002
circ_00118,NK cells,6.864377134217944,1.2131031169406274,0.658087669135953
circ_00119,NK cells,4.91712906852319,0.7660802945190059,0.8706673915552341
circ_00120,CD4+ T cells,0.3102480143406483,0.724041181046593,0.35628674193907617
circ_00121,Macrophages,3.4654909442409765,0.9396483929215529,0.6038411141087433
circ_00122,NK cells,3.3561033524545616,0.13179826144580842,0.8051131531714026
circ_00123,CD4+ T cells,5.5729545003047765,0.6026244035825625,0.6182997951720918
circ_00124,Dendritic cells,3.1749316833963492,0.6438706402075114,0.7301742946121029
circ_00125,CD4+ T cells,6.8211406701396085,1.8477422099925525,0.5887181974273067
circ_00126,Dendritic cells,7.575419716118734,1.1271938406879844,0.24576493631176702
circ_00127,CD8+ T cells,9.80471485952677,1.0073993462544175,0.7743611341411553
circ_00128,Macrophages,6.677887248374704,1.5094749407259394,0.1444710049072404
circ_00129,Dendritic cells,6.578509117897207,0.6387069200442936,0.347116677794736
circ_00130,Macrophages,9.066782394633847,1.6974763198928515,0.21260571846417237
circ_00131,NK cells,2.2850110789367584,0.09010569579403027,0.36799760200450005
circ_00132,CD8+ T cells,1.6471628104312708,1.2991350913040731,0.9609909262772786
circ_00133,NK cells,5.736357335520145,1.4854353575651789,0.37488345715214166
circ_00134,Macrophages,7.431657858331773,1.415594554086233,0.7174942466692134
circ_00135,CD4+ T cells,1.6454777825918776,0.6025091453199445,0.8348962644502859
circ_00136,Macrophages,7.2916988813651,0.406568094203392,0.8460219608045756
circ_00137,Dendritic cells,9.161472883126526,1.3020514185920418,0.6416865596702408
circ_00138,CD8+ T cells,1.2237977188265559,0.5282599860002153,0.2951502401774949
circ_00139,CD4+ T cells,2.712174758329031,0.6530778345957649,0.856333634126717
circ_00140,Macrophages,4.458958614035199,0.9776067795302916,0.6812819610447545
circ_00141,Dendritic cells,6.1782036666584,1.9925407966085542,0.52860307103144
circ_00142,CD4+ T cells,8.715389023503766,1.351203040468947,0.5102957723797924
circ_00143,Macrophages,6.326736695689749,0.3257043953951555,0.35210546872480686
circ_00144,NK cells,8.04201559631762,1.2929281753850612,0.10048049413432121
circ_00145,CD4+ T cells,1.9091552258892364,1.3154331459788045,0.8471338846430867
circ_00146,NK cells,4.940947659947047,1.3221350928679867,0.8245878301239722
circ_00147,B cells,4.5860752171520645,0.756991162951254,0.8950389736286376
circ_00148,NK cells,5.3364367762287905,1.709037590398853,0.8113688788293296
circ_00149,Macrophages,3.5940967174474348,0.24398305336951864,0.5041402465812022
circ_00150,Dendritic cells,0.05698087871751856,1.2263756552174356,0.4215029699138676
circ_00151,NK cells,0.8992302512067296,0.771613856831642,0.6163718836296115
circ_00152,B cells,8.477121789161592,1.0343327073241109,0.7721479616280955
circ_00153,CD4+ T cells,5.441336705739225,1.0531349462523505,0.41296469886315534
circ_00154,CD8+ T cells,6.27696323830709,1.5053700896438784,0.24331411838739334
circ_00155,CD4+ T cells,3.66402433688642,1.158231512007733,0.6673047197471121
circ_00156,NK cells,2.6120424076547124,0.18709948935992182,0.9566460545288407
circ_00157,B cells,4.450560605811363,0.641263017833279,0.9458127856052924
circ_00158,CD8+ T cells,5.934142073112861,0.8994823760530997,0.21933687237701294
circ_00159,CD4+ T cells,0.005431465779037747,0.06629702698876305,0.6721060034536297
circ_00160,CD8+ T cells,6.840012032439998,0.3143414305777712,0.5618825590166332
circ_00161,Dendritic cells,7.9931265216013925,1.6072982732989445,0.37101149655144383
circ_00162,NK cells,3.8396552320154544,1.8179984166742638,0.9914462335074791
circ_00163,B cells,3.186313783360948,0.25500233867874034,0.582662999444694
circ_00164,Dendritic cells,4.8283617379055705,0.41356486341345877,0.11655897239941446
circ_00165,NK cells,1.6666559032593231,0.0195473279002798,0.337494000514097
circ_00166,CD4+ T cells,5.195512771133873,1.1228186413450705,0.9309279669860986
circ_00167,Macrophages,4.8358302189877245,1.6263772171066189,0.32273168245164774
circ_00168,B cells,2.637533560204778,1.6224782430210078,0.9679879736537528
circ_00169,B cells,9.407703355392032,1.899936765966086,0.11680322058351862
circ_00170,B cells,6.912802967531109,0.9756057432929699,0.342242076113519
circ_00171,B cells,1.5384796399103795,0.5994450793138586,0.4900061883625799
circ_00172,CD8+ T cells,4.341368327250113,0.26684613791558154,0.9505171856972567
circ_00173,CD8+ T cells,6.533578009439952,0.7999890766087467,0.880150321913397
circ_00174,CD8+ T cells,8.59924920024796,0.48379977488839865,0.47893608588817815
circ_00175,CD4+ T cells,1.2990842640625644,0.7889780968285027,0.7557247301624306
circ_00176,Macrophages,4.504753024180036,0.5200641844955509,0.4434241940907516
circ_00177,NK cells,8.07362086850745,1.3492903395518598,0.7497643249979927
circ_00178,CD4+ T cells,1.959946033028963,0.705966444565602,0.3486674439927431
circ_00179,Macrophages,8.908511533159405,0.7007901620146857,0.5125223543483828
circ_00180,Macrophages,7.562066517944598,0.16781338323714112,0.33215267261217546
circ_00181,CD4+ T cells,4.299146697437919,0.7956402076945492,0.3471730770673187
circ_00182,Macrophages,5.823468789344377,1.8649713137366781,0.97512716447826
circ_00183,NK cells,8.982605172532988,0.39501811547965904,0.9458931106818085
circ_00184,CD4+ T cells,4.1416896862754635,1.6247387132547884,0.15620620885322364
circ_00185,B cells,0.4646727977595144,1.8973679482439283,0.35906338337384613
circ_00186,Dendritic cells,4.110391716527389,1.2505098508701236,0.2921686068868498
circ_00187,NK cells,4.702312550353018,0.3563061817132813,0.15223512955274102
circ_00188,CD4+ T cells,8.498374469387205,1.0746940181708493,0.34662246460057766
circ_00189,NK cells,4.315473714655615,0.603522132039797,0.30866645950136357
circ_00190,Macrophages,7.350434549603666,1.2947139269600245,0.9446553141925266
circ_00191,Macrophages,0.04559711331799443,0.2907630110952024,0.3383687734463691
circ_00192,NK cells,0.02141513974136422,1.5741119513173008,0.5113333086558522
circ_00193,CD4+ T cells,5.240809662845692,1.0599666884025587,0.611148189256983
circ_00194,Dendritic cells,4.084116323530493,1.1669851060858016,0.5172910316268661
circ_00195,CD4+ T cells,4.784983722800025,0.329469438256091,0.847557895195289
circ_00196,B cells,1.242033699477737,0.23617563399623664,0.85969850892929
circ_00197,CD8+ T cells,8.707952305030716,1.1059642930538605,0.6700169050262474
circ_00198,NK cells,6.855640501424213,1.6041193883656886,0.1917503723538578
circ_00199,NK cells,3.395445569345028,0.9623900002474297,0.2968656803223566
circ_00200,CD4+ T cells,6.719229959970773,0.1395935033768001,0.4075124749037652
circ_00201,Dendritic cells,3.4405140463016117,0.2947500659859439,0.3485478573437559
circ_00202,CD8+ T cells,2.3034870565893364,0.5686203772372813,0.9350788198123522
circ_00203,NK cells,1.0882251504259821,1.8094196314050839,0.6056549615175187
circ_00204,Dendritic cells,6.927566947439203,1.3979927223048014,0.20061399769346433
circ_00205,CD8+ T cells,9.345538410052141,0.8901005786270522,0.6265813493986334
circ_00206,CD4+ T cells,2.248254544565241,1.2411423559895234,0.9116347719047474
circ_00207,Macrophages,9.828161128688912,0.9911450052796491,0.7677374857497985
circ_00208,Dendritic cells,3.039435396575053,0.6955818786387873,0.9093579195759421
circ_00209,CD8+ T cells,5.533738333139521,0.3988685676356192,0.6748680640731934
circ_00210,B cells,5.26320592516133,0.08073181412821184,0.6819102526865148
circ_00211,NK cells,8.084401247881143,1.2215794819685273,0.2933003174741743
circ_00212,NK cells,7.537032210961236,1.421227893498662,0.525327501005725
circ_00213,CD4+ T cells,9.358864865282445,1.973238785800665,0.32458771438540324
circ_00214,Dendritic cells,2.3116916014175484,0.17804771307564748,0.7620268321970557
circ_00215,CD4+ T cells,6.578406393849399,0.11142585969175434,0.5431705080977167
circ_00216,Dendritic cells,8.644974238161293,0.7806606036717421,0.44999865569384123
circ_00217,CD4+ T cells,3.0947662954495314,0.30133979755893536,0.872629029890828
circ_00218,NK cells,0.2791740316734237,1.904700824553874,0.13105441029156753
circ_00219,CD4+ T cells,0.8155378477065467,0.4099199233014075,0.4202532095906285
circ_00220,Dendritic cells,7.645862410371256,1.2528158234285447,0.7834169330383712
circ_00221,B cells,1.3654354776171862,0.47845723553605346,0.36102732999853304
circ_00222,Dendritic cells,4.855688615257312,1.629737748521979,0.9499426739883945
circ_00223,Dendritic cells,4.317668594274652,0.7975737209421518,0.5549143438393628
circ_00224,CD4+ T cells,2.8708201536660205,0.19089484880473706,0.3645494592855959
circ_00225,B cells,4.887205555802088,0.29236223407748607,0.6402674617603225
circ_00226,CD4+ T cells,5.787878141483667,1.5085500643872114,0.776448787926846
circ_00227,NK cells,7.931058525865916,0.7339231951401879,0.35415574932694205
circ_00228,CD4+ T cells,8.498988951201765,0.850123723749683,0.2261337677425945
circ_00229,Macrophages,9.00836937277305,0.1172306022059324,0.8756063751468064
circ_00230,Macrophages,5.674399339283221,1.3532496271116035,0.4083508688494538
circ_00231,NK cells,7.8219817973377275,0.6393912553704801,0.5248763524364738
circ_00232,Dendritic cells,2.1703010519275545,0.10006789515448955,0.5425998950485049
circ_00233,CD8+ T cells,8.318920649215107,1.5237488072631473,0.287784949224268
circ_00234,B cells,3.6321174918873966,1.4891669706337252,0.6809899326906534
circ_00235,Dendritic cells,4.479087001584277,0.38994731644986325,0.28191640417647273
circ_00236,Macrophages,6.945798016057324,1.766656146455851,0.11780191955554932
circ_00237,NK cells,9.630006973876474,1.7332032678827827,0.5297575105572984
circ_00238,Dendritic cells,8.941083085272965,0.1414876595865806,0.204866154649176
circ_00239,CD4+ T cells,3.9337015808766482,0.7954161977747101,0.10646514679784327
circ_00240,CD4+ T cells,6.876094964462213,1.4472853530705105,0.9735179666568154
circ_00241,Macrophages,5.631865378604982,1.8049675532494895,0.4296753877873749
circ_00242,B cells,3.0278213602824158,1.49919204392321,0.26903630552013547
circ_00243,CD8+ T cells,0.1624712550281937,1.542637528523112,0.22978180923113573
circ_00244,CD8+ T cells,5.1590899815311975,0.48991917613242486,0.4561527385930326
circ_00245,Macrophages,1.2925746679851857,0.6435435507310614,0.84338225125598
circ_00246,NK cells,8.16333497807703,0.0031651473802152275,0.9834217298973249
circ_00247,Macrophages,2.728764962881459,0.1201033551698305,0.14672911576754225
circ_00248,B cells,7.726942938892899,0.5830696347706892,0.4936269481759237
circ_00249,CD4+ T cells,3.0398325312407937,0.7848104630641186,0.24620716339355908
circ_00250,CD8+ T cells,0.5814016588873427,1.6328878287571238,0.39991425138423553
circ_00251,B cells,3.278765967656362,1.977632864236456,0.1307870750312115
circ_00252,NK cells,6.799003295407971,0.8849462041326155,0.3857361652993839
circ_00253,CD8+ T cells,2.510909745405707,0.7287003849902447,0.7273933368885839
circ_00254,CD4+ T cells,0.3980679621650285,1.4568337315111501,0.417481765712027
circ_00255,NK cells,1.426997420858459,0.20986580252239473,0.11144677225979287
circ_00256,CD4+ T cells,6.769209250081768,0.8497712823120211,0.4676337502532757
circ_00257,B cells,9.659087659693126,1.2173400029077956,0.2802789898360578
circ_00258,Macrophages,4.549059538442519,1.9927429557266727,0.8379587555737498
circ_00259,Macrophages,4.488312943704319,1.3082916365976625,0.9167165731751784
circ_00260,Macrophages,4.210072879212089,1.4427070241446986,0.4475501137292961
circ_00261,NK cells,6.824768751366551,0.7640437193031431,0.7122468808170526
circ_00262,B cells,9.584671049948915,0.5157843781716207,0.18850955413015458
circ_00263,Macrophages,4.317051851135626,0.9740152017849166,0.7824522469976365
circ_00264,NK cells,1.2691135684510413,1.3875427782885383,0.3538577373658103
circ_00265,Dendritic cells,7.086513083453583,0.9146846119180809,0.42088283119308145
circ_00266,Macrophages,6.92801063395023,0.5107111550531362,0.5378887286929451
circ_00267,B cells,0.3281457056424675,0.39938661779559004,0.6203383993516232
circ_00268,B cells,5.744972234567109,0.0930491192445011,0.9093731449039569
circ_00269,Macrophages,2.1534907867947037,0.7810536628556153,0.381215830965009
circ_00270,CD4+ T cells,3.6157146134383122,1.9694710208468722,0.9892784395655685
circ_00271,NK cells,4.5681696924091035,0.796338358895412,0.8729627667771421
circ_00272,Dendritic cells,9.78765886362439,0.6002960107002095,0.11654073641224413
circ_00273,B cells,9.518092117338258,1.189326188161868,0.41386996268609555
circ_00274,Dendritic cells,3.6127342972307606,1.6656169303192034,0.9892668988773134
circ_00275,CD8+ T cells,0.5839198295707959,0.3481460085224659,0.5264698148153912
circ_00276,NK cells,8.827547687183117,0.3739333831489342,0.5994308783344529
circ_00277,B cells,2.272234037316175,1.1251361293275781,0.9019894683800918
circ_00278,NK cells,1.23232383314978,1.7195914397607919,0.17447997223013623
circ_00279,Dendritic cells,5.531887942033822,1.2889141446196115,0.26293795586212243
circ_00280,CD4+ T cells,7.866089225581617,0.2986523139867596,0.9514835432786001
circ_00281,B cells,8.98974805703363,0.14761138349301217,0.24993493439712833
circ_00282,B cells,7.484078628185813,0.1452112147204454,0.5712692698670716
circ_00283,Macrophages,9.565974062871906,0.03505007684942485,0.14330056651674922
circ_00284,NK cells,5.3362196194566796,1.0358659499938754,0.22256547900088475
circ_00285,B cells,8.947212683289612,1.249818144650533,0.5604995666201632
circ_00286,CD8+ T cells,4.08461294769698,0.12065422174816809,0.18972987761866644
circ_00287,Dendritic cells,8.580925967603669,0.918176203900404,0.35397116246373783
circ_00288,CD4+ T cells,4.8378688469367335,0.5672350091510319,0.7120381368021983
circ_00289,Dendritic cells,1.49763995106874,0.5732273730405439,0.12566349178349878
circ_00290,NK cells,4.476473154027094,1.7283247808008275,0.8502948920420862
circ_00291,NK cells,1.3128073337602864,0.053661993682510234,0.6903213426419446
circ_00292,CD8+ T cells,4.245842604686841,0.6573560404646694,0.9692528602346945
circ_00293,Dendritic cells,2.80269673740404,1.849736884045767,0.5573696363314377
circ_00294,Dendritic cells,9.46474407797768,1.0672939369932084,0.27584166344139616
circ_00295,CD4+ T cells,6.270851506095513,1.8694656000798426,0.5380803149845156
circ_00296,CD8+ T cells,4.411520540427198,0.21765726920340756,0.6301510596857121
circ_00297,B cells,0.4843323932399546,0.7502577460480409,0.33740078240871796
circ_00298,CD4+ T cells,8.625584945656463,1.1732560980855387,0.28408388549301705
circ_00299,NK cells,7.012082371235621,1.7983753668414042,0.9609518088978946
circ_00300,CD8+ T cells,6.589954058943524,1.2929390343432667,0.26805516916498084
circ_00301,NK cells,7.586338324652052,1.5512627170416233,0.1965012177446818
circ_00302,B cells,5.049336875481206,1.025143509968412,0.7362803378307895
circ_00303,CD8+ T cells,8.918399225166699,0.8569238569013764,0.9477283902142948
circ_00304,Macrophages,5.528134059389615,1.133667461913103,0.9588815943484637
circ_00305,CD8+ T cells,2.7049824646435083,0.2899222576624152,0.29062351818999455
circ_00306,Dendritic cells,5.745880930630544,1.754531150852147,0.8155701686526479
circ_00307,CD8+ T cells,1.4380487364008898,1.6099831545849341,0.7614932374089673
circ_00308,Macrophages,5.861490468922858,0.008265138426309715,0.4443158459226195
circ_00309,Dendritic cells,4.496557643883977,1.2257432702336413,0.5636265363053192
circ_00310,NK cells,9.036551523114246,1.7927526886007548,0.3087888244369066
circ_00311,NK cells,6.450646144371742,0.8327568401185357,0.39154235139435567
circ_00312,CD8+ T cells,9.342456676353203,0.4513100663548144,0.8879241172250215
circ_00313,Dendritic cells,3.7844926421115357,0.24509241588736863,0.8790828563617539
circ_00314,CD4+ T cells,4.998761773020265,1.5161593440406342,0.37590543122240394
circ_00315,CD4+ T cells,6.401522498402683,0.04533604730843499,0.6813074071508346
circ_00316,Dendritic cells,3.982303007275241,1.5684428385448765,0.5700405546114825
circ_00317,NK cells,9.152177950411007,1.6740290148664945,0.481158682914108
circ_00318,CD4+ T cells,2.9762445768938237,0.06026785880844354,0.30460302964323666
circ_00319,CD8+ T cells,7.340835541084999,1.482488593654436,0.9511364962285281
circ_00320,CD8+ T cells,2.541413675604378,1.8786376942109042,0.291676007382566
circ_00321,B cells,2.8370177132050047,1.299382666006232,0.5800364841479027
circ_00322,B cells,0.6550433281405343,0.6234704207750077,0.15009385256859606
circ_00323,Dendritic cells,5.977605364998758,1.1595430081316977,0.48818651230665044
circ_00324,NK cells,9.948908309973678,0.03500396454839172,0.7706321654338252
circ_00325,CD4+ T cells,4.521607641522323,0.21178753621607505,0.3080825726846299
circ_00326,CD4+ T cells,2.357933346753185,1.6526048040052783,0.5292270541141577
circ_00327,CD4+ T cells,0.7477237378795076,1.5701485682354246,0.39962315873190235
circ_00328,B cells,5.270650485972601,1.9115992635154235,0.6445233931157981
circ_00329,CD4+ T cells,6.288201812981287,0.5793935528165584,0.2841371394495674
circ_00330,CD8+ T cells,8.387729356628915,1.1327100988151633,0.14223165105136013
circ_00331,B cells,9.084133711058337,1.5207869816816946,0.3635238911100065
circ_00332,Dendritic cells,9.623711469420424,1.8785338462428396,0.4995501793245515
circ_00333,Dendritic cells,8.472536230612368,1.3955491510970732,0.7051207235215956
circ_00334,NK cells,6.208937400777118,0.5076768199911719,0.3554226395763995
circ_00335,B cells,0.4228324071224232,0.24746318775860243,0.5737577259099907
circ_00336,NK cells,8.471508438613814,0.8179987347791278,0.29925318675317114
circ_00337,B cells,8.363369360315327,0.7284736519406829,0.2410860498085751
circ_00338,Dendritic cells,3.722477394929694,1.7768560477785904,0.1820524623288307
circ_00339,CD8+ T cells,7.03636100698818,1.136940991463443,0.4885144454899263
circ_00340,NK cells,0.6273755568615214,0.9500459972539381,0.991650066497734
circ_00341,CD8+ T cells,4.386330261453355,0.7924773496051887,0.20466154265830588
circ_00342,CD8+ T cells,7.975954319824281,0.6727296150026774,0.7616179802495927
circ_00343,Dendritic cells,9.142483361530779,0.2863237010173143,0.2100502699478844
circ_00344,CD8+ T cells,8.276865220871265,0.8336590406952173,0.4784044426704427
circ_00345,CD8+ T cells,3.4045649469634087,1.5888905431692841,0.8482751489486471
circ_00346,Macrophages,4.086205060713153,1.8318542348381885,0.7518876935644576
circ_00347,B cells,0.8475750370581459,0.13218882093333129,0.4121074172199911
circ_00348,Dendritic cells,9.037799264274586,1.2704600955707988,0.9247178113788384
circ_00349,NK cells,4.131234959268259,1.1630569343923955,0.8391682921477424
circ_00350,NK cells,6.967602704005547,1.6314373331639256,0.9365825773719205
circ_00351,B cells,5.2014981839497825,1.8489944245210355,0.8786487913744633
circ_00352,CD4+ T cells,3.416940770312679,0.2617196453099089,0.8534112518896839
circ_00353,CD8+ T cells,9.526011074229046,1.0356282883693393,0.9385783946543147
circ_00354,Macrophages,6.469580304434862,1.542349207122901,0.817763014632063
circ_00355,NK cells,9.447194275991242,0.7784141006272145,0.339145654171025
circ_00356,B cells,1.2284042122975314,0.8907305722083088,0.2141181693300528
circ_00357,CD8+ T cells,2.634755857909652,1.0126820946442807,0.19396926456035674
circ_00358,NK cells,0.6327560651033226,0.9929613780071356,0.4330796968115017
circ_00359,CD4+ T cells,5.689241415715336,0.4904010276634241,0.7105277386765246
circ_00360,B cells,3.5672175725045028,0.9089639235303619,0.8269956167436581
circ_00361,CD8+ T cells,9.214165247494394,1.5562479228900064,0.8653288319998526
circ_00362,CD8+ T cells,4.49204062508994,1.800462708452828,0.13374110942619225
circ_00363,Macrophages,8.68877867965065,1.5437927366887614,0.5390507805767326
circ_00364,Macrophages,3.4393508090223843,0.9190119868735103,0.10949537712484061
circ_00365,Macrophages,0.3160716448514411,1.2265570345910461,0.9189204314681442
circ_00366,NK cells,8.886791108363353,1.9573159360428862,0.1358621740062873
circ_00367,Dendritic cells,5.343461591769259,1.05680335476154,0.8685774720256118
circ_00368,NK cells,5.967459833337157,0.14304417907938172,0.3163108069559869
circ_00369,Dendritic cells,4.4941664282875315,1.1219355428143098,0.21242902329643332
circ_00370,CD8+ T cells,7.0368258331357625,0.3799300131184957,0.8826124500873552
circ_00371,NK cells,9.597334040949026,0.7182488847009534,0.2840459708763763
circ_00372,Macrophages,3.5497461998279514,0.9850119616744071,0.9025892234919528
circ_00373,CD4+ T cells,1.304371262758497,0.7267163635428158,0.9180136649508908
circ_00374,Macrophages,2.6422825288192673,0.009592814017905127,0.13048900102129266
circ_00375,CD8+ T cells,2.0826906991366103,0.3949174935137012,0.8128727404347624
circ_00376,Macrophages,3.075956686672497,0.6425312922989002,0.34013097112971497
circ_00377,NK cells,6.870229547898724,1.3879812280110233,0.32992562366973127
circ_00378,B cells,6.414528045984912,0.21821348895827475,0.2256737026609642
circ_00379,Dendritic cells,2.5631746889722473,0.8823754867845326,0.7566409152779557
circ_00380,CD4+ T cells,9.520981788909138,1.6589805441725405,0.7663910119235826
circ_00381,CD4+ T cells,4.929559996131586,1.8861107300190887,0.703394577452257
circ_00382,CD4+ T cells,9.589420487074968,0.8136354538748534,0.5704628014050362
circ_00383,Dendritic cells,0.02812594052376438,0.5232063659902637,0.2994085440428113
circ_00384,CD8+ T cells,5.4151186337491914,1.7687709377483116,0.933124468426869
circ_00385,Macrophages,5.6717852911450075,1.7558701977307571,0.656991780278649
circ_00386,CD4+ T cells,0.010806732470028946,1.0095507505738321,0.6376405381560408
circ_00387,B cells,4.143717782809783,1.3654950268447645,0.6788717970340856
circ_00388,NK cells,3.386240960573561,1.4178362080909979,0.989111643857862
circ_00389,NK cells,3.460748947085225,1.768730888447726,0.3801546857512694
circ_00390,NK cells,3.26773824213355,1.6087450059594086,0.411797203425734
circ_00391,CD4+ T cells,0.7630288365554405,1.5837218471747938,0.11642221365602115
circ_00392,Dendritic cells,5.525977859475093,0.7230702097386521,0.33721035539144095
circ_00393,Macrophages,5.50129688198836,1.3094524102107443,0.38746885399335496
circ_00394,CD8+ T cells,9.940080106269237,1.8603847833733755,0.6703366826226788
circ_00395,NK cells,9.32408354975815,1.6052652965179994,0.6289703826773784
circ_00396,Macrophages,4.868009231417801,1.4149237771911218,0.325091746273077
circ_00397,B cells,3.4809458330370626,1.5019660100194985,0.8974880137524722
circ_00398,NK cells,9.699864018248858,1.550635158045568,0.7233866612473602
circ_00399,B cells,1.1137186455842618,1.3487866230520031,0.11478102025652308
circ_00400,NK cells,4.905312543298745,0.33140475210581966,0.6785260601533828
circ_00401,NK cells,2.6756410644726514,0.11116426860657458,0.2979698819927799
circ_00402,Macrophages,3.225087843329586,0.223997132615813,0.5906970840680669
circ_00403,Macrophages,5.344814645538233,0.07367904363478184,0.7881738551399212
circ_00404,Dendritic cells,9.237001831386204,1.624183107556885,0.5750136460940345
circ_00405,B cells,6.784858738560673,0.6432691858536401,0.6674385065518315
circ_00406,Macrophages,0.7130312836090302,1.6048571849989217,0.7118470730400251
circ_00407,CD8+ T cells,3.534989943493656,1.6881913912895623,0.8435412047096238
circ_00408,B cells,8.076708142350022,1.940303007907331,0.8097609455950753
circ_00409,CD8+ T cells,5.5435021401893225,0.7602725091905824,0.14855496841082438
circ_00410,NK cells,8.647777652750722,1.0176324547533604,0.9088252310572725
circ_00411,Macrophages,6.411686956988706,0.16910772067713387,0.2087508121172205
circ_00412,Dendritic cells,7.021418507504476,1.458019310484929,0.1072174796488022
circ_00413,CD8+ T cells,3.554875655858832,0.5194708080710377,0.8423357832892373
circ_00414,Dendritic cells,0.9863636518264118,0.5840690548977536,0.512634943198817
circ_00415,Dendritic cells,8.690319107387143,0.8379582858550711,0.7967536395884653
circ_00416,CD8+ T cells,6.806141651416011,1.47167325699447,0.189950205134421
circ_00417,CD4+ T cells,4.769611412252121,1.4309992683990522,0.7865783036582421
circ_00418,Macrophages,2.042197209682115,0.9197943050965254,0.6417894003881119
circ_00419,CD8+ T cells,7.953749490477065,1.969950848902736,0.282714776514741
circ_00420,NK cells,3.6554433640709294,0.8365845611473852,0.717086783541426
circ_00421,Dendritic cells,2.217598205006416,0.21949281576214075,0.18819326537761402
circ_00422,NK cells,7.3365904906070325,1.1229799226407926,0.26209657990804436
circ_00423,B cells,5.508139296905151,1.0694052603622572,0.6926168144650601
circ_00424,Macrophages,9.265225498737747,0.3565884742001004,0.24219642440091632
circ_00425,NK cells,1.817801645769792,0.03732313813267951,0.7225433665669507
circ_00426,CD4+ T cells,3.871259579509243,1.8115904362472435,0.9694644346066154
circ_00427,CD8+ T cells,0.3964931653881354,1.2758842738186307,0.7660206512577121
circ_00428,CD8+ T cells,4.995521810897856,1.2731024591426774,0.8589904133038678
circ_00429,CD8+ T cells,1.4172006493407163,0.5679636515129081,0.12083981360742357
circ_00430,CD8+ T cells,4.2956119398628045,1.9677828851773829,0.3444984730955911
circ_00431,B cells,8.623519807527753,0.691821618157602,0.11229364922203483
circ_00432,CD4+ T cells,3.392645629321521,1.9470396717802272,0.1958288625749176
circ_00433,CD8+ T cells,7.734896798898725,1.5751389974375736,0.7551228226816321
circ_00434,NK cells,9.733563555255857,0.2348811144621461,0.8314507963897808
circ_00435,Dendritic cells,9.145174398480485,0.6518777761260071,0.4257986497721127
circ_00436,NK cells,6.728101491383328,1.9803765526452695,0.15414358485811333
circ_00437,Dendritic cells,1.2122725278633784,1.728766190045601,0.2936033373093667
circ_00438,Macrophages,2.583279819680598,0.520615311218265,0.5865031595863425
circ_00439,Macrophages,3.634031443483953,0.934160390794385,0.5152708181610197
circ_00440,B cells,7.381033421867463,0.9284274123439555,0.5612609701866904
circ_00441,CD8+ T cells,7.7324823709562205,0.5218078345008756,0.75837867473366
circ_00442,CD8+ T cells,9.436763019540159,0.6848737149059034,0.33087807107163625
circ_00443,NK cells,2.8374815854107185,0.07974142120913497,0.7959082053796868
circ_00444,NK cells,3.8596617870164485,1.6090484218039265,0.5134539021352046
circ_00445,B cells,5.488967902617427,0.28008643132439626,0.7779438051211283
circ_00446,CD8+ T cells,3.774945141291244,1.6865196318037332,0.33815623410411016
circ_00447,NK cells,2.544740450843479,0.8509284643014685,0.9114853536048718
circ_00448,B cells,8.841327731259545,1.7292495717617187,0.6438968480246721
circ_00449,Dendritic cells,1.204106607829969,1.8723780947473756,0.6991434979684199
circ_00450,B cells,4.007810953222782,1.8226839216747621,0.9816548733655692
circ_00451,CD4+ T cells,6.642119557937798,1.7946459237210635,0.6042709563139759
circ_00452,Macrophages,1.3136660072495732,0.37205475463764204,0.5513952324763124
circ_00453,Dendritic cells,2.3751108012894804,1.43464924705667,0.9041309865234396
circ_00454,B cells,9.578823749304515,0.7863523363820566,0.3354095980536582
circ_00455,Macrophages,8.602868448299493,1.6311747549460407,0.7272312724360458
circ_00456,CD8+ T cells,8.813617987832341,1.8499552339357723,0.9110876632239776
circ_00457,CD4+ T cells,8.742078916326824,0.9169499475105456,0.3329956908146398
circ_00458,B cells,4.55493635792608,1.2795092230281686,0.8570304606680531
circ_00459,CD8+ T cells,4.642323951696091,0.40652870452731693,0.8404613168292281
circ_00460,CD8+ T cells,8.834943009652887,1.2179225990040157,0.6773414763141474
circ_00461,Dendritic cells,1.0411007437456632,0.2024968362777817,0.6258783499814218
circ_00462,Macrophages,1.3216859220510335,0.9534212401656483,0.8633697754921382
circ_00463,Dendritic cells,0.10380373392632869,0.35178594451859824,0.40623187959890705
circ_00464,B cells,8.967016481978236,1.044414550822013,0.8091517947068583
circ_00465,B cells,3.06949789772807,1.6745724625230984,0.6589079380268169
circ_00466,CD4+ T cells,8.55496432586796,1.3353904846354439,0.6872133562154462
circ_00467,NK cells,8.848074575504759,1.972288909605272,0.9465274214944331
circ_00468,CD8+ T cells,0.6573489071308125,1.752111189294383,0.34034379895675665
circ_00469,Dendritic cells,8.739746073499466,0.6799309293703115,0.9666992531239111
circ_00470,B cells,5.535238518669932,0.5068923204865021,0.4286695839922283
circ_00471,CD4+ T cells,0.4460231385056723,1.1635007731836022,0.8724431158378452
circ_00472,Macrophages,9.660231633273341,1.8139640391413108,0.9852507190062559
circ_00473,Dendritic cells,0.42852403599588973,1.2676621083100947,0.22560343826694726
circ_00474,CD4+ T cells,9.713283625119782,1.4163347207613917,0.6532872532784311
circ_00475,Dendritic cells,8.845024260122775,0.5725271435088435,0.3698513831557899
circ_00476,NK cells,3.6148015447118964,0.6497066512225671,0.21698739577439247
circ_00477,CD8+ T cells,4.919722755930338,0.7839261042964887,0.7631375174923545
circ_00478,NK cells,9.077746952426978,0.8699814240689134,0.21063746799242472
circ_00479,B cells,5.818856743921616,1.323197603218249,0.8036798328769951
circ_00480,Dendritic cells,4.438115759681197,0.2870694103922158,0.2342258978771285
circ_00481,CD8+ T cells,7.937388404214673,0.8436176266615056,0.6644567090944052
circ_00482,CD4+ T cells,0.2317660408425859,1.8862445048491605,0.7639463593694956
circ_00483,CD4+ T cells,9.54890002130288,1.445244405632138,0.7767521610173308
circ_00484,CD8+ T cells,8.68397429629827,0.43347531306831,0.6413608182195494
circ_00485,NK cells,8.472393202925039,0.27706254317334733,0.21460682558833083
circ_00486,Dendritic cells,0.3195411084323674,0.6444492366880925,0.7077287836031779
circ_00487,NK cells,3.5144723427586433,1.1567363777385335,0.40847377144101227
circ_00488,CD8+ T cells,7.650043723523399,0.03318775457447165,0.849291753507142
circ_00489,CD8+ T cells,8.177394342082575,1.1715727597396601,0.6689262202082908
circ_00490,CD4+ T cells,7.420316628418613,1.713363510342196,0.6541276514643852
circ_00491,NK cells,5.707196415183086,1.34236009558929,0.39857874549427774
circ_00492,CD8+ T cells,4.283068083198548,1.1051249985488716,0.925021324703492
circ_00493,CD8+ T cells,7.440200949205042,1.5244505155358716,0.16609090001635327
circ_00494,B cells,9.10963987669,0.9425611516291945,0.956685379963646
circ_00495,Dendritic cells,7.693838519015085,0.2396019293064684,0.7301574536517126
circ_00496,Dendritic cells,6.930253127729563,1.9120858955367044,0.11288377564410232
circ_00497,B cells,1.9527392109543384,1.04685072107269,0.6159265914053578
circ_00498,NK cells,2.2045994608929744,0.8783613048680488,0.5868752435323178
circ_00499,NK cells,3.4198634310366294,1.7567165361385888,0.5849746349029921
circ_00500,CD8+ T cells,3.0288073007219807,0.2648199918101055,0.2200076767712078
circ_00501,Macrophages,2.6480646746321423,0.9520341306083828,0.9848553172332021
circ_00502,CD8+ T cells,2.4203857525541075,0.327933426171902,0.9896552679149652
circ_00503,CD8+ T cells,7.756083446309226,1.0547482373447006,0.1617453951578259
circ_00504,Dendritic cells,9.197812987191929,0.7646324447082071,0.4496457334119459
circ_00505,B cells,4.928609379164833,0.6098328174222916,0.7859058546838456
circ_00506,CD8+ T cells,9.293483846997798,0.6981505286704783,0.6455257387493228
circ_00507,B cells,6.314405531341212,1.8428925304001549,0.9268917719611709
circ_00508,Dendritic cells,8.757491781458992,0.8379356190305476,0.35073062962828505
circ_00509,Macrophages,0.4046828625541643,0.8005580697432868,0.3653644140727208
circ_00510,Macrophages,7.867519127472738,0.3440651768522949,0.9565262386156618
circ_00511,Macrophages,6.635169286895161,1.4148043058258428,0.32802634771575545
circ_00512,Macrophages,6.4067024510837465,0.8120220807185592,0.3463689120734911
circ_00513,Dendritic cells,6.676880051928916,0.04400889117852569,0.27868708899006667
circ_00514,B cells,6.346083417925979,0.9822974758269682,0.5869086755952846
circ_00515,B cells,4.529062121925458,1.310047359181767,0.766306473403539
circ_00516,B cells,1.9002238014918649,0.6863168053276227,0.39332612212692675
circ_00517,Dendritic cells,1.0390779503940384,0.7748509483007291,0.707843560675946
circ_00518,Macrophages,0.6528930865857252,0.027574624837337636,0.7347262685523623
circ_00519,CD4+ T cells,0.40268258705936644,1.9730915846291264,0.17165092430310253
circ_00520,CD4+ T cells,3.686480435444195,1.9658281965611641,0.26881600077468915
circ_00521,B cells,2.5377075294099316,0.811579522699083,0.5807796658647976
circ_00522,CD8+ T cells,0.32595561392395056,1.7006686785334777,0.8061881742078171
circ_00523,CD4+ T cells,5.343034331388273,1.4136448572242635,0.13662726219244312
circ_00524,Dendritic cells,6.716128401497651,1.2488532561309766,0.3456885133318983
circ_00525,CD4+ T cells,5.502347540028402,1.7297753012924126,0.3895295511188168
circ_00526,CD4+ T cells,4.796176419052922,1.4150421046654764,0.7309914647031629
circ_00527,Macrophages,6.314224584602632,0.569547340347732,0.7413100660770212
circ_00528,Dendritic cells,1.1638908194091446,1.6263706637972064,0.1602664167648314
circ_00529,Dendritic cells,9.537177394725806,1.7799564058589774,0.9899268273931834
circ_00530,Macrophages,3.8960386145034,0.7950449358415688,0.48206826266922864
circ_00531,NK cells,9.987828151783559,1.5734814844262976,0.9350783341917036
circ_00532,Dendritic cells,3.1429690336663816,1.764341681709505,0.1071422307399314
circ_00533,Dendritic cells,5.738143206984201,0.20096592427739068,0.46244180529803225
circ_00534,B cells,7.519638189263902,1.9861264773974663,0.32456393905916536
circ_00535,CD4+ T cells,6.087021293303914,1.2566197424618195,0.2818344720168232
circ_00536,B cells,5.2577681081219065,0.5793051668483762,0.14523607233836539
circ_00537,CD4+ T cells,8.028515012477596,1.8605664655451537,0.603134276348696
circ_00538,CD8+ T cells,7.625319267040917,1.1982469802623217,0.5765523058088204
circ_00539,Dendritic cells,2.9361053355985134,1.832381339585934,0.1598574472196153
circ_00540,NK cells,4.066415573813474,1.6980033300972812,0.9090947714307774
circ_00541,CD8+ T cells,4.203325648022327,1.1893775264827862,0.8585502156187531
circ_00542,CD8+ T cells,5.215482527121672,1.5405796828274516,0.23421746601742036
circ_00543,CD8+ T cells,3.9136213234175177,1.964238993754493,0.40347094538377903
circ_00544,NK cells,4.051912404523678,1.04002391267132,0.7046130200852149
circ_00545,CD4+ T cells,6.722892517944557,0.1622227936987013,0.7425730817785957
circ_00546,B cells,1.1396920129950905,1.2534395675935708,0.9904999912946153
circ_00547,Macrophages,7.04282617106006,0.8778660021489044,0.46716882704711016
circ_00548,CD8+ T cells,3.671557607676718,0.0029220072242606143,0.7752789428426607
circ_00549,CD4+ T cells,9.110519536130647,0.7496099938968948,0.35003684444325245
circ_00550,CD8+ T cells,3.254121994518795,1.1017382451416942,0.4957279239449477
circ_00551,Macrophages,3.7494725569204634,0.7448971356448739,0.35181917835347964
circ_00552,CD4+ T cells,2.766781281084673,0.9462180111575471,0.9959386645827835
circ_00553,CD8+ T cells,8.924157575378365,1.132468037446888,0.3895999132585941
circ_00554,CD4+ T cells,0.3741416153922916,1.6174667526238042,0.993470221186008
circ_00555,NK cells,4.851736812998084,1.5862905262806302,0.6741386338758864
circ_00556,B cells,1.109123573914017,1.9190634341450725,0.8557287713288457
circ_00557,Dendritic cells,2.4541021178306077,0.22270721477974686,0.3848526473753584
circ_00558,NK cells,8.507352739471662,0.6656419031535588,0.7076784081419727
circ_00559,CD8+ T cells,8.403641526697157,1.608137286400687,0.15505722417086856
circ_00560,NK cells,9.808560621192346,1.0746566383995095,0.8778544478263528
circ_00561,CD4+ T cells,6.367198036547414,1.963497349259448,0.22401939493187573
circ_00562,Macrophages,2.8843975446673564,1.4194020566217322,0.4590450317413963
circ_00563,CD4+ T cells,1.6545121758749548,0.28296833542900623,0.7631407887901889
circ_00564,CD4+ T cells,8.624344955922828,1.33120371321002,0.32652734990305304
circ_00565,Macrophages,0.9954199737362046,1.1282516248706613,0.46762263113094116
circ_00566,Macrophages,7.854938235103889,0.15875919380943082,0.17717361060736325
circ_00567,B cells,2.5038846371390178,1.6682662895207625,0.18108997520498082
circ_00568,CD4+ T cells,4.91348951483214,1.786030187721565,0.7385500528992424
circ_00569,CD8+ T cells,2.350699636576178,0.759321397146848,0.9850040801098061
circ_00570,NK cells,2.8136641596973333,1.249494944449739,0.8145488249706189
circ_00571,CD8+ T cells,0.049661491310351025,1.517049211767069,0.7506284062743191
circ_00572,CD8+ T cells,2.7625266132807536,1.4729089139717397,0.8997278960506685
circ_00573,B cells,8.645198243900012,1.2816366028247255,0.44932911460684755
circ_00574,B cells,8.342186681487666,1.0538202904947003,0.6344003156589891
circ_00575,NK cells,3.3724114608046154,0.5026201023631351,0.30594069907447086
circ_00576,Dendritic cells,4.348616310465782,1.9522163487649806,0.820113445369441
circ_00577,B cells,3.0419532347607117,1.8263087247949776,0.8545130797189671
circ_00578,Dendritic cells,9.873245322614311,0.3404004150860538,0.2834235827653278
circ_00579,B cells,8.599588120981771,0.6209333284392129,0.8975934853681484
circ_00580,CD8+ T cells,7.915549146051319,0.15487235582590464,0.41879609409187335
circ_00581,CD4+ T cells,8.530360081786576,1.5583314964164205,0.7595771751487659
circ_00582,CD8+ T cells,0.09010645119734706,0.3352623462386104,0.8396919312208377
circ_00583,CD4+ T cells,5.074256854923909,0.21352465904738782,0.38615800603216643
circ_00584,Dendritic cells,0.12849048547447506,0.9019567464859326,0.2865835735469169
circ_00585,Macrophages,7.8883907405361136,1.4190932703469454,0.7121847765716536
circ_00586,CD4+ T cells,2.941883943678121,0.3888492151751828,0.48191302915642453
circ_00587,Dendritic cells,5.995178876204669,1.2650476040399796,0.3940256378489211
circ_00588,NK cells,2.162837607488992,1.108334733885337,0.23770268316648563
circ_00589,Dendritic cells,0.887278341892278,1.5604482214791868,0.6099875924655902
circ_00590,B cells,2.7573875550080187,0.9153171894301713,0.5334346514535725
circ_00591,CD4+ T cells,8.027763261916201,1.4154577873204133,0.4604869403197491
circ_00592,Dendritic cells,0.563102784970474,1.5459679737375056,0.7657116219557054
circ_00593,Dendritic cells,0.21648394776905167,0.48559717578723105,0.15721848568763777
circ_00594,CD4+ T cells,8.801121346817222,0.12767182380553144,0.48295172024417954
circ_00595,CD8+ T cells,2.396021817349605,1.461798860162803,0.306757664256264
circ_00596,Dendritic cells,1.2097996098833141,1.6973233833929786,0.6828627840991045
circ_00597,Dendritic cells,7.689838606440284,0.8256278449358962,0.8570822896793214
circ_00598,NK cells,6.4112203658515945,0.5790480054445728,0.8738628595196954
circ_00599,CD4+ T cells,8.945691527682365,1.1794346831839542,0.14210250642444253
circ_00600,Dendritic cells,8.534455230397517,1.348962621877626,0.5388659637342273
circ_00601,CD4+ T cells,6.323793838171744,1.1355553767706221,0.503378800411965
circ_00602,CD8+ T cells,3.17328958538859,0.36501288818207756,0.30139185942234714
circ_00603,NK cells,0.3762931626001109,1.953662516988698,0.27998354077296816
circ_00604,Macrophages,2.0306660797281415,0.037325704283229566,0.9165934586678265
circ_00605,CD4+ T cells,0.585926017827102,1.016059160944243,0.586818133261958
circ_00606,Dendritic cells,0.09409025604111942,0.2224053799175092,0.48157558634155495
circ_00607,Dendritic cells,3.5864766665600802,0.7098423686030473,0.24664999375551427
circ_00608,Dendritic cells,2.2549639138433486,1.3230585949003735,0.3878244412071179
circ_00609,CD4+ T cells,7.787822994502976,0.23951809468341057,0.7692312800757487
circ_00610,B cells,6.5275523899135965,1.906607128324054,0.573041964552659
circ_00611,CD4+ T cells,0.3822108330687679,0.1673412172795541,0.5658304326627845
circ_00612,Dendritic cells,3.3441915031004266,0.7611482260327433,0.6500044025014095
circ_00613,Dendritic cells,4.074901679427533,0.8832280478747918,0.783576456560678
circ_00614,Dendritic cells,3.806364512816538,0.7201673294851343,0.696224335017168
circ_00615,B cells,3.102467594153062,1.5814245919100058,0.8515542670270988
circ_00616,CD4+ T cells,1.6372395818914187,1.767106660583579,0.3918575337838218
circ_00617,CD4+ T cells,8.8289335867691,0.7730898858747612,0.4497959502009198
circ_00618,CD4+ T cells,3.014251316733405,0.9637234771758159,0.7267322414134196
circ_00619,B cells,1.0389412130144515,0.8495090618164671,0.4901105538245796
circ_00620,Dendritic cells,1.6955388478152167,1.2065954444923794,0.18794843428947722
circ_00621,B cells,6.547267894897168,0.29049079488226104,0.36803359220095266
circ_00622,CD4+ T cells,1.8719673412644888,0.3898162876354292,0.2273551016730446
circ_00623,Dendritic cells,2.4716284926331156,1.0012812956443558,0.351240433506703
circ_00624,Dendritic cells,1.0550088484871079,0.33270783569702966,0.2620576777118889
circ_00625,NK cells,2.9456524197401657,1.7716661367996334,0.5941775578125247
circ_00626,Macrophages,1.7652759199891754,0.934915811737087,0.7173596870635646
circ_00627,B cells,8.882938626384835,0.9447568351159747,0.661534447427974
circ_00628,NK cells,6.879531698065834,1.8620327188152945,0.610957865803602
circ_00629,CD4+ T cells,7.158313090996261,0.4408411579671445,0.8492581514983217
circ_00630,Dendritic cells,4.678574937045038,1.5551241109047569,0.4184632484032309
circ_00631,Dendritic cells,1.9286048634519926,1.810695398129758,0.8195525142404093
circ_00632,CD4+ T cells,1.822474309883736,1.1586700000594492,0.409739609606366
circ_00633,Macrophages,6.487085509316838,0.24329159866491334,0.8832514859700578
circ_00634,CD4+ T cells,3.9038699549234925,1.9615775005850538,0.5576283759537956
circ_00635,B cells,1.1373224065564702,1.2562176178109221,0.583780730557912
circ_00636,Dendritic cells,6.073427903830167,0.655106460215227,0.5485485056989649
circ_00637,CD8+ T cells,5.399411333449427,0.46715470616883725,0.9149732532890632
circ_00638,Dendritic cells,7.873899321101399,0.7300609134280962,0.18412599144464686
circ_00639,B cells,7.999730306100268,1.4812171708208486,0.3646208445293747
circ_00640,Macrophages,6.6790181763153385,0.8261187162548311,0.10711392148512815
circ_00641,Macrophages,7.175284292282239,0.7078365879296453,0.9379678218889856
circ_00642,Dendritic cells,7.954616103025465,0.26377488205738464,0.854569923341023
circ_00643,Dendritic cells,8.277883937667754,0.5949783112805394,0.4369390238669464
circ_00644,Macrophages,8.086815768811716,0.24398413673914998,0.9548122737142695
circ_00645,Macrophages,5.330063150912636,1.8537799851852435,0.6470154118115727
circ_00646,B cells,8.370584811771561,1.888597701342414,0.12068442529674595
circ_00647,B cells,2.020608483039661,0.1601688875251175,0.5130151202820361
circ_00648,Dendritic cells,1.7804579013112898,0.14228772179142757,0.49571042510807817
circ_00649,B cells,6.67487821695773,1.9201945120635742,0.6469845798061834
circ_00650,Dendritic cells,0.8533082343301746,0.26253164220118164,0.8947218771176353
circ_00651,B cells,4.909446650767845,0.7327499050104709,0.961580470716488
circ_00652,Dendritic cells,8.22874568944538,1.515849799085964,0.9526857039553996
circ_00653,NK cells,2.6360322189221943,1.7588572221543208,0.5104436618587793
circ_00654,Dendritic cells,3.169443958574366,1.3000898818074194,0.37659403219471765
circ_00655,CD8+ T cells,1.6137508535596845,1.183896051235678,0.6093910178770001
circ_00656,CD4+ T cells,2.9704654982478695,1.5908350912058673,0.1750990348263372
circ_00657,CD4+ T cells,1.6723498917805646,1.985544304146567,0.49631554428514957
circ_00658,Dendritic cells,5.039072755847515,0.058530160110306984,0.5783061608608758
circ_00659,Macrophages,3.3013563723798445,1.3652157749535927,0.5458754002644047
circ_00660,Macrophages,0.5330511353522249,0.7051002918060478,0.5991633137866635
circ_00661,B cells,1.419327752348697,0.34399628085424916,0.2373681564262731
circ_00662,Dendritic cells,8.418373703304884,1.0734174173184858,0.8392731010748526
circ_00663,Macrophages,4.513719708359875,0.10227769406273235,0.6092872433721558
circ_00664,Dendritic cells,5.046822671038809,0.19955638225279504,0.232394628917511
circ_00665,B cells,7.582246464221903,1.1250333707696494,0.7462945525218828
circ_00666,Dendritic cells,0.9168726218028544,0.6684710923141004,0.4670606781225912
circ_00667,B cells,5.781938657186696,1.4522862797760254,0.7178580729611294
circ_00668,CD8+ T cells,4.455575104473367,0.5887934108125394,0.21502461728634908
circ_00669,B cells,5.556076510080793,1.8239723572167947,0.4282092872809067
circ_00670,NK cells,0.7316382291321266,0.17004057754815927,0.3268315618465751
circ_00671,Macrophages,0.4110890048255966,1.2387095126726335,0.7984154936694973
circ_00672,CD8+ T cells,5.1625167770626,1.3697806661829943,0.534647148316494
circ_00673,B cells,9.011310064079623,1.7519978779044942,0.8777581679761858
circ_00674,CD4+ T cells,9.22640204293845,1.8876011968570583,0.6059660104204733
circ_00675,B cells,4.528038448366259,0.8994490427542421,0.7474553782259848
circ_00676,B cells,7.501816652323582,0.06799780915844389,0.38048369363567436
circ_00677,CD4+ T cells,1.1411450084970376,0.9240129872081526,0.5155932272632292
circ_00678,NK cells,3.077156058647059,0.7284482564525483,0.29764666184942284
circ_00679,NK cells,1.7252331062300552,0.5695968124334816,0.36106255511526186
circ_00680,Macrophages,2.1718499259599233,1.120198212058025,0.7814505583495329
circ_00681,B cells,2.0983926479244683,0.6804487595072972,0.8690427940752139
circ_00682,CD8+ T cells,2.1393990356644577,0.4010239773259969,0.47069586739068014
circ_00683,Macrophages,0.9002610037873027,1.3032590394568806,0.4539712219680435
circ_00684,Macrophages,1.3841158452999136,1.1815923314921806,0.45551760411207076
circ_00685,Dendritic cells,4.881983655307386,0.07754911216113958,0.32753912882585445
circ_00686,Dendritic cells,3.0209334465016005,0.9377504719911669,0.7341140669695925
circ_00687,B cells,4.331291661430166,0.5760502777716443,0.32351264756022813
circ_00688,B cells,1.3085439056427794,0.9111522735832889,0.5169862548446028
circ_00689,NK cells,1.1763652751797515,0.7076560562498946,0.6973386858500469
circ_00690,B cells,1.633729306329167,1.0566038931307218,0.22698808585485403
circ_00691,CD4+ T cells,0.3060597733369341,0.7764769353629037,0.9446289871757457
circ_00692,CD4+ T cells,4.478179893645447,0.48748916651972274,0.7984059143377592
circ_00693,Dendritic cells,6.948346920595312,0.02155130682293649,0.7659026085317182
circ_00694,B cells,4.976724546033688,1.6451083107794828,0.7135245141757388
circ_00695,NK cells,5.20092541777148,1.5166755108640122,0.2020270920519472
circ_00696,Dendritic cells,0.3543843404416869,1.3361890876901839,0.1217664412988294
circ_00697,Dendritic cells,4.4332135720927415,0.2666527239026937,0.6733563721077477
circ_00698,NK cells,2.052430425964883,1.4214871808769698,0.4897188554933313
circ_00699,NK cells,2.50823366640354,1.3522944536992663,0.22565580496079868
circ_00700,NK cells,5.528370044410906,1.0802641182985906,0.7004320662535934
circ_00701,CD4+ T cells,3.373026717670591,0.5579998393915373,0.5786630128569605
circ_00702,Macrophages,5.333989503660459,1.3462198804605097,0.11524981730934629
circ_00703,CD8+ T cells,7.545945497529302,1.8365576689614702,0.2322579842639529
circ_00704,NK cells,0.5734475657246851,1.2686409764557434,0.8690722268026392
circ_00705,Dendritic cells,0.6548633299803541,0.1463920005855308,0.5015994792822379
circ_00706,NK cells,5.501067166549288,0.3046884624974855,0.35778826842372113
circ_00707,NK cells,7.042553826677354,0.889213945526057,0.8545232221761518
circ_00708,Dendritic cells,0.7584208198024966,1.762662736809475,0.9842159286624553
circ_00709,Macrophages,7.682610476875137,0.3724649499645163,0.7270423839717025
circ_00710,CD4+ T cells,1.0563319742032684,1.2940947618476653,0.2599620713841224
circ_00711,CD4+ T cells,6.316143334421014,0.6674015720290394,0.7777006565337533
circ_00712,CD8+ T cells,4.336130419408527,0.21311909742666835,0.2201557892509285
circ_00713,Dendritic cells,9.937283492435927,0.8840742389619236,0.8434783628293673
circ_00714,Dendritic cells,4.638103186752565,0.14268173727368927,0.816277038477952
circ_00715,CD8+ T cells,2.341651578521601,1.090395770497673,0.6660472375956251
circ_00716,Macrophages,8.849556328046626,1.9674333034587654,0.4302210160269335
circ_00717,B cells,7.9544516575490185,0.8374531446576945,0.3456661400769765
circ_00718,B cells,7.906270762232807,0.93326611684615,0.9334606325409897
circ_00719,Dendritic cells,2.6755440772790817,0.34812257089341214,0.7928848006733177
circ_00720,B cells,1.364613816045539,1.3653702392631049,0.10036741988724099
circ_00721,NK cells,1.40572497304435,1.8500901899305107,0.4514699256776452
circ_00722,NK cells,4.034815020090079,1.0020217279026513,0.5816757472426276
circ_00723,CD8+ T cells,0.1369402909330586,1.2616879920677442,0.3971543503768906
circ_00724,B cells,2.629511394501478,1.8633243167135654,0.5471511657568502
circ_00725,CD8+ T cells,6.632360816249516,0.26812227965550295,0.9594752570593704
circ_00726,Dendritic cells,4.365165999892829,1.7567921028051263,0.7175268942900913
circ_00727,NK cells,5.066287134331259,0.5108884958422415,0.7302391276650166
circ_00728,B cells,5.153569424177542,0.3810215513694051,0.7199267584184484
circ_00729,B cells,8.63242866354714,1.607740530287484,0.7007541471678516
circ_00730,B cells,7.371120207688856,1.2368938657450192,0.19062040537822594
circ_00731,Macrophages,9.483449918761504,1.1004869247136195,0.7972645785754425
circ_00732,Macrophages,1.3188910444781632,0.9241061253938869,0.2138238855584006
circ_00733,Dendritic cells,0.49002539305593285,0.8906644985475296,0.7219292898675334
circ_00734,CD4+ T cells,1.6242801225115122,0.1772611233142789,0.15205517377470812
circ_00735,Macrophages,6.8097325693519775,1.6412088254684318,0.9915927286986965
circ_00736,Dendritic cells,1.2141330497816127,0.22150536122092235,0.9941930090207126
circ_00737,Dendritic cells,0.41223678553356624,0.2566291196727284,0.6810560980146263
circ_00738,B cells,7.080861114668778,0.8371177560091834,0.2531631852354153
circ_00739,Macrophages,9.473949750150753,1.899030126731003,0.5100834501464382
circ_00740,Dendritic cells,3.276114121964908,0.22700915586990167,0.42373901830600946
circ_00741,Macrophages,9.77958119211271,1.5296000305414477,0.14692632426232627
circ_00742,NK cells,1.6006999231124208,1.145311755903263,0.9289932407999463
circ_00743,Dendritic cells,5.670507949218045,1.8074298250914718,0.8418722386908541
circ_00744,Macrophages,9.426211239181109,0.6267700199615003,0.3515909008528899
circ_00745,CD4+ T cells,4.48686869391882,1.3850494525484496,0.4106777414318531
circ_00746,Dendritic cells,8.300644415721564,1.4011887322745098,0.5894346108548247
circ_00747,B cells,9.635094951136296,0.613713055479806,0.22159639243162482
circ_00748,Dendritic cells,0.44705581856437804,0.47494436751672797,0.10464718715303514
circ_00749,CD8+ T cells,9.396102760329327,1.4099478033560728,0.2360889115114138
circ_00750,B cells,3.5006535655335327,0.08205159625940661,0.49366462326206473
circ_00751,CD4+ T cells,5.781340368335614,0.37294844545072503,0.533173410330477
circ_00752,B cells,6.996738617009143,0.9313256187998202,0.3203773948396254
circ_00753,CD4+ T cells,9.604624630552971,0.08078768470873565,0.9105282476000514
circ_00754,Dendritic cells,6.739906100714018,0.8506952435555653,0.504342641867494
circ_00755,Dendritic cells,3.903331163888051,0.5261697820343367,0.9843140796437486
circ_00756,Dendritic cells,9.98378410783049,0.09561194975738219,0.9992333368380606
circ_00757,CD4+ T cells,7.894234006171386,0.48095127271367977,0.7377124864272123
circ_00758,Dendritic cells,2.141248178780222,1.0262019700102945,0.6542622074577458
circ_00759,Dendritic cells,4.812221900227663,0.2660167919375147,0.45290705795301456
circ_00760,Macrophages,2.13737363958535,1.0327476495898515,0.11490924684367315
circ_00761,B cells,9.621196206294014,0.35738656817474856,0.9792915640722222
circ_00762,CD4+ T cells,2.3820486370799134,0.32740792789093387,0.6724221373918662
circ_00763,NK cells,7.750028930147367,1.2912170774461897,0.6660002233019056
circ_00764,NK cells,1.8608863273550302,0.2561054458061194,0.20331779393281518
circ_00765,B cells,3.3199676928016943,0.12729160415163698,0.9581737028110215
circ_00766,NK cells,2.6633672482673267,0.7303060808151887,0.1665168311432757
circ_00767,CD4+ T cells,8.601316990180516,1.7286715162390474,0.3148910896579807
circ_00768,CD4+ T cells,6.202196891376101,0.08152644849823454,0.3008249748132467
circ_00769,CD8+ T cells,4.382807428207115,1.6052801338122191,0.7723375679730221
circ_00770,CD8+ T cells,4.5324118272868095,0.7143561140315196,0.11586347001913722
circ_00771,CD8+ T cells,6.597675125509142,0.18222133834412602,0.16164658005284765
circ_00772,Macrophages,4.508609422421211,0.29924012040696724,0.6968976331033235
circ_00773,CD8+ T cells,2.133602819485645,0.6145002716116095,0.48684950266240934
circ_00774,B cells,4.128531787652303,0.7737400784851634,0.7782316675410074
circ_00775,CD4+ T cells,2.4694137700945795,1.2159887072434044,0.26476598365797405
circ_00776,Macrophages,7.893295244096406,1.4558183487799128,0.7990267425015418
circ_00777,Macrophages,6.897690156304136,0.962352071996224,0.5680829337288061
circ_00778,NK cells,9.019904016600739,0.930830093284484,0.49245328610543027
circ_00779,Macrophages,4.056498015634384,1.375273420477326,0.7968079583187638
circ_00780,NK cells,1.1277291535115497,0.24747962210217134,0.5809150150594333
circ_00781,B cells,4.028436131552491,1.583006433400313,0.26767642094447364
circ_00782,Macrophages,8.23399511595217,0.004401122792584422,0.23776894400162515
circ_00783,Macrophages,4.956046078059844,0.35886839596326525,0.8723283777498372
circ_00784,Dendritic cells,9.43579624169965,0.8185277689234465,0.6238816215008496
circ_00785,B cells,0.9811798403585203,0.9438873531361716,0.13564307403793968
circ_00786,CD4+ T cells,4.319926517671532,0.07173540625074692,0.9817594706213361
circ_00787,B cells,4.240474445651325,1.0079182878416866,0.6161755243012195
circ_00788,Dendritic cells,5.358771481014706,1.462534079227778,0.9410800978890699
circ_00789,CD4+ T cells,6.191260234799199,0.27292533649738004,0.9794506109703354
circ_00790,CD4+ T cells,9.481297192071025,0.4385783345462866,0.7717218131615127
circ_00791,Dendritic cells,3.7876117334502792,1.570548251414732,0.7920219126917489
circ_00792,NK cells,1.67188195349263,1.8623138633938727,0.4451874019790987
circ_00793,CD8+ T cells,1.3701258376086967,0.3984946203804427,0.3318243425604818
circ_00794,Macrophages,7.435247338024854,0.5780784247178596,0.40606935879429784
circ_00795,Dendritic cells,6.0829274756102425,0.7030655896286735,0.1370456860712723
circ_00796,NK cells,1.955227922258277,0.7115379169661351,0.38787391347819633
circ_00797,Dendritic cells,6.856507887047969,0.8660603810510956,0.4801839189413142
circ_00798,CD4+ T cells,3.397562610859267,0.06395185068606568,0.2260817943076659
circ_00799,Dendritic cells,8.25238991803758,1.544793864878937,0.42380262724234974
circ_00800,Dendritic cells,6.495086671596529,0.4912313426702184,0.4206429703525111
circ_00801,CD8+ T cells,8.473046648485386,1.6332259759708045,0.6951817967447809
circ_00802,B cells,0.8361160071013085,0.04779409638364429,0.5958358961788688
circ_00803,CD4+ T cells,4.753904178541108,1.9875140033500043,0.36565032750403936
circ_00804,NK cells,2.0448367146182553,0.8917276839032438,0.33314595392266977
circ_00805,NK cells,1.7990267219808875,1.1305476771699379,0.38546011212637776
circ_00806,Dendritic cells,7.265601947760553,0.0929128339055254,0.7443779334282538
circ_00807,Dendritic cells,0.8958516160091079,0.7762771163425672,0.7410805574663326
circ_00808,B cells,9.367653782885153,0.24581819852807762,0.9404847842478572
circ_00809,B cells,3.593777456663194,1.5167207923568429,0.5165446524600686
circ_00810,NK cells,7.655023088428811,1.9952205720066183,0.14157742204572768
circ_00811,NK cells,5.846599905169278,0.47188332908062036,0.21689268561553585
circ_00812,B cells,8.796494262838227,0.09920353052067887,0.8698237056184658
circ_00813,Dendritic cells,5.9277665962546155,0.049316748010831635,0.9367016594871829
circ_00814,CD8+ T cells,6.146691313714477,0.6954813733622263,0.5920947612639779
circ_00815,Macrophages,1.9042014249330363,1.2379702644879933,0.33886211378648673
circ_00816,CD4+ T cells,7.023990827511064,1.3431914555102549,0.7742286595740894
circ_00817,NK cells,9.058816093751632,1.352244970473318,0.3230968350957585
circ_00818,Dendritic cells,9.660618943712155,1.8294587567282878,0.37280641419233884
circ_00819,Macrophages,3.1834256404657557,0.8719905067153435,0.6025464897758663
circ_00820,CD4+ T cells,9.172827481191547,0.8159037110943499,0.8908644216752979
circ_00821,CD8+ T cells,8.604930827579844,1.031885772505345,0.8063317740537451
circ_00822,NK cells,9.28697712195243,1.9775553470294054,0.28510532976909564
circ_00823,Macrophages,8.324925125244429,1.326656352222591,0.23412891990127607
circ_00824,CD4+ T cells,7.887318434291039,1.4084322924442245,0.9058872821416684
circ_00825,CD8+ T cells,1.4736910255861102,0.7580968975769102,0.8607108280205052
circ_00826,Dendritic cells,9.242177320567714,1.9449503698159414,0.9915409191059789
circ_00827,CD8+ T cells,7.46742480692658,1.714485339030782,0.7350858152861269
circ_00828,Dendritic cells,7.993461983602944,0.9251018078371471,0.6485387097008212
circ_00829,B cells,9.838564310292456,1.8134575030833275,0.8313021850152421
circ_00830,CD8+ T cells,7.618879183562032,0.7938620025129886,0.9898882875556527
circ_00831,CD4+ T cells,3.416662641886278,0.968322060422389,0.3784387527945253
circ_00832,Macrophages,8.630438472724801,1.3014135499935984,0.11834515229847692
circ_00833,CD4+ T cells,6.12261784405862,1.2399188484165689,0.47352675217047
circ_00834,CD4+ T cells,1.9938111298264238,0.8001838429195984,0.573955697744492
circ_00835,NK cells,6.257277068372504,1.0007192934911628,0.2164618922194403
circ_00836,Dendritic cells,0.6595574983471619,1.5903845275566333,0.34417704108448605
circ_00837,Dendritic cells,5.941329331945866,1.1150344146409177,0.6725780946944504
circ_00838,NK cells,2.603506689369346,1.5087919774430545,0.6860899903270754
circ_00839,CD8+ T cells,4.535524563143497,0.7474661000472844,0.6463234037340891
circ_00840,B cells,8.296776222626448,0.9721330126035901,0.17367948556203616
circ_00841,Macrophages,5.922198104180891,1.0540108374248167,0.7390803187085413
circ_00842,CD4+ T cells,6.367051285205397,0.25720838088108255,0.867978832722317
circ_00843,NK cells,1.313081721362065,0.6849188985459802,0.18727619842859228
circ_00844,CD8+ T cells,9.9581127956869,1.7400110614761595,0.9812408202555492
circ_00845,CD8+ T cells,4.226363995159685,1.5680512730168565,0.5683682737882367
circ_00846,B cells,9.361640048788548,1.6678757169457135,0.8572799743982785
circ_00847,B cells,5.058110516027311,1.8881290046466532,0.8822977628443107
circ_00848,Macrophages,9.78967130196522,1.6232655947991983,0.5899200016627242
circ_00849,Dendritic cells,6.065255822116706,0.8231741892747204,0.5063739572857079
circ_00850,CD4+ T cells,3.1221309376721837,0.7458217659619544,0.9458947372492241
circ_00851,B cells,4.796478550318253,0.3084564555175995,0.3261545867130649
circ_00852,NK cells,1.2958482816916717,1.7640826782467092,0.10226239963649963
circ_00853,B cells,9.150381886189123,1.6938072211186037,0.2014025629989435
circ_00854,Dendritic cells,3.3270444649868622,0.41371682544739885,0.7580070311290041
circ_00855,CD8+ T cells,2.377450092989688,1.4557663751099892,0.4126979918686037
circ_00856,B cells,8.131912361225604,1.838023304505718,0.14077594661121745
circ_00857,B cells,6.963336416868941,1.539598940939,0.5471029752136687
circ_00858,CD8+ T cells,4.934351969553826,0.17739323165120346,0.48316056016118136
circ_00859,CD4+ T cells,0.21987208568561956,1.6541574318217525,0.5788342780498842
circ_00860,CD8+ T cells,1.2906150992952359,0.9593618967239481,0.5162129246457186
circ_00861,CD4+ T cells,2.111048177034789,1.8088755311001181,0.9896891165221251
circ_00862,CD4+ T cells,4.67692116841501,0.2168609182131147,0.8441096292250568
circ_00863,CD8+ T cells,2.228653703702391,0.4162717913875953,0.13799500145296328
circ_00864,CD8+ T cells,4.993326686546709,1.8858595227772483,0.8512806589417571
circ_00865,CD4+ T cells,4.4394397020941945,0.7977837771168912,0.8012755516462481
circ_00866,CD4+ T cells,2.930000998919935,0.37907955552937134,0.17210130589411
circ_00867,B cells,6.4229840716771545,1.5044662427333484,0.31276496280909205
circ_00868,Dendritic cells,7.61127076479264,1.3601606686748855,0.7703924330384296
circ_00869,Dendritic cells,4.2154652046328795,1.5767278631682282,0.5878443200841732
circ_00870,CD8+ T cells,3.283044767398607,1.1275379453524164,0.28036844198825617
circ_00871,CD8+ T cells,5.306481609140197,0.20197628782350718,0.6105324062200002
circ_00872,CD8+ T cells,0.35924038374464673,1.835528854852898,0.72604085898251
circ_00873,B cells,9.207366368517816,0.7327778445204904,0.33917547313397534
circ_00874,NK cells,6.113441121169751,1.606540046908437,0.9510470727090948
circ_00875,B cells,0.2955766629914369,0.5082174303101874,0.46276713566693173
circ_00876,B cells,5.432082536942968,0.6890657486633727,0.7715803554160179
circ_00877,B cells,2.2484774322571246,1.6023543439965766,0.6832660670520885
circ_00878,Dendritic cells,6.426624470588441,0.9623873803253025,0.40041004981672323
circ_00879,Dendritic cells,5.290731942316046,1.5824437202551875,0.7664237973689906
circ_00880,NK cells,2.2792785189512155,1.7427447244083827,0.6265554583211559
circ_00881,CD4+ T cells,6.572779336691826,0.5153263796815344,0.7453389586549719
circ_00882,CD4+ T cells,9.222289922797994,0.16189811918251418,0.6489133666034548
circ_00883,CD8+ T cells,5.1194387051712456,1.8108617340028907,0.6155485916811283
circ_00884,CD4+ T cells,6.349702365590458,1.8394501732683206,0.9697897103383353
circ_00885,B cells,7.54776453337792,0.6078307948149331,0.8400182283913935
circ_00886,NK cells,3.3734653019681393,0.30823269046609814,0.39229979220506106
circ_00887,Dendritic cells,8.538682295069307,0.7961473436305968,0.819652060553621
circ_00888,B cells,0.6270804633434335,0.38410533806954517,0.9107192365361317
circ_00889,Dendritic cells,4.841013270082025,0.49236043458854084,0.8469909345110763
circ_00890,NK cells,9.897234871738402,0.42278002866449027,0.6533847917344725
circ_00891,Dendritic cells,4.347515811429177,0.448626455404892,0.8904760042681509
circ_00892,CD8+ T cells,6.599361518380741,0.5007034737970495,0.6507082488822873
circ_00893,NK cells,6.1298480019564785,1.425811597993665,0.10051224663353805
circ_00894,NK cells,4.976961609843936,1.563075552745036,0.38103554548127305
circ_00895,NK cells,8.784356324851876,1.8871057306505359,0.5329371536037802
circ_00896,B cells,9.632218095524374,1.9053347874312199,0.41010274680316827
circ_00897,B cells,6.259670351486929,1.4869765034483773,0.6018610922797824
circ_00898,B cells,0.5391651864034164,1.4301531545286494,0.9142953080454177
circ_00899,B cells,5.746734228046138,0.11837242669534342,0.5701617770279964
circ_00900,CD4+ T cells,6.446495560551806,0.22035553759118431,0.41333662998843046
circ_00901,Dendritic cells,2.200902465720056,1.1558404909251268,0.6045477904365245
circ_00902,CD8+ T cells,8.781111077672119,1.072716075677447,0.5973337110828331
circ_00903,NK cells,2.5356479393183418,0.8767895186373178,0.3191462809557434
circ_00904,B cells,6.095066571615737,0.6011560994927272,0.17925814908685173
circ_00905,CD8+ T cells,3.581556521499153,0.04049984466166556,0.954502390883123
circ_00906,Dendritic cells,7.404811062223465,0.32058640530371685,0.42881673281733734
circ_00907,Macrophages,4.204896312370848,1.9721569270387305,0.4942162577112553
circ_00908,CD8+ T cells,3.927741946979799,1.6415513693607082,0.41460960318443907
circ_00909,Dendritic cells,8.727969533724577,0.9922778858896606,0.9419048791153742
circ_00910,CD8+ T cells,3.708971840896824,0.4131525137752625,0.12786797712237544
circ_00911,B cells,5.2137081461222525,0.5684315231850126,0.8539811075976863
circ_00912,NK cells,3.7866407899590238,0.30353560853701045,0.19142796567282425
circ_00913,Dendritic cells,2.98838934529977,1.8114314391106523,0.42037632874498665
circ_00914,Macrophages,0.6240839366209328,1.9558017413512885,0.24425825752398306
circ_00915,Macrophages,3.122904970995708,0.6359701284268768,0.11151221510218096
circ_00916,CD4+ T cells,5.103516740475101,0.14031770690780032,0.28542053112305443
circ_00917,CD8+ T cells,4.0987944472693405,0.15025757004814788,0.9061675644824808
circ_00918,Dendritic cells,0.22681962372107511,1.9760210240763867,0.6638090453918205
circ_00919,CD4+ T cells,1.3313989771458012,1.0722700569458612,0.20409491566808297
circ_00920,B cells,2.7498708951495052,1.237368130096818,0.963795197060772
circ_00921,CD8+ T cells,1.9958280845983978,0.21033486388723377,0.9358301604797222
circ_00922,CD8+ T cells,6.695611681882207,1.468786806823215,0.9431097231710327
circ_00923,Macrophages,8.948395767057855,0.5934375636627343,0.3356840458115348
circ_00924,CD4+ T cells,5.991414614832019,0.30577200567793206,0.8190382871104678
circ_00925,Macrophages,1.033833355681265,1.5378238714182344,0.844246862591323
circ_00926,Macrophages,1.310961873589025,1.6992648759869702,0.12376914742862145
circ_00927,Macrophages,1.5627326646291795,1.1304424156609416,0.1552295015461874
circ_00928,B cells,7.166905634996871,1.0309141995870217,0.16996536988253913
circ_00929,NK cells,1.8994010703759634,0.2258385676058814,0.8948929367833182
circ_00930,NK cells,9.48998748641382,0.3772086776783774,0.649571672341648
circ_00931,Macrophages,4.682238218275446,1.5226486234524452,0.7027129787559471
circ_00932,Macrophages,2.9448016092563876,0.7586361232674905,0.8552824032467711
circ_00933,CD8+ T cells,3.1669639697819454,1.1831320797467817,0.14048294442554848
circ_00934,Macrophages,9.037968237501907,1.3513366636836412,0.5267579634323302
circ_00935,NK cells,0.4511713160941744,0.8501656018742907,0.5899024884519359
circ_00936,Dendritic cells,6.898307900433506,1.7527196314960682,0.9541882605249826
circ_00937,NK cells,4.955249473971581,0.09038968990819152,0.6855959168774137
circ_00938,NK cells,1.875085021088977,1.8532785317941738,0.6319580249523411
circ_00939,NK cells,4.989669577191027,0.5419332228695943,0.1716333525837302
circ_00940,Dendritic cells,0.9565314634031308,0.8830998917068071,0.540624696249635
circ_00941,CD4+ T cells,6.66674290915981,0.05017874562650504,0.8571366232893359
circ_00942,CD8+ T cells,4.162568120080427,1.4175217387876637,0.12453546639875729
circ_00943,CD4+ T cells,2.68658277694556,0.688512244169164,0.4190151237601084
circ_00944,Macrophages,7.436551173805967,1.6540931427587302,0.5315200927001701
circ_00945,CD8+ T cells,6.3701494323633785,1.5581395480221352,0.6017508785895214
circ_00946,NK cells,2.9639958730703517,1.948387518184996,0.962350425857403
circ_00947,Macrophages,6.961951649644503,1.2002762918776382,0.5752213332689222
circ_00948,B cells,2.150420349928578,1.2680864717435254,0.9730208237848307
circ_00949,CD8+ T cells,9.933553409318192,1.296188800738147,0.7993602282813161
circ_00950,Macrophages,2.1049318058659185,1.663928856012848,0.7010074334701656
circ_00951,CD8+ T cells,8.36259772805062,1.488087082818328,0.7723375276190904
circ_00952,NK cells,7.514995944803625,1.55737620290657,0.9380166765166136
circ_00953,NK cells,3.2528197104990753,1.9503670250043006,0.9183194072503199
circ_00954,Dendritic cells,3.1701163056340107,1.1161627402934824,0.6495509038792175
circ_00955,Macrophages,9.598962362990784,1.1773535934024715,0.6935556183801603
circ_00956,CD8+ T cells,1.9650915098148236,0.37186447036834935,0.2088304256552625
circ_00957,CD4+ T cells,4.650545121120823,0.27470679378554497,0.2738182386128416
circ_00958,B cells,4.6305856062858295,1.589360076803023,0.5181684363748091
circ_00959,CD8+ T cells,9.325930930312069,1.8275110372734766,0.8426698460683762
circ_00960,B cells,5.76554226359605,1.762026890988768,0.6843280902404109
circ_00961,CD4+ T cells,1.620790693594627,1.0022904161424422,0.4349410791274838
circ_00962,Macrophages,3.772499143038396,1.3005827071728182,0.7579566574570564
circ_00963,Macrophages,0.5054653189845537,0.4983232737128991,0.37560424731835196
circ_00964,NK cells,1.6778932766871968,0.3493355602140815,0.41141490488524557
circ_00965,NK cells,7.460858078266936,1.885500669135188,0.9573664972724932
circ_00966,CD8+ T cells,4.0037623285897705,0.33184232221956655,0.4888713056803683
circ_00967,Dendritic cells,8.082570313851074,0.33177789816821557,0.4882514238907555
circ_00968,NK cells,8.222985284102949,1.5176272995461408,0.643096124942214
circ_00969,CD4+ T cells,2.7135185563928585,1.7640232226990278,0.22278962827101018
circ_00970,NK cells,8.145796448697482,1.1116906559785076,0.3640971012230818
circ_00971,CD4+ T cells,5.629784212316901,1.962714199776836,0.1896072751337632
circ_00972,Dendritic cells,3.3420071408257614,1.3572491205585937,0.6828084290200064
circ_00973,CD4+ T cells,1.9599583115059038,1.8982411720640173,0.5745661515327274
circ_00974,Macrophages,3.3252867356166185,0.16047027704385952,0.916676358438306
circ_00975,CD4+ T cells,9.710384853393304,0.7304147881951075,0.6139605930424906
circ_00976,B cells,5.0960042014924545,1.150341448106161,0.6090967839538332
circ_00977,Dendritic cells,6.065636084863541,0.25259681167490955,0.9744582533361937
circ_00978,Dendritic cells,6.6506233814469775,0.4492433048595257,0.7683060146302375
circ_00979,Dendritic cells,0.9487021201652379,1.2501541036886519,0.5344245421298581
circ_00980,B cells,9.438647681810984,1.5284892671481647,0.6217782926866123
circ_00981,CD4+ T cells,0.49910447524879054,0.41436238519609536,0.1690085822012365
circ_00982,Dendritic cells,3.606690439473187,1.1710807060910031,0.7067478196342892
circ_00983,NK cells,8.232713585456713,0.2866510614952229,0.883595210425769
circ_00984,Macrophages,3.347497769045771,0.41788099288134406,0.26203898903383344
circ_00985,Dendritic cells,3.5576938758690027,1.215452438606512,0.8819501675086003
circ_00986,Macrophages,0.6371489719313972,0.8600623994792465,0.4203899416275273
circ_00987,CD8+ T cells,1.9480824230757843,1.9268891275332352,0.2425813776134798
circ_00988,NK cells,6.570607337008969,1.3612144991925348,0.2338481877505278
circ_00989,Macrophages,0.475903807971757,0.8751759030949491,0.3262973153602212
circ_00990,NK cells,6.091955672206043,1.9849355860936775,0.7806777270416112
circ_00991,CD8+ T cells,0.40081056412860083,1.55964553913077,0.13585706793519028
circ_00992,B cells,6.664004092255881,0.026739429477376397,0.35930946328681124
circ_00993,B cells,9.815668179441044,0.3460870946733312,0.6431594375825768
circ_00994,CD4+ T cells,5.828362976057675,0.16090765362255488,0.8638642583042164
circ_00995,NK cells,7.024767973913403,0.3374495742842889,0.38681909208644394
circ_00996,B cells,5.890283948567183,0.30977429207375806,0.540382107827138
circ_00997,B cells,8.862946812541116,0.26758589240005004,0.8176245751480824
circ_00998,CD4+ T cells,6.654244112862654,0.1052853705610024,0.6146877033934831
circ_00999,CD4+ T cells,5.506299465738871,1.0671437659244625,0.1798782649458221
circ_01000,B cells,3.5921035578105243,1.324158170553262,0.11122552369281281
circ_01001,Macrophages,6.569113961341935,1.0000089061982556,0.7038751450829536
circ_01002,Macrophages,8.55242234643372,1.1445662876959204,0.16843787713283226
circ_01003,NK cells,1.8174990644776157,1.0127217206608128,0.8848262153214128
circ_01004,B cells,4.814164777325203,1.1534942926347953,0.8989175637455105
circ_01005,CD8+ T cells,5.151307571052861,1.4887273643974737,0.3210496597578288
circ_01006,B cells,4.785909395930591,1.688979660698318,0.2580269297236696
circ_01007,Dendritic cells,7.2255539043246175,0.7019699544873854,0.6451621080275318
circ_01008,CD8+ T cells,7.410943413849617,0.7014703286164947,0.9122483463494012
circ_01009,Dendritic cells,6.107290517474457,0.8322907999806812,0.842164915420788
circ_01010,CD4+ T cells,2.7929613077857485,1.5001593543073983,0.5194381504069351
circ_01011,CD8+ T cells,2.9973722360863375,0.610311418903972,0.42890828657378677
circ_01012,Dendritic cells,6.786254382015462,0.9177689518656584,0.606593829491432
circ_01013,B cells,0.7128985170789193,1.7231068393935762,0.3800848875048446
circ_01014,CD8+ T cells,4.027471216611519,1.3375851413493949,0.12135872901117836
circ_01015,Dendritic cells,3.2845854725677626,0.3728288893918852,0.9039122176353847
circ_01016,Macrophages,6.2336454836571695,1.5736560384617997,0.6459458839641365
circ_01017,NK cells,6.82509475740238,1.5642687775732083,0.36994220818026
circ_01018,CD4+ T cells,8.079339204189585,0.38234322759387296,0.9023652825726816
circ_01019,CD4+ T cells,5.294044000150793,1.4812732050394402,0.5738442912354371
circ_01020,CD4+ T cells,2.791925855820514,0.17094576403466455,0.2637264544801323
circ_01021,NK cells,8.802211786961067,0.37382458442897404,0.22196856012153673
circ_01022,NK cells,8.1251856753603,1.8510710256319134,0.9763436312694017
circ_01023,NK cells,7.2172920812491785,0.5233116336065691,0.4253550358544911
circ_01024,B cells,5.514314429392444,1.844331671572278,0.5319384553595472
circ_01025,CD4+ T cells,4.228954407790137,0.2954388808466979,0.9333859301288675
circ_01026,NK cells,5.325034523341463,0.48184023211481697,0.1638204608294901
circ_01027,CD4+ T cells,9.711967968539177,1.443460747997231,0.33925869778602696
circ_01028,CD8+ T cells,4.300855083502251,0.5577092832951833,0.11187570275360986
circ_01029,Macrophages,5.142594627342899,0.7906709365687901,0.8811414412780417
circ_01030,Macrophages,9.59971182968432,0.7729721622513084,0.2630308737813201
circ_01031,CD8+ T cells,8.056656729774108,1.7216920679988044,0.23034170119777314
circ_01032,CD8+ T cells,1.2423619161465493,1.3975182700301496,0.6028209548294104
circ_01033,Dendritic cells,1.1651557430073811,1.9512663685187621,0.28881252874546126
circ_01034,NK cells,2.7616313079555974,1.2741835679099758,0.3092658772889567
circ_01035,B cells,6.126166836197373,0.679541439063015,0.1355838130585373
circ_01036,CD8+ T cells,2.5031227749472365,1.5284570619631288,0.39077808133297864
circ_01037,B cells,8.300689458687362,0.10177372434914078,0.30583262431839975
circ_01038,B cells,8.738660222920696,1.736283216250867,0.8831391902637622
circ_01039,NK cells,6.7409534998084295,1.5667686692868668,0.8502792755603436
circ_01040,Dendritic cells,9.02616829550831,1.5030298570267282,0.96588417010582
circ_01041,B cells,8.905645058352164,1.1564517787622617,0.9521997425840386
circ_01042,B cells,3.4975662014168387,1.5448943360347098,0.1814436539155459
circ_01043,B cells,0.15526482063538904,0.45204363871454434,0.10973345726651228
circ_01044,Dendritic cells,7.0847347405905206,0.8573954229720688,0.8972313737058542
circ_01045,CD4+ T cells,7.920545902567061,1.397395502899713,0.8980084981905131
circ_01046,CD8+ T cells,7.197996514750047,0.6409496408198778,0.8181147742055078
circ_01047,CD4+ T cells,1.4586057460989599,0.296352468933331,0.4015856478055735
circ_01048,CD4+ T cells,5.664565505046443,0.7256615157332584,0.581987429821946
circ_01049,Macrophages,1.7551714812312946,0.7458025901249297,0.6389481183816791
circ_01050,CD4+ T cells,5.784107244010742,0.6837928507111151,0.5456732572337518
circ_01051,CD4+ T cells,3.0995945196808075,0.5134241636537813,0.5185882641758444
circ_01052,Dendritic cells,7.483425792165891,0.20993408416222725,0.22864096505608988
circ_01053,CD8+ T cells,2.4712133477176677,0.3102734767628226,0.6610473462845695
circ_01054,NK cells,4.307509504219208,0.18097740484809766,0.5961269756200572
circ_01055,NK cells,8.245645854873551,1.1493443787267905,0.586052356075525
circ_01056,CD4+ T cells,1.5382959590039713,1.886061763327623,0.7566655026606528
circ_01057,CD4+ T cells,4.141710877189367,1.4107080678479496,0.14872769354255977
circ_01058,B cells,3.591471278233046,0.5673101113412609,0.23494615869852659
circ_01059,Dendritic cells,0.5628702941855479,0.7549951928338519,0.43461825607505644
circ_01060,B cells,0.5612763745046534,1.9318389199184274,0.3786345731732855
circ_01061,CD4+ T cells,6.315177161517427,0.03057997427187842,0.5493066035407809
circ_01062,Dendritic cells,2.7692658703870867,0.35434974985909595,0.5962642186242952
circ_01063,CD4+ T cells,2.6744319230075977,1.301399889346936,0.3517141284605735
circ_01064,CD4+ T cells,2.702342125849302,0.8871347408826711,0.6372509572895547
circ_01065,NK cells,2.18032585729218,0.8010870309598448,0.1335755050273267
circ_01066,CD8+ T cells,3.647640300900672,1.2386767914448056,0.25166619950957325
circ_01067,NK cells,8.05293921982416,1.4564431972119474,0.941037669844307
circ_01068,CD4+ T cells,3.928358360306853,0.525370672396168,0.6164703052546695
circ_01069,B cells,3.966276727206038,0.7252818894139765,0.28242687584713966
circ_01070,Dendritic cells,0.4301680515601314,1.0922656153145434,0.10741504798651348
circ_01071,Macrophages,0.13704460282426334,0.21734061112070568,0.6763730491069562
circ_01072,CD4+ T cells,5.398411678710784,1.302716918288645,0.8298575920630146
circ_01073,NK cells,5.269525689600377,1.0051665166237418,0.9128127291524726
circ_01074,CD4+ T cells,1.3728741012877899,0.36179969623969965,0.554673550187553
circ_01075,NK cells,5.224277885089773,1.750264273932016,0.8000491686597381
circ_01076,CD4+ T cells,0.20589632405678904,1.7674948230701701,0.29645209852692667
circ_01077,Dendritic cells,4.468393194955765,1.4370161794896106,0.6591101612924382
circ_01078,CD4+ T cells,4.593215877045359,1.4038767944943136,0.7673830214799637
circ_01079,NK cells,7.170889878445145,0.9505696354985804,0.2137849688004247
circ_01080,CD8+ T cells,7.080339279597473,0.43293569098876294,0.5044882750955049
circ_01081,Dendritic cells,9.923117633419672,0.9291952690268814,0.7157915626960167
circ_01082,B cells,7.591186969847482,0.01054061098398762,0.6326782834338416
circ_01083,NK cells,7.364870574290255,1.5524880177361609,0.8324433310575183
circ_01084,B cells,5.496407327867866,0.6538454996260146,0.8482820068765826
circ_01085,CD8+ T cells,1.7682233463183628,1.260171720928445,0.16085760167438062
circ_01086,CD4+ T cells,2.4245305335632006,1.394567243524644,0.3448934950769085
circ_01087,CD8+ T cells,0.4884328728602838,0.49649121947483343,0.30867509342222565
circ_01088,CD4+ T cells,7.221349802728003,0.5618296729296586,0.4056158081724984
circ_01089,CD4+ T cells,2.6464579850853918,1.0837781070683121,0.16484971636621673
circ_01090,CD8+ T cells,4.390924947788152,0.8175307641127221,0.8794330424901947
circ_01091,Macrophages,6.2438873332359695,1.4827831737244839,0.3880709170384997
circ_01092,Macrophages,2.9622942733405297,0.95810321438211,0.18735341618839887
circ_01093,Macrophages,8.304801569525512,0.20758068719602485,0.6897840615792262
circ_01094,Dendritic cells,9.399748278335485,1.5386333385792577,0.9389861817611533
circ_01095,Macrophages,3.774697269187034,0.1696083862655251,0.7203304765791101
circ_01096,CD8+ T cells,3.5563550025049926,0.30255803435762374,0.31042670658563726
circ_01097,CD8+ T cells,4.686604129395723,1.0702432029376114,0.6225809611843399
circ_01098,Dendritic cells,5.467173468974263,0.9144187742384069,0.6476881020594926
circ_01099,Dendritic cells,3.640854065054311,0.019761030893000298,0.5012501903639297
circ_01100,Dendritic cells,6.207012314553829,1.19699095743129,0.33064010692991974
circ_01101,CD4+ T cells,4.8123570815257475,0.21828509385533423,0.7923695236825739
circ_01102,Macrophages,7.107037265325161,0.825245740537278,0.20004662983229277
circ_01103,Dendritic cells,4.691984211565635,0.9107863467028954,0.6035953876463879
circ_01104,Dendritic cells,7.626936761954566,1.097062800992735,0.6568548599469101
circ_01105,CD4+ T cells,1.9498847947374387,0.12193588468734928,0.1193489410843588
circ_01106,Macrophages,2.8803417657964117,0.30205873911268366,0.8806518040823503
circ_01107,Dendritic cells,5.9049009198203475,0.013670328751563599,0.17883477550149218
circ_01108,CD4+ T cells,2.2331719717534693,0.8791081437364525,0.5956299339781463
circ_01109,CD8+ T cells,3.7481434424593383,1.0624385964093206,0.34525775832898653
circ_01110,CD8+ T cells,8.18534970063604,1.7323958198093972,0.6266026123186617
circ_01111,CD8+ T cells,8.49367907332483,1.094592580607768,0.2668127316131319
circ_01112,NK cells,0.43181783022428033,0.5853787760936087,0.10106737249955061
circ_01113,B cells,5.933345879842381,0.8100782166686407,0.6323521798605777
circ_01114,Macrophages,6.770157154563438,1.1115451830021328,0.9627225219330214
circ_01115,CD4+ T cells,4.688992511921657,1.69988297383144,0.44384795079233497
circ_01116,Macrophages,6.295546167396893,1.034676865041212,0.694317074016511
circ_01117,Macrophages,8.408116812689398,1.1005699443227521,0.7896410744064425
circ_01118,CD8+ T cells,0.027028555243537866,1.7133098439874226,0.14876176729940432
circ_01119,Macrophages,4.843851633171706,0.6181125012778124,0.9683287668165435
circ_01120,Dendritic cells,8.62755941049982,0.5218288229403087,0.24765605860125767
circ_01121,NK cells,6.480049861032535,0.9136092593563889,0.17427073974535812
circ_01122,B cells,0.6989353544398058,0.1046695522266825,0.2906602592179376
circ_01123,Dendritic cells,1.0650989064372074,1.9385580107390445,0.7963462314299592
circ_01124,Macrophages,9.199552299361581,0.08997431488597463,0.9734609290237961
circ_01125,B cells,4.034901572178704,1.4639649767708962,0.20307112854883286
circ_01126,B cells,8.850792094650819,0.458288240954271,0.7191127609050252
circ_01127,CD4+ T cells,5.568347795070744,0.5209974296103999,0.14021610457583988
circ_01128,CD8+ T cells,4.811408000429006,0.29858126753253456,0.28175775131543046
circ_01129,CD4+ T cells,6.865248050353069,1.3836878702369941,0.32311170900919417
circ_01130,NK cells,0.6293522551401787,1.2047794506045337,0.13491856110919895
circ_01131,Dendritic cells,6.571412130046511,0.20159696234455193,0.8981221462367152
circ_01132,Macrophages,9.53765521201028,1.551730842804079,0.24219420576057168
circ_01133,CD8+ T cells,6.179438503300965,1.910409645670488,0.5243935278626024
circ_01134,Macrophages,8.365710884074431,1.5846010514964253,0.9432571854775874
circ_01135,Macrophages,0.1405547291734932,0.7637679393188539,0.302823297758797
circ_01136,B cells,9.074972360812037,1.1096828787457882,0.480214634795886
circ_01137,Macrophages,3.152882382682022,0.2761614359719191,0.9443171963821049
circ_01138,NK cells,0.4045125822105411,0.243924067343952,0.9048414378948885
circ_01139,Macrophages,6.890566730822969,1.4808412696010451,0.10391165610940356
circ_01140,Dendritic cells,2.6107162426476815,1.4618751166581465,0.7834746618566604
circ_01141,B cells,8.728669594475463,1.4596026079324687,0.26871580122224936
circ_01142,NK cells,9.754777199956921,0.9353852652596524,0.6443923350429259
circ_01143,CD4+ T cells,5.849962819467764,0.8495903980940969,0.7115881790994986
circ_01144,B cells,6.899397305919688,1.5042935311017729,0.1474433451857996
circ_01145,CD8+ T cells,0.05073013285841421,1.267531691982108,0.49495079020753174
circ_01146,CD4+ T cells,7.586187744481167,1.2323057460315443,0.800491963759293
circ_01147,CD8+ T cells,0.678441540874094,1.2493217650481625,0.9253228486901597
circ_01148,NK cells,0.3917785759800907,0.9738778233711074,0.7193503258649577
circ_01149,Dendritic cells,1.9631796358477127,1.2738392676800436,0.5112155860948057
circ_01150,CD8+ T cells,3.9569465270478776,0.9908292368544969,0.7370309208921147
circ_01151,CD8+ T cells,8.347417634591666,1.2496348523292697,0.2396322276307103
circ_01152,Macrophages,8.120613345376526,0.1060149145964433,0.573324464792725
circ_01153,CD4+ T cells,1.4891086827513722,0.9298623168920832,0.8260004512953593
circ_01154,CD4+ T cells,3.2734800739205094,0.8351842925441015,0.3252243621225873
circ_01155,CD8+ T cells,0.8818599177772635,1.776847948253155,0.6199776001431504
circ_01156,Dendritic cells,7.853050692939265,1.1040010579865533,0.8073903011205347
circ_01157,Macrophages,0.47886316513270577,0.8817552867706782,0.9737982565665222
circ_01158,Macrophages,6.096039536154296,1.7345968183424294,0.7305205049422743
circ_01159,CD4+ T cells,8.121777510114356,0.6812629587178736,0.8566607851528055
circ_01160,CD4+ T cells,2.590847401217584,1.2726757851267723,0.6455681948587582
circ_01161,CD8+ T cells,9.162240511918096,1.5471983464184234,0.10871812926263966
circ_01162,NK cells,6.051711844712557,1.302482990010079,0.7865801359469092
circ_01163,CD4+ T cells,4.644251430273242,1.7190042038395854,0.5113442011937216
circ_01164,Macrophages,8.187160654709912,1.4380856549438614,0.5882728961256967
circ_01165,CD4+ T cells,6.63356044827439,0.5867596869420086,0.17045224521144625
circ_01166,B cells,8.526227537012975,1.4300585969794806,0.9308345879164027
circ_01167,CD8+ T cells,7.867732719709606,0.7910330119790605,0.9532882323912698
circ_01168,Dendritic cells,0.6504489404582492,1.585605303456163,0.9369922331406442
circ_01169,CD4+ T cells,8.812934101291392,0.5770138512692591,0.3612653252533027
circ_01170,NK cells,0.9881177094675375,0.6922562815705982,0.19509997238348595
circ_01171,NK cells,7.955216137590025,1.8593975085216892,0.2502185063541867
circ_01172,Macrophages,2.3436236844084304,1.922770912402912,0.8035080433915645
circ_01173,CD8+ T cells,4.662366933229149,1.5331840912001045,0.9420600108568425
circ_01174,Dendritic cells,9.84603610284601,1.8197885284898103,0.28062587310398446
circ_01175,Dendritic cells,6.978348625558496,0.8191188482897764,0.15581875992137262
circ_01176,NK cells,7.7163741066321165,0.9160469156400906,0.6068478029300773
circ_01177,Macrophages,2.434164753204243,0.09680125267441664,0.8617086398289171
circ_01178,CD8+ T cells,8.465348355631406,0.7533032173033223,0.15887940455897567
circ_01179,NK cells,1.120957893617851,0.9784119626519248,0.5788259953365396
circ_01180,Dendritic cells,3.5840957284323216,0.6833844148175563,0.5394534266005738
circ_01181,CD4+ T cells,6.205084146095262,1.0878242309241786,0.7809427756331473
circ_01182,CD4+ T cells,9.588405146429908,0.46510028263097647,0.7102181708048346
circ_01183,NK cells,7.203376626497768,0.5671849815775563,0.19968956497974272
circ_01184,Dendritic cells,8.181630806125035,1.65498419818067,0.54202388267811
circ_01185,NK cells,3.5534829520146127,0.45048930577910684,0.2673766408141356
circ_01186,B cells,4.156161067165676,1.650535317376076,0.8020137506101662
circ_01187,NK cells,5.02920610878546,1.4670406930149509,0.5383246152805015
circ_01188,NK cells,0.4767490388082174,0.9172975876844682,0.7930258618018475
circ_01189,B cells,6.78310957384297,0.5804706296325401,0.6616490493227646
circ_01190,B cells,5.660431447162503,1.4798357493536651,0.2923569698471462
circ_01191,NK cells,0.7554972784388492,0.35188920358047215,0.6870546084651581
circ_01192,Dendritic cells,6.617016146505918,0.14581842836455805,0.15906031304446777
circ_01193,CD4+ T cells,3.1590600106118147,0.2676876317897956,0.774474054064257
circ_01194,B cells,5.992074059380808,0.18381800404905535,0.7019262326198401
circ_01195,Dendritic cells,0.04017298707912231,1.970101736041392,0.18243080799472677
circ_01196,NK cells,0.5909029713059022,0.020105284426840342,0.24990649666534862
circ_01197,Macrophages,0.8761547249358836,1.3380971255514962,0.6580394545265879
circ_01198,CD8+ T cells,8.05272134605518,0.9872555860534487,0.5696336219016657
circ_01199,Macrophages,2.5273006188803504,0.07256919768737458,0.5328578674287198
circ_01200,NK cells,3.2375537293401258,0.4338454824104274,0.3018706265786322
circ_01201,CD8+ T cells,8.161912217898221,0.22368969189664045,0.45528676880334895
circ_01202,CD8+ T cells,9.291830054281858,0.6450051866065643,0.6930738308562627
circ_01203,CD4+ T cells,9.336276674933757,0.21616778283800353,0.31575357268022486
circ_01204,CD8+ T cells,7.838973838463774,0.2674669798136966,0.8832141324897564
circ_01205,Dendritic cells,2.204145297413601,0.17605586728597955,0.4892572193763315
circ_01206,CD8+ T cells,6.70649535865196,1.5521365019495235,0.105338844326528
circ_01207,NK cells,7.274364572132736,1.7594092649678998,0.5595838523207098
circ_01208,NK cells,7.413179643690963,1.7265719519502176,0.8678209466223971
circ_01209,CD8+ T cells,3.7106619867681134,0.10865686239227301,0.54622243956604
circ_01210,B cells,4.399583546319494,1.670008169287934,0.3013352427467708
circ_01211,Macrophages,6.3150165816385515,1.8412110378779794,0.42013487341725886
circ_01212,CD4+ T cells,9.96375762364435,0.12363399456290214,0.9828936330657806
circ_01213,B cells,5.473612908491512,0.9311523467530174,0.6335340549912034
circ_01214,CD4+ T cells,0.6156948306054455,0.6724426911368899,0.1747144570635161
circ_01215,CD4+ T cells,3.8793356891874553,0.2676537507410808,0.31161968371957316
circ_01216,Dendritic cells,8.742396859088897,0.7809838832809217,0.6657984136422626
circ_01217,Macrophages,2.5078701309346685,1.813114263245182,0.504076239356013
circ_01218,NK cells,9.064947236562183,1.2415922107487742,0.9023878536506602
circ_01219,CD4+ T cells,8.248645942344194,1.0326075724249564,0.5702906437165326
circ_01220,CD8+ T cells,2.2672789914561706,0.4462608970183699,0.25010231245694514
circ_01221,CD8+ T cells,6.935829357020503,0.7646191473556794,0.29793148105490774
circ_01222,NK cells,6.125724255190176,0.17191831418371306,0.6960814152122822
circ_01223,Macrophages,2.47042975402469,0.6137163098403884,0.3073005179064605
circ_01224,B cells,6.278460713324828,0.6672038853706699,0.598473855875236
circ_01225,Macrophages,2.3968112369472316,0.7260671361730768,0.8696895418545972
circ_01226,B cells,6.800690707821269,1.7267481192890899,0.5110923309572682
circ_01227,Dendritic cells,6.178667200258835,1.6011971944571808,0.6992647703810062
circ_01228,CD4+ T cells,6.803691812522665,0.1855620928942041,0.5076750743256618
circ_01229,CD8+ T cells,4.935783742291684,0.5569372675060265,0.47088658213496637
circ_01230,CD8+ T cells,8.754176175772322,0.875456926333956,0.6930069355319304
circ_01231,CD8+ T cells,8.95372636438056,0.01554010447813381,0.3175895789878394
circ_01232,CD4+ T cells,8.246172505449923,1.133328970093203,0.879830490567054
circ_01233,CD4+ T cells,3.680361813249793,1.0249486811072834,0.4548346480172085
circ_01234,CD4+ T cells,7.396713782682337,0.2805619920130735,0.10932676935249916
circ_01235,NK cells,4.386557818643632,1.0700116672075917,0.38258817056046457
circ_01236,CD8+ T cells,6.315940791887035,0.4969852374772197,0.5399965757169384
circ_01237,CD8+ T cells,2.008192562710436,0.6092317853334448,0.8512771153547886
circ_01238,B cells,3.8348899759125232,1.5827733485871591,0.7530724148647847
circ_01239,Dendritic cells,1.8515698489733212,0.2992030937181931,0.9807374584299127
circ_01240,B cells,7.089642674823798,0.8007989706272614,0.10456553391635925
circ_01241,CD4+ T cells,7.841999537549594,1.1831893353940734,0.706269008688193
circ_01242,B cells,2.772060112809317,0.6394233724179805,0.5879773449235249
circ_01243,CD8+ T cells,3.5363128269118214,1.6917245706747075,0.5556924145091355
circ_01244,CD4+ T cells,5.21453575735734,0.6620903762765331,0.19894875103371218
circ_01245,Dendritic cells,0.03349045264625872,0.41823278562438326,0.3268765366350616
circ_01246,Macrophages,0.5480026219681389,0.5711153224757375,0.30726209209255617
circ_01247,NK cells,4.713473957970978,0.7675417603335952,0.8296773441415043
circ_01248,Dendritic cells,4.55824525775974,0.5445059487795516,0.7964397723589536
circ_01249,CD8+ T cells,2.7095665129607136,1.5529683944971313,0.6584909891016199
circ_01250,NK cells,7.494993920864652,1.1941826704791119,0.35405681422670077
circ_01251,B cells,4.9443841874859356,0.43020339949027186,0.2423311630726368
circ_01252,NK cells,7.444838555081164,0.45853251272478124,0.49166504518266996
circ_01253,Macrophages,9.805232846266195,1.9427879636724967,0.8815745938638881
circ_01254,B cells,6.324397985307229,1.8918056158639207,0.23847669701399854
circ_01255,Macrophages,6.704485261101913,0.5010084356758475,0.15981608347539678
circ_01256,CD8+ T cells,5.678633498818866,1.5574813349089467,0.7785409786026264
circ_01257,Macrophages,2.0115696225580315,1.366768358729905,0.8193702700549089
circ_01258,CD4+ T cells,4.34792587655075,1.3443792618507697,0.8835824742675359
circ_01259,CD4+ T cells,7.547177907771109,0.6671524047441548,0.32368118993445705
circ_01260,Dendritic cells,0.5904840044607806,0.16024023721415714,0.24756463239330204
circ_01261,CD4+ T cells,0.8242749252279302,1.8911917833662673,0.1750222611994947
circ_01262,Macrophages,2.6181910181517343,0.881236396568698,0.5222992241926687
circ_01263,CD4+ T cells,6.132038770799073,1.5843559832056116,0.8464474468536813
circ_01264,CD4+ T cells,6.863646804625661,0.7246209211659851,0.3518124203563888
circ_01265,B cells,3.6759199349473795,0.16014046311508778,0.37571566670904377
circ_01266,CD8+ T cells,0.6420162400699858,0.10496795171577933,0.2616639756006624
circ_01267,CD8+ T cells,5.372062578550066,0.7727661801620442,0.5892852274563182
circ_01268,NK cells,7.936185597745874,1.2879375722419961,0.9619435775986894
circ_01269,Dendritic cells,3.3488365880402258,1.7660133234421143,0.7993576311743157
circ_01270,CD8+ T cells,0.4235157657256061,0.9753373046087712,0.9307320046849713
circ_01271,B cells,8.137057472011156,1.21176151632555,0.5068518725445673
circ_01272,NK cells,8.533713298453966,0.5236448140994046,0.35002154549755393
circ_01273,NK cells,4.393596874017182,0.8992795581352317,0.8462869343156764
circ_01274,Macrophages,3.4940207103789014,1.5634275206524701,0.6555094469206519
circ_01275,CD8+ T cells,5.733858643741334,0.20036897729536318,0.20776980690042277
circ_01276,B cells,0.6960375224533766,1.9601372361680125,0.18179794005498195
circ_01277,NK cells,5.779034519356027,0.6677424251210358,0.47880896637193915
circ_01278,B cells,3.0775003434544033,0.7847247015750212,0.37045016482396176
circ_01279,Macrophages,7.402029103244918,0.1419834452417621,0.6802986973271823
circ_01280,CD8+ T cells,0.512040103196626,0.06614724276027695,0.3882521557026811
circ_01281,NK cells,6.429140441850006,0.4705111515127509,0.8874221936908656
circ_01282,NK cells,8.80684180999092,1.9142584266773046,0.8894004167802257
circ_01283,B cells,9.32060698766406,1.838625492305807,0.47715323981331004
circ_01284,B cells,6.257188197605581,1.426972508648284,0.4981241001927824
circ_01285,CD8+ T cells,1.5383437701045843,0.40936784011614,0.8010939991198361
circ_01286,Macrophages,7.459281688839666,0.7115075843918088,0.5462537495351559
circ_01287,Dendritic cells,1.9988290180054002,0.23597898661736316,0.4369250429905436
circ_01288,CD4+ T cells,2.1117104963621722,1.032690169718936,0.4502878080405328
circ_01289,CD8+ T cells,0.8068153606371131,0.28041237677763053,0.4101181149509908
circ_01290,B cells,9.418481087679812,0.7349049638297545,0.7426619812903624
circ_01291,CD8+ T cells,1.262971481023003,0.2036911023118455,0.7083133175041951
circ_01292,B cells,5.71693962669614,0.6000878969493149,0.16664862098130984
circ_01293,CD8+ T cells,0.08267854183683587,1.2587763192203387,0.4457314203973364
circ_01294,Macrophages,8.89978681076981,0.44768631003245263,0.14294981319264644
circ_01295,B cells,0.9265752001211491,1.038415150528685,0.6075236145058505
circ_01296,NK cells,2.4427825415515567,0.9795618099600383,0.6909431753313767
circ_01297,NK cells,0.05919720259067951,1.9419687486661872,0.4324148730226425
circ_01298,Dendritic cells,3.6643765308006504,0.4611996876571127,0.8981349849626066
circ_01299,CD4+ T cells,2.845467383393591,1.540647852314072,0.707596494855273
circ_01300,B cells,3.951697088510201,1.2432486320616924,0.6447725289512733
circ_01301,NK cells,2.303213665221544,0.3139508659338195,0.5641705238159372
circ_01302,B cells,5.360758112257981,0.2929821666550443,0.6161032811864446
circ_01303,NK cells,6.434918502914093,1.2327692667185346,0.3373714293201675
circ_01304,Macrophages,1.8782082105611253,1.1617762732149457,0.3779326109764456
circ_01305,Macrophages,3.169003639139163,1.2921155262502628,0.7029812700967342
circ_01306,Dendritic cells,1.8514236199098777,1.232266945086054,0.6630659179632009
circ_01307,Macrophages,6.103873799204792,0.03841890118750446,0.19672654029481387
circ_01308,Dendritic cells,6.69736028877864,1.6921078841094594,0.36466767037829717
circ_01309,CD8+ T cells,0.4505607216405161,0.11394390593276804,0.30192359325235424
circ_01310,CD4+ T cells,0.8216392330027267,0.2866446969840031,0.3322025492226743
circ_01311,Macrophages,6.216424914757335,1.4183566494932096,0.9517999688123733
circ_01312,CD8+ T cells,8.717811050506317,1.6932850852860573,0.7055742220688984
circ_01313,CD8+ T cells,2.001928839240865,0.23693587018576623,0.45283452877676866
circ_01314,Macrophages,4.4508928932482945,1.2510709387276573,0.17942940091107062
circ_01315,NK cells,1.5774348793342097,0.285013341437389,0.4082042763488023
circ_01316,B cells,3.774975440116201,1.3651878543102098,0.7036423797858343
circ_01317,Dendritic cells,8.722222413291949,1.4534791136322203,0.10966744635182099
circ_01318,Dendritic cells,3.379765365434455,0.4610200009399503,0.9227180741342869
circ_01319,CD4+ T cells,3.2884832454994815,1.0237222474110652,0.7002402555308365
circ_01320,Dendritic cells,2.9722725135641093,1.751918242656002,0.7929889838539909
circ_01321,Dendritic cells,2.6789037430296747,1.8601913064607778,0.7452964734481273
circ_01322,B cells,7.287719929385769,1.7724654707253802,0.9587659797487309
circ_01323,Dendritic cells,9.170749069851379,0.7857511521015828,0.7401956765179467
circ_01324,CD4+ T cells,5.737278644849789,0.211828921367333,0.18743756405980105
circ_01325,NK cells,9.885456377867673,1.5475230850641937,0.36468556007585107
circ_01326,Macrophages,3.286205069917841,1.097082564504183,0.37697656171736504
circ_01327,B cells,4.953403747552684,0.6992780054511463,0.2609458781737068
circ_01328,CD8+ T cells,2.1506339453326238,0.7842071742361469,0.400762656521087
circ_01329,Macrophages,7.621577233151866,0.7719250690682995,0.5815398040715136
circ_01330,B cells,8.540622588445764,1.6543541408776508,0.22747403169658903
circ_01331,CD4+ T cells,0.7944145516435364,0.4556071604593588,0.13556995571376365
circ_01332,B cells,0.7035651722179137,0.6993245500199825,0.1545857262001536
circ_01333,Macrophages,3.729390006525344,1.5194869754249727,0.22895108630535943
circ_01334,Macrophages,0.7692689935562236,1.929413480360375,0.966798529979063
circ_01335,CD8+ T cells,7.808286289937659,1.255245479100471,0.24548332072368756
circ_01336,CD4+ T cells,4.362487410307701,0.04219839921035584,0.6373168070139033
circ_01337,B cells,3.7818855505065097,1.152668247054583,0.9456749630707229
circ_01338,CD4+ T cells,3.1875773079360448,0.7331465069206684,0.8580502442547953
circ_01339,CD4+ T cells,5.374651013083996,1.205947399265792,0.278003809153943
circ_01340,Dendritic cells,8.405053973401515,0.9773819902448091,0.8220194281372275
circ_01341,CD4+ T cells,6.407702515599556,0.7311218269846682,0.4859678771416044
circ_01342,Macrophages,9.220959178378706,0.16566246661307815,0.1617425603146584
circ_01343,CD8+ T cells,6.3414722838032365,1.9229081816741302,0.6041128631138728
circ_01344,Macrophages,9.64489995839505,0.2652475386206976,0.4023131628160842
circ_01345,CD4+ T cells,8.631771801449231,1.3072812218590737,0.4058699821364492
circ_01346,Dendritic cells,2.5923474317333595,0.9946207458027301,0.5001965163086024
circ_01347,NK cells,6.44057595018662,0.7567241764399848,0.6463450577130038
circ_01348,Macrophages,0.7310001718267378,0.025827061500972137,0.7099995644152269
circ_01349,Dendritic cells,8.952913458762096,1.541115231390136,0.2048378504755149
circ_01350,Macrophages,8.598825640752876,1.0095930583201476,0.9566567958931335
circ_01351,NK cells,3.236585021235947,0.2177377183386302,0.6207392705293032
circ_01352,Dendritic cells,1.2245885084532826,1.585340983180368,0.20947698075140286
circ_01353,CD4+ T cells,9.109363195986655,1.0572716411224337,0.40798418089068844
circ_01354,Macrophages,1.0779803354534978,1.8431320273575615,0.5117768023234462
circ_01355,Dendritic cells,0.5354350435905209,1.4083484750918311,0.23595877467171109
circ_01356,NK cells,7.175768478770884,1.367840785891342,0.6686406936487495
circ_01357,Dendritic cells,8.73893876223818,0.6228496176325793,0.2548054957199757
circ_01358,CD8+ T cells,6.1776213818322105,1.6056758078853768,0.5651857151335892
circ_01359,CD8+ T cells,5.3888849980766125,1.7220237821090316,0.3367080097336899
circ_01360,NK cells,4.7592707122277,0.32636940915875967,0.7724267124478543
circ_01361,CD8+ T cells,6.081283925277168,1.2622682239144638,0.3598607189032226
circ_01362,CD8+ T cells,3.4665987901926942,1.9779008285207338,0.992701350131688
circ_01363,CD4+ T cells,7.45460061835189,1.7573975699186697,0.8325674223201123
circ_01364,Macrophages,7.312792268007048,1.232668875935131,0.2562700154575516
circ_01365,CD4+ T cells,3.397828315311613,0.21368013994620916,0.8301183257459316
circ_01366,Macrophages,8.267949002355254,0.2797061238027285,0.734538283021413
circ_01367,B cells,0.280140559960399,0.6858465910317368,0.18787310470835944
circ_01368,B cells,3.9990016047889587,1.403994848158069,0.7155369305383882
circ_01369,CD4+ T cells,9.09156064130013,0.9270315560217002,0.5425042887717817
circ_01370,Macrophages,6.396407631222537,1.3200392572256276,0.9476843254287767
circ_01371,NK cells,2.9514682661983827,0.9254601857295226,0.9039154155475402
circ_01372,NK cells,9.933259113894135,1.754193361061711,0.24190040261121223
circ_01373,CD4+ T cells,4.637798171796077,1.4550564093657807,0.9620651737055599
circ_01374,NK cells,2.8587134208432086,0.13106092080497,0.24400506746353443
circ_01375,CD8+ T cells,2.468711952812707,0.6777461473746058,0.6321247741920848
circ_01376,Macrophages,1.749961957528604,0.48026373471431905,0.9553681838037257
circ_01377,CD8+ T cells,8.962699391822028,0.11819706929182927,0.1421156499346722
circ_01378,Dendritic cells,2.2444010193647337,0.223336842993054,0.9973625840697925
circ_01379,CD8+ T cells,6.925378336648068,1.9318186871236929,0.5391659648786605
circ_01380,Dendritic cells,8.662463237936144,1.6172697793083126,0.4764115634410382
circ_01381,Macrophages,5.931936344874062,0.30845560966133645,0.5771877075173769
circ_01382,CD8+ T cells,8.075516137749668,1.985487344348234,0.7618218785509184
circ_01383,NK cells,6.765639348317672,0.08904350898689395,0.8794413011285748
circ_01384,CD8+ T cells,5.516766872246002,1.6299140823032232,0.31878908570031406
circ_01385,B cells,9.130588150334164,1.8828342246408105,0.7471724312758217
circ_01386,NK cells,7.147912329366939,0.636173734039172,0.7507229437606261
circ_01387,NK cells,5.1807263200684694,1.8177589487248773,0.92749826899727
circ_01388,CD4+ T cells,8.664101970245841,0.9918034556868149,0.3034650598627087
circ_01389,Dendritic cells,0.08285031307932234,1.3806381115789543,0.8667876697980685
circ_01390,NK cells,9.294788619492097,1.1617157599470544,0.8009232058012632
circ_01391,B cells,8.973673724775667,1.8803389750407873,0.7812706490436748
circ_01392,B cells,8.70725750229964,0.3848982677996553,0.14411971429290998
circ_01393,Dendritic cells,1.7615010529599417,1.8946197914673286,0.34444905409700444
circ_01394,Dendritic cells,1.713664288547,0.22424642118136418,0.7131731232049626
circ_01395,CD8+ T cells,5.337419375272354,0.9485330207159046,0.7092002131188703
circ_01396,B cells,3.0757770385457226,1.762925518156732,0.6910660894608435
circ_01397,NK cells,4.620937800945403,0.22303578968537785,0.881352591822046
circ_01398,CD4+ T cells,1.010069393529961,1.6000858446267963,0.7570523149009063
circ_01399,NK cells,3.709624504347305,0.8317230501656807,0.675283109188854
circ_01400,NK cells,2.494645850542815,1.185989189948603,0.9505800502884486
circ_01401,CD4+ T cells,6.761901640439708,0.7550562544945114,0.7414994443937462
circ_01402,NK cells,8.88517556352808,0.3490302007171855,0.30009674881962994
circ_01403,NK cells,2.439769640156598,0.2009746426908381,0.5153470027978864
circ_01404,CD4+ T cells,5.58754486438761,0.8645790384153309,0.33662080441530084
circ_01405,NK cells,3.3888149826672063,1.271517843540708,0.915985791685678
circ_01406,Dendritic cells,0.32358774710195215,0.20410170817882056,0.41460263792141194
circ_01407,Dendritic cells,0.9454634770948855,1.151851802662198,0.707480063078689
circ_01408,Dendritic cells,3.2539384505925186,1.9866667573855588,0.8910120903338385
circ_01409,Macrophages,2.686269531678259,0.39996358826014,0.2657650701636716
circ_01410,CD8+ T cells,3.8089744204970923,1.698088506336268,0.7372984589683418
circ_01411,NK cells,6.302364916772857,1.3056878324474355,0.8975651141119729
circ_01412,B cells,9.822751090515219,1.1981513324296134,0.8129710603123972
circ_01413,B cells,4.109071213760318,1.4563444709929796,0.24739024433218815
circ_01414,B cells,2.7843552231156576,0.5398141190216703,0.5782925389308455
circ_01415,Macrophages,8.89085858801836,0.8527551421109334,0.9865400753671587
circ_01416,Dendritic cells,1.6096391761151874,0.33351632071525783,0.1657739725052218
circ_01417,B cells,0.8920108476968736,0.49429962913366676,0.9062307961113405
circ_01418,NK cells,7.252168768449462,0.05236698811120588,0.14099633210343884
circ_01419,CD4+ T cells,0.2459403537309146,1.902609857321122,0.7155788685315835
circ_01420,Macrophages,0.7431072321045418,1.6155067886531085,0.3682416080521821
circ_01421,CD8+ T cells,9.534098951406078,0.36784816473967985,0.40453729942638084
circ_01422,Dendritic cells,4.479130738646066,1.0047679819203503,0.11347261875110609
circ_01423,NK cells,0.14863302351559193,0.3501423772321455,0.6883799940668812
circ_01424,NK cells,4.019211676410212,0.6616595744352787,0.5529976574951851
circ_01425,B cells,3.6914935728758422,1.4448939887407501,0.3895945755385738
circ_01426,B cells,5.6457630056753905,0.6710227747268351,0.6368679962251914
circ_01427,CD4+ T cells,0.32878249907771884,1.0114146745857973,0.7317160804002859
circ_01428,Macrophages,8.965709900972373,0.4196514565938336,0.7508191147454651
circ_01429,Macrophages,6.39516220375956,1.000185964234273,0.10214066582178634
circ_01430,B cells,6.744483941595114,0.48511418914866034,0.6816858489380904
circ_01431,CD8+ T cells,9.497762556776367,1.342960337021072,0.8995471421792578
circ_01432,NK cells,3.556938472998673,0.7118989380433134,0.6442560224355186
circ_01433,NK cells,6.301348096509042,1.0251812159180584,0.7249240121695872
circ_01434,CD8+ T cells,8.390102208604622,0.7341341869397164,0.228869799114272
circ_01435,CD4+ T cells,4.1306448804553835,0.5782026163989682,0.9333848348990279
circ_01436,NK cells,0.21635972252155078,0.935415677406344,0.8255266236241381
circ_01437,Dendritic cells,4.148006785275409,1.763005861514721,0.22152288995273256
circ_01438,Macrophages,2.2421513590369555,0.7634615474811659,0.8504713403736681
circ_01439,B cells,4.432230151676587,0.6823531923952912,0.16161301314879273
circ_01440,B cells,1.8410887891218886,0.7685929934602469,0.8486465156329606
circ_01441,CD8+ T cells,7.239587716841641,1.1623936830128825,0.66606982164011
circ_01442,Macrophages,7.057471184476617,0.4931986691045076,0.5702336254411836
circ_01443,Macrophages,2.294542571629914,1.7065892079759926,0.18548378364210916
circ_01444,Dendritic cells,6.933274005946746,1.5325194924888834,0.305475463264963
circ_01445,Dendritic cells,6.704870481901021,0.07311909794865712,0.5154864377584105
circ_01446,CD4+ T cells,7.584853974252592,0.30841498663233446,0.3254163858436808
circ_01447,B cells,7.762740391378767,1.2207509485152799,0.5940085678151323
circ_01448,Macrophages,4.9227003760902015,0.7552494567907064,0.9957394962309593
circ_01449,B cells,6.15896666465691,0.9225823358243841,0.6687624769737136
circ_01450,CD4+ T cells,3.9527201061866704,0.8731783550010632,0.7684855849300376
circ_01451,CD8+ T cells,6.203366213707607,1.4262984799326077,0.4666987628292716
circ_01452,Dendritic cells,9.234979246388837,0.4938588493981677,0.9201011458690415
circ_01453,B cells,8.428200222852913,1.3149580020901424,0.2902442440380014
circ_01454,CD8+ T cells,0.45435619104958636,1.831493769433482,0.37849048024147736
circ_01455,CD8+ T cells,1.1629895393784506,1.2159488780005332,0.7240025960515227
circ_01456,NK cells,5.22545894694323,0.8356258222809139,0.14623723469076527
circ_01457,NK cells,0.5207944098717865,0.13079830262165149,0.8736529999835574
circ_01458,Dendritic cells,3.1089770037486284,0.12348196706477577,0.8907488509092858
circ_01459,NK cells,5.324594026400858,1.4022305937695423,0.9396484846854494
circ_01460,Macrophages,2.9724514121902312,0.29938420431882395,0.11576095858579567
circ_01461,Macrophages,4.837178180219884,0.6053905824554751,0.6460097388830328
circ_01462,Macrophages,4.859536866611336,0.9450517625514696,0.950922605200195
circ_01463,Macrophages,4.151328390493358,0.001687266378147756,0.1997810041083149
circ_01464,B cells,6.857934106520828,0.24862384987198016,0.8640594751582289
circ_01465,CD4+ T cells,3.368316164487789,0.9565337956024211,0.4806116761624072
circ_01466,B cells,1.5851068744386487,0.2903598097103124,0.5418138643991219
circ_01467,B cells,8.83303841256002,1.227519084043332,0.69825932590822
circ_01468,CD4+ T cells,0.613760461154601,1.9020245135421063,0.3259122774990542
circ_01469,Macrophages,5.502678159313476,0.14931512658959156,0.29405048966355696
circ_01470,Macrophages,3.1334559101844963,0.6159902792027636,0.3986872389461146
circ_01471,CD8+ T cells,8.569080795071827,0.36065335400226206,0.9983965324514182
circ_01472,CD8+ T cells,0.43611674076789897,1.6764144567388075,0.19510559722283916
circ_01473,Macrophages,9.544267611188134,1.568175230921328,0.9728968596229897
circ_01474,NK cells,0.8079123758209528,0.10832769042629131,0.7693583664761378
circ_01475,CD8+ T cells,5.6045718383788525,1.0353058575911738,0.558673024234472
circ_01476,CD8+ T cells,3.150867261134546,0.8610442780856373,0.49653591706528744
circ_01477,Macrophages,5.210634616853854,0.08519524186118899,0.6430865212900929
circ_01478,B cells,1.4482375536866243,0.2933738740974854,0.7591203376042996
circ_01479,CD4+ T cells,6.411997188872975,0.8225143014473628,0.9943905327977846
circ_01480,CD8+ T cells,9.968969268823614,0.6825643596587927,0.2056403009306621
circ_01481,CD8+ T cells,5.415302678989189,0.5737979056115952,0.7199451782289852
circ_01482,CD8+ T cells,6.075158829444552,0.1564031193733737,0.9901903853884902
circ_01483,Dendritic cells,5.802338997878945,1.756311235064852,0.46799528349865427
circ_01484,Macrophages,4.018582162427712,0.6875898083668803,0.6977096238739782
circ_01485,CD8+ T cells,0.7964154593955586,0.9132426799278839,0.2140909311247941
circ_01486,CD4+ T cells,5.171450980436835,0.8981743879851909,0.41589963259350726
circ_01487,NK cells,5.322633721443838,0.09017013916615846,0.7476516565104981
circ_01488,Dendritic cells,3.9179976754906987,0.8830524946915101,0.6100576325023048
circ_01489,CD4+ T cells,7.514757939528266,0.9680145269444751,0.8733761667505908
circ_01490,CD8+ T cells,7.127729304525236,0.6629429673378018,0.995594001044668
circ_01491,CD4+ T cells,9.861195717963179,1.3728473024947958,0.9648302662171582
circ_01492,CD8+ T cells,9.922738061745957,1.79567293173895,0.9102383613357864
circ_01493,B cells,7.904521123522691,0.2899420545759157,0.9484873765684652
circ_01494,CD8+ T cells,9.49195191034656,1.7973077529530954,0.5546665437402151
circ_01495,Macrophages,7.573141374439334,0.8068148660087382,0.5177689028993839
circ_01496,CD4+ T cells,3.790315214838543,0.07501841605835269,0.10536770554382485
circ_01497,NK cells,8.041829693340938,1.0508028759007007,0.4915452747151514
circ_01498,B cells,6.839312479089713,0.9802466093053452,0.32898858519245766
circ_01499,CD8+ T cells,9.794184270909904,1.8493082063032609,0.6009289905232496
circ_01500,B cells,7.046313674301551,0.7240181707435973,0.809750278358299
circ_01501,Macrophages,6.598990764227643,0.6202203517374094,0.7899162533719031
circ_01502,Macrophages,0.6556400993037736,1.444568903630789,0.8537101576343631
circ_01503,NK cells,2.8945215894633147,0.816723874971407,0.4369197806571986
circ_01504,NK cells,4.139876603737893,1.845875367021163,0.8061830317221628
circ_01505,Macrophages,0.3460937709141776,1.9602349729495419,0.9009290688970527
circ_01506,NK cells,9.468009813662041,0.21604189390494066,0.5748821946300262
circ_01507,Dendritic cells,9.332058281135684,0.6192796125962774,0.48000258110347627
circ_01508,Macrophages,5.656866621207676,0.05081621993080199,0.7015331801039796
circ_01509,CD8+ T cells,0.22460666797295303,1.2112726733296855,0.5406133421199671
circ_01510,NK cells,0.002018747726856285,1.054336723648151,0.9520324022614873
circ_01511,NK cells,1.6831629175785057,0.40808695282944196,0.9256102704912754
circ_01512,Macrophages,0.21242340989562347,0.7035525246197025,0.5075787999596888
circ_01513,CD8+ T cells,8.605045795764635,0.25739604008546757,0.5333622085395882
circ_01514,B cells,9.697539730028934,0.29861198436537806,0.23074925126281992
circ_01515,Dendritic cells,6.356051070561078,0.9792260682239446,0.9910575716420356
circ_01516,Dendritic cells,1.944714900616995,1.7603843665326206,0.8515154776131025
circ_01517,CD4+ T cells,1.3449907298508856,0.9950766977526833,0.7984341938607732
circ_01518,Macrophages,8.705241840904753,0.4759584230160323,0.9024674699590397
circ_01519,Dendritic cells,1.7032674578650653,1.5731843808696806,0.9695188302052257
circ_01520,Macrophages,9.508352101572434,1.616837394248905,0.7261806497812003
circ_01521,Macrophages,2.208793655329788,1.4241530378590912,0.25790102155348404
circ_01522,Macrophages,7.828131441473184,0.5680649161559284,0.5487999844154393
circ_01523,CD8+ T cells,9.978079691863321,1.0546146168850432,0.6784734395937391
circ_01524,CD4+ T cells,0.9269777837805437,0.4355902318363263,0.5381407733173332
circ_01525,CD4+ T cells,6.929106286060812,1.8451921048995366,0.15672234497716145
circ_01526,B cells,1.0835548292500885,0.4358864721099096,0.2556023393182799
circ_01527,Dendritic cells,7.057503888646681,0.4952774211552189,0.21921396603458754
circ_01528,NK cells,3.956045450189043,0.6744162256550279,0.2491678106485456
circ_01529,CD8+ T cells,5.615475358023011,1.4515579696879346,0.7182876088425049
circ_01530,Dendritic cells,5.370091697111835,1.260033198521654,0.5015598128147387
circ_01531,NK cells,3.803845773809964,0.5242729463665814,0.5029504248743438
circ_01532,Dendritic cells,6.752415264302959,0.42255652812173494,0.8219687922249491
circ_01533,Macrophages,2.28227774843067,0.771119974095589,0.7055251482747302
circ_01534,Macrophages,0.19409316066264726,0.21646869354448395,0.8518610700307705
circ_01535,B cells,5.2856986621332025,1.298696764698142,0.12485624138751285
circ_01536,Macrophages,3.896245161512252,1.2877099744292009,0.30498400784531277
circ_01537,B cells,9.184402322349635,0.1488719319448477,0.26959601273795514
circ_01538,Macrophages,6.188161002895401,0.6544831891042702,0.42818017461014624
circ_01539,CD8+ T cells,0.12606979491828652,1.8163589407262914,0.749003321401208
circ_01540,Macrophages,2.358154616972109,0.02663543516644573,0.8422377964022091
circ_01541,CD4+ T cells,8.841309585354914,1.9118828220035398,0.7244857467523149
circ_01542,CD8+ T cells,5.288819448680291,0.20997711400811214,0.6425850862861311
circ_01543,CD4+ T cells,9.27019693808244,0.800232956578689,0.46107794483031583
circ_01544,CD4+ T cells,1.9065050972983,0.45518966866533694,0.713335933607172
circ_01545,CD8+ T cells,0.08117528717976663,1.4044350989682233,0.5784649283081952
circ_01546,Dendritic cells,1.7634915665754713,1.2754345030903291,0.696311950369044
circ_01547,CD8+ T cells,3.9556629414611457,1.6615731264475413,0.4842838901522448
circ_01548,Macrophages,3.023358834565216,1.318111750210754,0.5832514808470972
circ_01549,CD8+ T cells,5.134870519999924,1.8068548324988143,0.8108155811509726
circ_01550,Dendritic cells,2.9482983318633273,0.5774993796037304,0.3114006359286914
circ_01551,CD8+ T cells,7.992025423676469,0.5641722683953558,0.8524198687006669
circ_01552,NK cells,9.617378197174935,1.524097495191471,0.8653414491063286
circ_01553,B cells,2.615636909759651,1.6169733198451262,0.49942165907761393
circ_01554,Dendritic cells,4.416291736369762,0.5573957576872486,0.19443986420007447
circ_01555,Macrophages,5.811009532821173,1.2435601767667952,0.4068236504506135
circ_01556,Macrophages,1.967532096139476,0.38088533324035745,0.15307309220459403
circ_01557,B cells,2.5940528241133762,1.9649997997069761,0.502042448865606
circ_01558,CD4+ T cells,6.3614807461834255,0.6482625402242477,0.5689923485068239
circ_01559,B cells,3.472296532980722,1.650722181657659,0.3793527554044577
circ_01560,B cells,2.787438933455845,1.396200328651568,0.8016241901000637
circ_01561,Macrophages,0.9894308688024422,0.07880790694471362,0.11772897121364834
circ_01562,Macrophages,0.8868426710942701,1.9870585241284506,0.26227853411066104
circ_01563,CD4+ T cells,3.467947864792198,0.9086916499979232,0.6690912058396673
circ_01564,CD8+ T cells,4.969241129280862,0.2514366281192617,0.4774229603880009
circ_01565,Macrophages,3.6713229714892037,1.333245193747148,0.6829543431857078
circ_01566,CD4+ T cells,2.7544548255205568,0.6968260310599694,0.7678979742585658
circ_01567,CD4+ T cells,3.706848046741713,0.9626878147830435,0.48902138570079245
circ_01568,B cells,9.67212817027276,0.7767373092067067,0.9062781882217906
circ_01569,CD8+ T cells,8.497057074903564,0.27462083061915576,0.21851761288320415
circ_01570,NK cells,6.38257212648935,1.2086397228937689,0.21321356259972699
circ_01571,B cells,4.923942154039327,0.9536452947139511,0.7834064234084612
circ_01572,CD4+ T cells,8.022852227031402,0.592656984577131,0.9627783001122832
circ_01573,Macrophages,0.5560871048492877,0.8007206142829137,0.4415600573137184
circ_01574,CD4+ T cells,1.5197539449474584,0.06000447254132135,0.13062603333823078
circ_01575,CD8+ T cells,6.283957926700426,1.788574008720176,0.8884122459017503
circ_01576,Dendritic cells,1.1525117968383636,1.5428211303215211,0.5116715552847853
circ_01577,NK cells,2.093594547101272,0.02798420197808027,0.6789664829111625
circ_01578,Macrophages,5.109603977252844,0.44009264786096947,0.7420515669713218
circ_01579,NK cells,9.243219949242764,1.7495311376697067,0.1523933013852286
circ_01580,Dendritic cells,2.6393182140892812,0.90933143608589,0.8604977109129346
circ_01581,CD4+ T cells,9.81014382049893,0.6540196148560442,0.5404645361762729
circ_01582,CD4+ T cells,1.0863114794900663,1.5416839569642473,0.654870193072669
circ_01583,B cells,6.015979989472598,0.0841774382028806,0.20349219930986007
circ_01584,B cells,1.1381126648112894,1.8131453359886973,0.903579343978866
circ_01585,CD8+ T cells,1.0199019026945788,0.00037314455591141993,0.8627532279132936
circ_01586,NK cells,4.600197849367916,1.9879327137991667,0.9174838656450996
circ_01587,Macrophages,5.131528590845756,1.9121186017037606,0.18934999444742392
circ_01588,Macrophages,0.2023221181276813,0.6330713817449816,0.620514503148325
circ_01589,Dendritic cells,0.058281665180485165,0.9151164072835243,0.28589710853572564
circ_01590,Macrophages,5.399334631995146,0.4065776394678311,0.23280401667944395
circ_01591,CD8+ T cells,0.8605116295342674,1.8696267364305352,0.47740663763448765
circ_01592,Dendritic cells,3.0878612283770632,0.28574196495353954,0.8698401912218328
circ_01593,NK cells,7.691918224679636,0.8325890840312102,0.8296330903192264
circ_01594,CD8+ T cells,8.374601420034315,0.9495865615672823,0.9003407810774807
circ_01595,CD4+ T cells,6.680602987832867,1.6760794655538847,0.2954684172458991
circ_01596,NK cells,8.473901547211515,1.0546535882109336,0.4006038731353555
circ_01597,Macrophages,6.52166207233318,1.1446639462873143,0.436133289524662
circ_01598,NK cells,4.076357278843742,1.8788765023131169,0.16778432635600127
circ_01599,Macrophages,7.242704987400598,0.25215959971935553,0.9561094365502277
circ_01600,B cells,3.377033571162759,0.5105565802956546,0.5951970726073827
circ_01601,CD4+ T cells,2.459898245986216,1.524226845125734,0.6765074935628448
circ_01602,B cells,4.566364562464117,1.8526023027565532,0.7528565595635741
circ_01603,CD8+ T cells,8.124186179660967,1.1625917225228266,0.19614438098644804
circ_01604,CD8+ T cells,2.4728228378920014,1.509166641090992,0.5602755678430139
circ_01605,B cells,6.310918027974734,1.0692830916800053,0.42973445777710306
circ_01606,NK cells,4.410313366230186,1.7760967907232914,0.5084771005777023
circ_01607,B cells,8.57007751241556,1.2370967087885087,0.20417663643585784
circ_01608,Dendritic cells,1.4047367200369354,0.38835499220058556,0.39384865040111805
circ_01609,Macrophages,9.978067813780884,0.33387691303595246,0.51734767112039
circ_01610,CD4+ T cells,5.727063249416863,0.308779023196585,0.11780534422120709
circ_01611,NK cells,9.913201885444835,0.8934063759654456,0.3926389579663505
circ_01612,CD4+ T cells,7.081947822208264,1.251733581093725,0.3222338178569815
circ_01613,NK cells,8.968097238904262,0.5182397192414137,0.858557488708617
circ_01614,CD8+ T cells,2.488320541799495,1.2364055115495527,0.4606428525073506
circ_01615,Dendritic cells,2.8995488793047963,1.6410622759328568,0.6588662234836948
circ_01616,CD8+ T cells,7.52970498366924,1.532571257922449,0.357802259490382
circ_01617,B cells,2.922632478852625,1.5939862530197584,0.7204838181383297
circ_01618,Dendritic cells,8.46145027966401,0.5330934493041428,0.8015303646672848
circ_01619,Dendritic cells,1.1546235127062265,1.0931179362770633,0.9423421925498451
circ_01620,Macrophages,2.097540446389682,0.6125826551380957,0.6142493013956956
circ_01621,NK cells,8.216484298716647,1.571252906555704,0.2654033799932428
circ_01622,B cells,7.216880558105854,1.0417092544576991,0.4396405506691299
circ_01623,B cells,9.104670759497175,1.8042391646702645,0.9270520649184598
circ_01624,CD4+ T cells,1.5164203137107268,0.36957345172496603,0.4149142221451628
circ_01625,B cells,2.680973442113662,1.3139349901571664,0.5625871506016937
circ_01626,Dendritic cells,4.111705782830716,1.5779388443093194,0.21515373906332386
circ_01627,Macrophages,4.17087549186077,0.17011161627060845,0.5917043499846592
circ_01628,CD4+ T cells,7.149541942836143,1.9246974987887997,0.10978336725583739
circ_01629,CD4+ T cells,1.590298633966405,1.7269040967235227,0.27981219803111135
circ_01630,CD8+ T cells,1.6114466726641485,1.6932810257451094,0.11854248081972851
circ_01631,Dendritic cells,8.912751163429697,0.8516599198927091,0.8115549676892956
circ_01632,CD4+ T cells,0.6469066920190525,0.21419904033007842,0.3954224598679985
circ_01633,Macrophages,1.1340876106841236,0.31138794453811913,0.6379818632334955
circ_01634,CD8+ T cells,1.5344680365964136,1.4999245562404697,0.9704346316635434
circ_01635,B cells,9.003446188297046,1.2087341944126677,0.4838589412420823
circ_01636,CD4+ T cells,0.5786324648397956,0.3953449651113927,0.18938394430997885
circ_01637,Dendritic cells,5.736293151239843,1.29853276594259,0.3697392866483207
circ_01638,B cells,5.4508293281201725,1.058582502525462,0.2980149766634595
circ_01639,CD4+ T cells,0.03592451841536892,1.836775545404395,0.7008087511884221
circ_01640,Dendritic cells,5.65870571492006,0.9786359561759257,0.2919075296414565
circ_01641,Macrophages,8.586814787168255,0.5683374452313485,0.8303222059752446
circ_01642,Dendritic cells,1.9900556025628224,0.28240514626380153,0.5547672780908162
circ_01643,NK cells,4.5316669172883355,1.5255938832690668,0.3556113016828546
circ_01644,B cells,6.963134128250009,1.1293819287834164,0.10352761507616383
circ_01645,Dendritic cells,7.053456547984917,0.11484788409322144,0.6909120975268589
circ_01646,Macrophages,5.149875565363966,0.9891796622120708,0.19927592170549582
circ_01647,CD8+ T cells,1.915242505775997,1.3218970902706777,0.9260521773925526
circ_01648,Dendritic cells,4.035516017482084,1.4109954415604948,0.9072760074734636
circ_01649,Dendritic cells,9.600882555582743,0.3270489322305563,0.6174684934772581
circ_01650,NK cells,7.151096146993403,1.263367284807603,0.6157431715268802
circ_01651,CD8+ T cells,5.722571985516379,0.4701423109212979,0.22827662721018793
circ_01652,NK cells,5.7321596621212665,0.11753258150640034,0.46567353755830265
circ_01653,Macrophages,9.491993118721084,1.8846819077120671,0.9668678648346074
circ_01654,NK cells,8.934261182752445,1.9316027836245708,0.5379951152956305
circ_01655,CD4+ T cells,0.29349035689847813,0.40919719884505135,0.4330715749498657
circ_01656,Dendritic cells,9.292901589742247,0.3418416571300096,0.16952786953409738
circ_01657,NK cells,1.1623638525853397,0.5484691808002444,0.9835835174527655
circ_01658,NK cells,5.191739024114261,0.12776110385260186,0.7346006066746599
circ_01659,NK cells,2.776348468049398,0.47998890495156066,0.8708585405910341
circ_01660,CD4+ T cells,9.485299506264258,0.30046515758471815,0.799925536993598
circ_01661,B cells,5.820921181529704,1.582584231214672,0.6623349959225532
circ_01662,NK cells,8.949973551220529,0.4769554511100689,0.6420116403908704
circ_01663,CD8+ T cells,0.6736059395428617,1.1213554703551045,0.6458466505172046
circ_01664,NK cells,5.445940489089124,0.6496545494200479,0.1634193611613589
circ_01665,B cells,9.427830189620025,1.0369077940403002,0.7721337745893639
circ_01666,CD8+ T cells,1.4879061808632776,1.2610196112594982,0.21971275973930016
circ_01667,CD4+ T cells,4.9900737512815745,1.7346613630441614,0.5876958266297116
circ_01668,B cells,4.139207580619077,0.6136402251245614,0.1901026405643637
circ_01669,Dendritic cells,4.898345345053221,1.3051806207674987,0.4298307154777642
circ_01670,NK cells,0.7600554789313907,0.9688529603152363,0.3940772388715691
circ_01671,NK cells,2.824112102528079,1.5518751984821446,0.9327291347362535
circ_01672,NK cells,4.474147914245959,1.4164128066662576,0.3569608491590087
circ_01673,CD8+ T cells,7.614198376617333,0.9080430518777369,0.5014182385991601
circ_01674,B cells,6.452911739494205,1.3402065348320928,0.3693234234187961
circ_01675,B cells,0.5854013882842746,0.06155529270680771,0.1062472803558487
circ_01676,Dendritic cells,7.205800800185983,0.7292861046883123,0.433368561350555
circ_01677,CD8+ T cells,8.670464046829471,0.25257120286777335,0.7217995701361594
circ_01678,NK cells,3.1775994584375167,1.0273233610804098,0.5634896830690114
circ_01679,CD4+ T cells,5.443775164363003,1.517529511783027,0.684037554199532
circ_01680,NK cells,4.892944634370463,1.6127175221187502,0.9795318592993416
circ_01681,Dendritic cells,3.989130391848562,1.5321739227738889,0.45681309762093103
circ_01682,CD8+ T cells,3.8415428384394232,1.088616263855289,0.32476380068653493
circ_01683,Dendritic cells,8.559041032523986,0.3578344107452065,0.5185829158574079
circ_01684,Macrophages,0.03690188051217236,1.612430396278124,0.6927057950454019
circ_01685,B cells,1.0487927581864942,1.406332511204603,0.2333127526252173
circ_01686,Dendritic cells,1.5161732096499536,0.5698917892062887,0.41752514949702957
circ_01687,NK cells,1.8209922980431292,0.7989766665314162,0.32535961808574315
circ_01688,CD8+ T cells,7.389927100119655,1.9322450980373371,0.7135837012192855
circ_01689,B cells,2.3296235514435057,0.7777670122135885,0.18128519423395045
circ_01690,B cells,3.342710607698062,0.08941515884549323,0.7155157072405324
circ_01691,B cells,2.6315517152515797,1.8131289539783195,0.46761178428867245
circ_01692,CD8+ T cells,9.199171808616708,1.151911617876083,0.15849089160422714
circ_01693,Dendritic cells,0.3029537891847922,1.9318143459290962,0.5130561354506344
circ_01694,Dendritic cells,8.040908813821096,0.3482620963644114,0.38661022603481743
circ_01695,B cells,7.662464876999911,1.0759973141985708,0.8113154067097309
circ_01696,CD8+ T cells,0.9749049130112986,1.5351557019885456,0.8676558900392818
circ_01697,Dendritic cells,2.3618282420414105,0.6430762136407797,0.26711219502939787
circ_01698,Macrophages,3.0947530158363987,1.8631352854760277,0.39468085044877577
circ_01699,NK cells,7.2972116101793,0.33452732169342014,0.6657798182640947
circ_01700,Dendritic cells,5.810896701405095,0.8924026702342254,0.9467368742937081
circ_01701,CD8+ T cells,8.521778852050389,0.008648422272098832,0.37532479803437335
circ_01702,Dendritic cells,1.2586106902285255,0.5873185091886821,0.9527138364544899
circ_01703,CD4+ T cells,6.821370744196487,1.9165954619415206,0.5943919718325251
circ_01704,Dendritic cells,0.8424560674883674,0.4160163700222057,0.7222642050972747
circ_01705,NK cells,5.9637408198901385,0.2597898787715027,0.5348771886289632
circ_01706,B cells,1.8674095443908223,0.39135061965023676,0.3241359383450747
circ_01707,Macrophages,1.8905044289412454,1.5368092557310882,0.3175975066775695
circ_01708,CD4+ T cells,0.5801781269101491,0.5038973818240704,0.3752666112093568
circ_01709,B cells,7.268850051616743,0.9730539171045063,0.3454019854738093
circ_01710,Macrophages,9.009292894742169,1.233628048491639,0.33612141107973825
circ_01711,CD8+ T cells,8.128233653035771,1.785807877308026,0.8595589643867166
circ_01712,Dendritic cells,4.51695538434033,1.9213676006386347,0.8762308107537601
circ_01713,CD4+ T cells,0.8881993668737076,0.7232821361679846,0.3538591776494283
circ_01714,B cells,9.549370096644779,1.6671975974596887,0.9662986140038069
circ_01715,Macrophages,6.261976013735201,0.68622913607459,0.9952029226025949
circ_01716,Macrophages,2.5744783797794124,1.5961081707786646,0.21183053074049807
circ_01717,Dendritic cells,5.8663341861533755,0.7002613395788599,0.15956793113310147
circ_01718,CD8+ T cells,9.351033283334239,1.8011279401773161,0.1814075298626559
circ_01719,NK cells,2.8194365614377572,0.8395586588979196,0.3966421241679101
circ_01720,CD8+ T cells,4.017088392187366,1.9955691381672571,0.2155453171270272
circ_01721,Macrophages,3.623528567338518,0.07750571823772412,0.24686847196505587
circ_01722,Macrophages,5.385888830319802,1.315167564167072,0.7603216211937176
circ_01723,Dendritic cells,5.407838746748993,1.7561078036873945,0.6519032003826802
circ_01724,CD4+ T cells,1.7789988759305642,1.5287198446682484,0.15631251726067671
circ_01725,CD4+ T cells,6.085165637779005,1.5745295995058322,0.10791225095863105
circ_01726,CD8+ T cells,0.7421207323571377,0.21509390018590246,0.8947092111581026
circ_01727,Macrophages,5.511219925639548,0.10978763745324005,0.4134421873478863
circ_01728,Macrophages,1.845073848948492,1.92252072950396,0.9585073954546808
circ_01729,CD4+ T cells,3.8784624974377193,1.316269987272126,0.7993718982903182
circ_01730,NK cells,0.39356575810509997,0.7633362658998322,0.4041462240731568
circ_01731,B cells,6.646903727887229,0.3258494319166132,0.3911294777056129
circ_01732,CD8+ T cells,9.730894673638954,0.9662820459604606,0.1232449475820967
circ_01733,CD4+ T cells,1.0480278513802344,0.46584467051979916,0.2684190195495315
circ_01734,Dendritic cells,3.5372362081798947,1.6288843480075774,0.6175608979597978
circ_01735,B cells,4.307410828660011,1.5032038727800843,0.89990351614017
circ_01736,CD8+ T cells,2.252702460312702,1.8681295647136162,0.9963945106042377
circ_01737,B cells,8.432264847199495,1.7714768588576213,0.39055218089324817
circ_01738,CD8+ T cells,5.03801025931108,0.7984949626314415,0.26946329211887354
circ_01739,NK cells,9.601065634606822,1.0755745691202638,0.6703585306076415
circ_01740,B cells,4.9173627791938515,1.1610939709592976,0.3863959820331705
circ_01741,CD8+ T cells,8.33820794108762,0.8991025046477359,0.7418728703514748
circ_01742,Macrophages,9.358510052371798,1.2961346364260198,0.5772250463638007
circ_01743,CD8+ T cells,0.5712563245465019,0.15912528794316283,0.60330130809258
circ_01744,B cells,9.21449129478155,1.3647035007145898,0.9792486524080835
circ_01745,B cells,3.9356499003723497,0.09316488073073725,0.6637804813921696
circ_01746,Macrophages,0.29445669576237954,1.932316790527128,0.8486969102363771
circ_01747,CD4+ T cells,3.412904404727062,1.2581127192230004,0.8856257085711483
circ_01748,Dendritic cells,5.913160725085525,1.3005049560090978,0.6827062838420418
circ_01749,Macrophages,9.5817361573728,0.7374138721453574,0.17033737220514455
circ_01750,Macrophages,4.604535157232958,0.29969785967389617,0.7068432061317479
circ_01751,CD8+ T cells,6.944145840197845,1.7595410452901494,0.4915458371670762
circ_01752,B cells,2.1125609025091476,0.4459841946291736,0.3659410098007573
circ_01753,CD8+ T cells,4.601872280993541,1.4054295287153582,0.52040068754037
circ_01754,Dendritic cells,5.283168267268458,1.5755042443488463,0.7708061501408486
circ_01755,NK cells,2.4129402701723244,0.3804259447354015,0.827217883701022
circ_01756,CD4+ T cells,4.074562567470666,1.9792462837829459,0.6254971532149713
circ_01757,B cells,7.153971093476899,1.1601955901337753,0.979651266746861
circ_01758,Dendritic cells,5.103841903135899,1.0062199923521629,0.5114367149112864
circ_01759,NK cells,7.394031544471455,0.24024557291366122,0.8296834647048081
circ_01760,Macrophages,5.017928059621641,0.5776459851596023,0.10342338588419205
circ_01761,CD8+ T cells,4.340829012469671,0.9841549158563829,0.13018891870144544
circ_01762,CD8+ T cells,2.9225353797081546,1.5092522062301794,0.4478972935559148
circ_01763,CD4+ T cells,1.3082541478526588,0.7148020624519567,0.7688794186903547
circ_01764,CD4+ T cells,2.0081772221894925,1.589288753526625,0.17738357284039818
circ_01765,Dendritic cells,3.901583731481899,1.82829412416457,0.22973532916664616
circ_01766,CD8+ T cells,5.261465909235387,0.5495853437035978,0.5456235722181808
circ_01767,B cells,9.370595755586157,1.293238501824199,0.44295274252733785
circ_01768,B cells,8.551480064337795,0.4287861017353387,0.10905855890106632
circ_01769,Dendritic cells,4.750562211283176,0.30659741773852867,0.4085699527421319
circ_01770,CD4+ T cells,2.2344775024057517,1.2329881277289865,0.4458901746569035
circ_01771,NK cells,8.98160961736344,0.8388128582960206,0.5697716051607508
circ_01772,CD4+ T cells,7.1405335818238775,0.8478467882381138,0.8142986867990946
circ_01773,Macrophages,0.049814608095585244,0.704302684154988,0.6734522165144143
circ_01774,CD4+ T cells,9.586755484134926,1.9392375291136401,0.266111114672441
circ_01775,B cells,3.7770417177578253,0.7361127957665679,0.876761911803927
circ_01776,Dendritic cells,1.6393383845168752,1.8528329342352234,0.15296250387815255
circ_01777,CD4+ T cells,2.0609900603104423,0.2959206962218599,0.9415680835512313
circ_01778,Macrophages,2.0285755791697424,0.6531031905300593,0.9136292163017462
circ_01779,CD8+ T cells,0.1412043417789821,1.3243421411173244,0.2865030237809713
circ_01780,CD4+ T cells,0.7462878587268729,0.2995612341078733,0.3068894543369092
circ_01781,Dendritic cells,2.1492957164605797,0.294902946946193,0.15074280303656623
circ_01782,Dendritic cells,9.416451733348648,1.8042311209392052,0.8392988197498528
circ_01783,Macrophages,6.602446553080373,0.5951871323746196,0.5305017202136083
circ_01784,Dendritic cells,7.189770144118964,0.3083041064390397,0.45934494643911916
circ_01785,CD8+ T cells,9.677708292631596,0.36030368014564407,0.565897771324305
circ_01786,Dendritic cells,1.5286457745097604,1.1303506476493008,0.2180494727569457
circ_01787,NK cells,8.521499202036996,0.67788881447018,0.30762016477551357
circ_01788,NK cells,0.06625472745011907,1.3504329040787284,0.9043679162842635
circ_01789,CD4+ T cells,6.225660100015212,0.5251388698147437,0.9260658657079707
circ_01790,CD4+ T cells,3.4619452117562344,1.7193307879341033,0.16081451858438267
circ_01791,NK cells,1.471177429080891,0.8793044916428929,0.5541796184232529
circ_01792,B cells,8.143810989954213,1.4516359193214303,0.8398995262317981
circ_01793,Macrophages,7.410628538485956,0.034377823549057274,0.7939475193066616
circ_01794,Macrophages,4.107853648040192,0.010586605195113563,0.7076223865293271
circ_01795,NK cells,7.914089372884084,1.587913999808756,0.2177342920490179
circ_01796,Dendritic cells,4.395010372440897,0.761016927127532,0.7616302408475285
circ_01797,B cells,5.4842625814968855,0.7957289895308226,0.33477882211330223
circ_01798,B cells,2.048307980514722,0.9700593188702671,0.9024765445363868
circ_01799,B cells,3.777150114507273,1.115656915122235,0.18560502805789159
circ_01800,CD4+ T cells,9.215830887112352,1.0822774435009808,0.14337572527392872
circ_01801,CD8+ T cells,1.8545440802533897,1.232574735774009,0.4104772312733207
circ_01802,Dendritic cells,8.068474452819139,1.444345908360284,0.8601432312481395
circ_01803,B cells,6.535991197280209,1.5141968059265145,0.10761836616660089
circ_01804,Macrophages,3.599656993655752,1.9067892287270565,0.4294803075607815
circ_01805,CD8+ T cells,8.182021870705462,1.3497886261226648,0.7562164032496512
circ_01806,Macrophages,1.3480372363997428,1.34352426871525,0.6963429681295298
circ_01807,Macrophages,7.897411377526009,1.000126489441985,0.5647336229939734
circ_01808,B cells,0.6346398308860424,1.7715190438880468,0.19608639905133926
circ_01809,CD4+ T cells,8.74307075248392,0.3022816946079465,0.14505595488319073
circ_01810,CD8+ T cells,3.068654501889613,1.36802691896366,0.12138204957363359
circ_01811,NK cells,8.363953422916834,1.338154662175175,0.6267663124699541
circ_01812,B cells,3.327897773559415,1.134029797106161,0.7219584417419632
circ_01813,B cells,0.5207214368403212,0.8974269248245954,0.9185955824602811
circ_01814,Dendritic cells,3.9088158694357444,0.9039692082302229,0.20185028246302733
circ_01815,Dendritic cells,8.352705408206957,0.632879347789822,0.7987960000182691
circ_01816,Macrophages,8.811885085941014,0.2586969506520629,0.2531280146166659
circ_01817,B cells,9.364681390245401,0.6041779530088018,0.48805525370220026
circ_01818,B cells,7.628796378620246,0.6583516658316548,0.33028347050595036
circ_01819,NK cells,4.127418228965286,1.2909142099231954,0.777928468038844
circ_01820,Dendritic cells,1.1355659872338053,1.8369773730283043,0.9210611828575019
circ_01821,CD4+ T cells,2.046157840347006,0.6332476470602715,0.6584071896390322
circ_01822,CD8+ T cells,1.8172351276675092,0.4547910482524282,0.12389121283468363
circ_01823,CD4+ T cells,5.596638584040168,1.2562162715643137,0.6176426284385343
circ_01824,B cells,8.647494100558536,1.9124054946975364,0.7508488766130647
circ_01825,NK cells,3.134408929340765,1.5864099552292155,0.8063557737553902
circ_01826,Macrophages,8.173922625751697,0.39595036568247677,0.13228232706989704
circ_01827,Macrophages,5.386736640405724,0.7863351022012124,0.2807958971183815
circ_01828,B cells,6.139033029488027,0.4444133786243407,0.3373345464550012
circ_01829,NK cells,0.5175919470073431,0.976973869347598,0.8237331792492756
circ_01830,B cells,2.38945108228196,0.47090672620210805,0.9168796707885519
circ_01831,B cells,3.578816147913022,0.07575655819827931,0.6918249366217032
circ_01832,Macrophages,2.8835403945160354,0.2069013289142232,0.41011562515581723
circ_01833,NK cells,2.6215264496251747,0.394284994071618,0.17481021499403715
circ_01834,CD4+ T cells,9.931006772362563,0.379408980995789,0.8668786645745548
circ_01835,Dendritic cells,6.638404125881281,0.29551858757620764,0.5357825908255094
circ_01836,Macrophages,1.7898217651702675,0.17467171300618456,0.7903065728385349
circ_01837,CD8+ T cells,2.40833914785311,1.7727687199830726,0.5847275439018117
circ_01838,CD8+ T cells,9.778460356379528,0.4970071450977336,0.24362109110733782
circ_01839,CD8+ T cells,4.872585509557704,0.15044288061072364,0.9813153499115361
circ_01840,Dendritic cells,9.814903746859933,1.6839615120356508,0.6458461863586289
circ_01841,B cells,0.043165182635972466,0.6926943092047388,0.599573415098781
circ_01842,CD8+ T cells,5.986190016487338,1.0599774375325224,0.25798632526490395
circ_01843,NK cells,6.191413436089654,0.8419467882822014,0.5470587249228495
circ_01844,Dendritic cells,9.19556286872565,1.1348944278581568,0.9894084371326343
circ_01845,NK cells,3.6308504103922132,0.10476575410871569,0.36332958299778184
circ_01846,Dendritic cells,1.5396877231624995,0.35176740768006853,0.2661766145245247
circ_01847,B cells,4.343268984608001,1.6095388676000961,0.8422741854911447
circ_01848,Macrophages,5.786308260067539,0.16643866997514056,0.4548798503366088
circ_01849,Dendritic cells,0.39396643589518,0.09803071370579808,0.30772996177644996
circ_01850,B cells,3.2443775603705705,1.0611680144856237,0.2839066335955773
circ_01851,B cells,8.384748424262757,0.14703069963945326,0.12446084662993463
circ_01852,Macrophages,8.544979268712803,0.9817689309500353,0.6792829676629922
circ_01853,NK cells,9.479640693575085,0.15401430664467353,0.5443439780759068
circ_01854,Macrophages,7.45063902225045,1.8228237549771285,0.5086083984534774
circ_01855,Macrophages,1.8502593151991464,0.4631171112232477,0.694881230661718
circ_01856,CD4+ T cells,6.117169785429331,1.4165895130031507,0.1453813787836457
circ_01857,Dendritic cells,5.269420694538086,0.8468662366501538,0.6670593741352246
circ_01858,Dendritic cells,2.8671664260256913,1.3702416806843365,0.1896618972578175
circ_01859,Dendritic cells,1.6949266778401417,1.7387887027162143,0.46425081369152754
circ_01860,CD4+ T cells,6.31589394757677,0.8539967561037314,0.9281101029148957
circ_01861,CD8+ T cells,7.0649636614527775,0.5248757380750217,0.6819398263454031
circ_01862,CD4+ T cells,9.56274320890119,1.3206896793172367,0.9470309811432948
circ_01863,NK cells,1.075367997422736,0.7864400807923961,0.14232348090499353
circ_01864,Dendritic cells,7.226647579333348,1.2024377749382666,0.9337370382877425
circ_01865,Dendritic cells,9.858728608142345,0.9453643624201646,0.42020444533681456
circ_01866,NK cells,9.783049506200063,1.1777784630303139,0.40927665053431506
circ_01867,CD4+ T cells,3.288757883272264,0.2760200996010267,0.22870560144240484
circ_01868,CD8+ T cells,1.4909329239477442,0.028030123406810104,0.9396686674333439
circ_01869,CD4+ T cells,6.93771278379466,1.6942723759014395,0.46687862019248316
circ_01870,CD8+ T cells,1.6416389628176897,1.8478800539300302,0.8475156915454092
circ_01871,CD8+ T cells,0.44483575545980814,0.5904068265833227,0.7342097484045746
circ_01872,CD4+ T cells,1.173476617482061,1.2108408775726143,0.7730861786669199
circ_01873,Dendritic cells,8.563873219979481,0.6739375123762144,0.5043813383551199
circ_01874,B cells,1.9528385769589574,0.5707360102873043,0.6440992568358678
circ_01875,Dendritic cells,5.996755227596507,1.2202904706871172,0.3562248198896212
circ_01876,Macrophages,8.827573904030466,1.3724473948345643,0.6884143011013403
circ_01877,NK cells,8.671081823403545,1.9832446780508428,0.5978613678624015
circ_01878,NK cells,6.982477568579865,0.7324557111750949,0.864741561550163
circ_01879,Dendritic cells,7.631815509397823,1.1897360468506242,0.5311568964711678
circ_01880,Dendritic cells,1.0386736642191685,1.2124499873232997,0.6268494672980772
circ_01881,CD4+ T cells,2.0911840927205363,1.0955043465112693,0.7923527655707229
circ_01882,Dendritic cells,2.4400211086548196,0.9996879124050588,0.6144055754820439
circ_01883,B cells,9.864274718189684,1.8439982364113487,0.19943819669510615
circ_01884,NK cells,5.3014677343445165,0.848183176262371,0.9287842179212247
circ_01885,Macrophages,1.8391852510043682,1.234192849952235,0.8743688240213441
circ_01886,NK cells,3.4821990735367567,0.12909769342426025,0.745904933932526
circ_01887,Dendritic cells,3.6018436448871882,0.17141585175141927,0.3499373454964774
circ_01888,B cells,3.384016028475215,1.6002458786744338,0.4011494933552685
circ_01889,B cells,6.691278113444721,0.5448786702252728,0.6164272760903737
circ_01890,CD8+ T cells,3.3688771733156586,0.5789108093402657,0.18675203056881945
circ_01891,Dendritic cells,1.138891852270546,0.04085402002301497,0.4470020382514768
circ_01892,Dendritic cells,0.1302550562109006,0.3780805651985164,0.8274006680186995
circ_01893,CD8+ T cells,8.796482684365738,0.03399837560514185,0.5963357633757075
circ_01894,NK cells,5.341657082715546,1.351638063792997,0.20689705455042906
circ_01895,Dendritic cells,8.986043381718682,0.09484688558789434,0.8599270172808766
circ_01896,NK cells,7.430438854262014,1.202792651587028,0.5071051629805312
circ_01897,Macrophages,3.344399500936195,1.782904382841549,0.937554512618152
circ_01898,Macrophages,3.4427778350109772,0.3967368254492831,0.9818176867101356
circ_01899,B cells,8.205528525520187,0.016374947285207497,0.9888653239981796
circ_01900,Macrophages,6.295660665692388,0.9965661968790369,0.6232425955705005
circ_01901,NK cells,5.4355884220507775,0.5109303343032852,0.4460608140869208
circ_01902,B cells,9.433499544448336,1.1187993319738498,0.7667877581582682
circ_01903,CD4+ T cells,9.420404577822914,1.8631816423181706,0.22010285290719173
circ_01904,NK cells,0.8182464371162512,0.8415043192322751,0.798120840670913
circ_01905,Macrophages,7.54984402671714,1.098260654209621,0.3626238336821507
circ_01906,Dendritic cells,0.5041220674422153,0.6013131544647501,0.32881312579333766
circ_01907,Macrophages,6.567057003871697,1.4927685857714255,0.5495382279252441
circ_01908,Macrophages,0.27008510813315123,0.38702895619883093,0.3871836647667418
circ_01909,Dendritic cells,3.0661995655812,0.30807816918657593,0.14381930373147309
circ_01910,CD8+ T cells,1.545913407340348,0.6706766739385199,0.18706352633734352
circ_01911,B cells,3.3409179903780215,0.6715909096070944,0.8177819688206284
circ_01912,Dendritic cells,7.178816001591223,0.7064860222555047,0.9130736442233405
circ_01913,Dendritic cells,5.1386929970903905,0.5156613016182954,0.2635263687830973
circ_01914,CD4+ T cells,1.1727215017585957,0.4281588269569878,0.7786431623295897
circ_01915,NK cells,2.2960143846115324,0.6945432479103117,0.7632977003254823
circ_01916,NK cells,2.61647644019116,1.9031908158542132,0.30950372395487186
circ_01917,CD8+ T cells,5.133477852940027,0.08500813670647545,0.18781151476125765
circ_01918,NK cells,6.342630076212781,1.56607580461592,0.811409079135291
circ_01919,Macrophages,1.3610913871141606,0.38978392995544153,0.35577044583682893
circ_01920,CD8+ T cells,7.7559657589899835,0.18728214441352775,0.3066073305425412
circ_01921,Dendritic cells,7.280130540475486,0.3714416354477188,0.21212718650313328
circ_01922,CD8+ T cells,9.484351352585115,1.1840414092937004,0.4597953387725864
circ_01923,CD8+ T cells,0.963179753907869,0.20443624148878126,0.14338278492300005
circ_01924,B cells,8.149194113598421,0.03809820833273503,0.40482406618305267
circ_01925,CD4+ T cells,0.8910803844728243,0.6192198383513057,0.316777455237755
circ_01926,B cells,4.916688457016352,0.7951452682396196,0.20006237896026083
circ_01927,NK cells,8.943862954241302,0.5999328213674182,0.2691314106098836
circ_01928,Dendritic cells,2.1625426288867144,1.308008556667394,0.3756043574175003
circ_01929,Macrophages,3.198834664740864,1.534022819555248,0.4895628798731769
circ_01930,CD8+ T cells,4.056959650594863,1.6937000434094431,0.20171221810726353
circ_01931,Dendritic cells,1.6398898558651709,1.5247274464756215,0.20636760453708597
circ_01932,B cells,4.8987040545798894,0.8424447921379741,0.7544263416803196
circ_01933,Dendritic cells,4.088583005587438,1.915123477142742,0.9510511042031337
circ_01934,NK cells,5.05562860797418,1.960771128249684,0.6824550024725818
circ_01935,NK cells,7.347179131330241,1.1964235702505925,0.24969115576715484
circ_01936,Macrophages,8.846864004616657,0.9396056823108285,0.9524378984086037
circ_01937,CD4+ T cells,9.413300741994645,0.32311201339319373,0.8215614376563939
circ_01938,NK cells,4.365105225737117,0.2735334671939704,0.38102643647835177
circ_01939,CD8+ T cells,4.633254738299065,0.17365244549347314,0.8826604849423115
circ_01940,CD4+ T cells,4.515306007880033,0.22975652779997402,0.8993911058755532
circ_01941,CD4+ T cells,4.103710008890154,0.8102332413611695,0.4921840135826352
circ_01942,B cells,1.9097946625683415,0.8951212918681926,0.10410648910180938
circ_01943,NK cells,4.760639938844805,1.0682212570685692,0.8930384035642556
circ_01944,CD8+ T cells,3.425163885290019,1.3388132844132463,0.27451454974319417
circ_01945,NK cells,2.319333282532888,0.8902331817988314,0.7467800255324807
circ_01946,NK cells,6.0935299120028965,1.0890586584220106,0.8190257372264673
circ_01947,Dendritic cells,6.327240983860458,0.33306748705119515,0.11095705637028329
circ_01948,CD4+ T cells,5.356005811196391,0.8835344156207225,0.1502075376752463
circ_01949,CD4+ T cells,3.44392318395472,1.1566903114502156,0.3573226111223159
circ_01950,CD8+ T cells,6.046206754691344,0.23226776529930615,0.23473165347337377
circ_01951,NK cells,7.869091045712896,1.5073286438159406,0.6026978258453823
circ_01952,B cells,8.628699685351016,0.17499783420202153,0.4599308103738291
circ_01953,Dendritic cells,7.728401369773224,0.5928663751480283,0.3729596981714959
circ_01954,NK cells,5.544483179469905,0.2914903435617,0.6100718036729662
circ_01955,NK cells,1.7266930349204623,1.5677182942334917,0.8200191936369564
circ_01956,B cells,3.0454682646613396,1.4714487111196644,0.9966528042343723
circ_01957,CD4+ T cells,2.4647676542037553,0.6596402666696326,0.3058028901537756
circ_01958,Dendritic cells,9.682044763538078,1.7828118790427647,0.46322598556955363
circ_01959,NK cells,4.186193587508495,1.5811610254300141,0.8165154519718432
circ_01960,CD8+ T cells,0.28731409135304364,1.3164632634783768,0.10108697310826709
circ_01961,Dendritic cells,5.867899519391678,0.38259136123433835,0.3808820886769785
circ_01962,CD4+ T cells,2.567418721930985,0.2943823266304355,0.4231068220398413
circ_01963,Dendritic cells,1.3855773718223008,0.6018916113019617,0.2266852235700374
circ_01964,CD4+ T cells,1.791412470888315,1.3924277243452452,0.5169045573012491
circ_01965,Macrophages,4.353204863666823,0.7160669816993579,0.4650666612546178
circ_01966,Dendritic cells,5.552994296095562,0.871822801885721,0.8983820630824317
circ_01967,CD8+ T cells,1.339690990007919,0.6709430680424706,0.7835852629878444
circ_01968,CD4+ T cells,5.58342136761243,0.2963468027041736,0.7104106784018245
circ_01969,CD8+ T cells,0.3889502620536045,0.2771661473981577,0.1864289056095763
circ_01970,Macrophages,5.591106109109443,1.153427928724433,0.46145735467557814
circ_01971,CD4+ T cells,1.6283547623260297,0.458174256701225,0.19639676493124147
circ_01972,Dendritic cells,3.682572302212488,0.5377360103185307,0.41338853132347697
circ_01973,Macrophages,9.692226942697067,0.5781725877859423,0.34446245614614723
circ_01974,Macrophages,7.379108251550475,1.2617944718620697,0.6108209494427042
circ_01975,B cells,9.38048217009117,1.7831472951686826,0.9873462078427647
circ_01976,B cells,4.859989561868482,1.644241890921815,0.9503732157586673
circ_01977,CD4+ T cells,0.8550839571266766,0.796898368359408,0.29281542854413056
circ_01978,CD4+ T cells,5.965640820816347,0.6711179903478404,0.19185839492539647
circ_01979,CD8+ T cells,0.3154191821588359,0.17242585099680174,0.7984187443117229
circ_01980,Macrophages,4.025794789568071,1.8686579336260831,0.3081376126690729
circ_01981,CD8+ T cells,7.68493090165417,0.4806008266562052,0.5878134305925352
circ_01982,Dendritic cells,2.353900782787118,0.45732226559825295,0.6532000035299622
circ_01983,B cells,6.354963145253713,1.0144624410483583,0.5658540362745594
circ_01984,B cells,4.739867717484012,0.2857732976489764,0.42515981536440683
circ_01985,Dendritic cells,0.43282997442776305,0.18649453574889718,0.11388187812689132
circ_01986,CD4+ T cells,3.315878047604548,0.8485592208944606,0.5218699271335538
circ_01987,Dendritic cells,7.419547970510376,0.7047459668054699,0.7390396191612455
circ_01988,B cells,0.17838558647705005,1.2066585580113098,0.4493992568160371
circ_01989,NK cells,7.505787777528764,1.932302186418112,0.13499320716184282
circ_01990,NK cells,9.587604286053473,1.0081008021754927,0.9747002875100168
circ_01991,CD4+ T cells,6.114397697622463,1.201722316916887,0.5237938924536375
circ_01992,B cells,2.881125338670808,0.3898859688392631,0.619738984405183
circ_01993,CD8+ T cells,9.838423011080526,0.6273594397682265,0.9283234347108763
circ_01994,CD4+ T cells,8.354267052592077,1.983843763144967,0.31949730034480844
circ_01995,Dendritic cells,0.6905175281662557,1.236429260929864,0.1904240380317523
circ_01996,CD8+ T cells,9.574687096269146,0.7619419681252477,0.37920831394234455
circ_01997,NK cells,9.561772922686217,1.7698051750388146,0.988620023355993
circ_01998,Dendritic cells,9.578338542256478,1.3258698600459788,0.7733407456031488
circ_01999,B cells,0.8965999337738961,0.1962876090131347,0.6833382365790386
